timestamp,y_real,y_pred,residuos,residuos_abs,residuos_pct
2025-06-26 22:00:00+00:00,1367.31,1493.61,-126.30,126.30,-9.24
2025-06-26 23:00:00+00:00,2879.63,2922.72,-43.09,43.09,-1.50
2025-06-27 00:00:00+00:00,3326.62,3597.83,-271.20,271.20,-8.15
2025-06-27 01:00:00+00:00,3714.42,3937.91,-223.49,223.49,-6.02
2025-06-27 02:00:00+00:00,4640.33,4802.34,-162.01,162.01,-3.49
2025-06-27 03:00:00+00:00,4482.52,4648.17,-165.65,165.65,-3.70
2025-06-27 04:00:00+00:00,4928.58,5123.72,-195.13,195.13,-3.96
2025-06-27 05:00:00+00:00,3256.54,3531.76,-275.22,275.22,-8.45
2025-06-27 06:00:00+00:00,2569.28,2563.31,5.97,5.97,0.23
2025-06-27 07:00:00+00:00,731.47,523.73,207.74,207.74,28.40
2025-06-27 08:00:00+00:00,-210.72,-325.28,114.56,114.56,-54.37
2025-06-27 09:00:00+00:00,-2284.01,-2143.29,-140.71,140.71,6.16
2025-06-27 10:00:00+00:00,-11016.74,-11250.37,233.62,233.62,-2.12
2025-06-27 11:00:00+00:00,-3785.35,-4348.72,563.36,563.36,-14.88
2025-06-27 12:00:00+00:00,892.05,363.36,528.69,528.69,59.27
2025-06-27 13:00:00+00:00,-3451.73,-3416.34,-35.38,35.38,1.03
2025-06-27 16:00:00+00:00,-1704.36,-1810.31,105.96,105.96,-6.22
2025-06-27 17:00:00+00:00,-1288.82,-1144.92,-143.90,143.90,11.16
2025-06-27 18:00:00+00:00,-266.70,-802.67,535.97,535.97,-200.96
2025-06-27 19:00:00+00:00,-768.07,-1132.53,364.46,364.46,-47.45
2025-06-27 20:00:00+00:00,-11895.88,-12259.13,363.24,363.24,-3.05
2025-06-27 22:00:00+00:00,1583.20,-782.09,2365.28,2365.28,149.40
2025-06-27 23:00:00+00:00,2621.35,1102.77,1518.58,1518.58,57.93
2025-06-28 00:00:00+00:00,2935.70,3278.72,-343.02,343.02,-11.68
2025-06-28 01:00:00+00:00,3346.03,3421.71,-75.68,75.68,-2.26
2025-06-28 02:00:00+00:00,5006.87,4646.71,360.17,360.17,7.19
2025-06-28 03:00:00+00:00,4664.23,4916.48,-252.24,252.24,-5.41
2025-06-28 04:00:00+00:00,4882.35,4953.17,-70.82,70.82,-1.45
2025-06-28 05:00:00+00:00,5029.39,4908.63,120.76,120.76,2.40
2025-06-28 06:00:00+00:00,3776.82,3673.72,103.10,103.10,2.73
2025-06-28 07:00:00+00:00,1905.52,2048.60,-143.07,143.07,-7.51
2025-06-28 08:00:00+00:00,4380.38,3948.75,431.63,431.63,9.85
2025-06-28 09:00:00+00:00,-3363.30,-2563.53,-799.77,799.77,23.78
2025-06-28 10:00:00+00:00,-1066.07,-1624.50,558.43,558.43,-52.38
2025-06-28 11:00:00+00:00,-6446.46,-6220.94,-225.52,225.52,3.50
2025-06-28 12:00:00+00:00,-6225.80,-6005.22,-220.58,220.58,3.54
2025-06-28 13:00:00+00:00,-5931.24,-6076.43,145.19,145.19,-2.45
2025-06-28 14:00:00+00:00,-5450.46,-5482.64,32.17,32.17,-0.59
2025-06-28 15:00:00+00:00,-4343.39,-4087.02,-256.37,256.37,5.90
2025-06-28 16:00:00+00:00,-3165.13,-3080.13,-85.00,85.00,2.69
2025-06-28 17:00:00+00:00,-3120.64,-2831.94,-288.70,288.70,9.25
2025-06-28 18:00:00+00:00,-2155.97,-2422.16,266.19,266.19,-12.35
2025-06-28 19:00:00+00:00,3941.21,3192.00,749.20,749.20,19.01
2025-06-28 20:00:00+00:00,327.61,98.13,229.48,229.48,70.05
2025-06-28 21:00:00+00:00,731.12,700.34,30.78,30.78,4.21
2025-06-28 22:00:00+00:00,390.64,743.42,-352.78,352.78,-90.31
2025-06-28 23:00:00+00:00,15.00,975.83,-960.83,960.83,-6407.42
2025-06-29 00:00:00+00:00,989.87,1822.26,-832.39,832.39,-84.09
2025-06-29 01:00:00+00:00,6119.66,5401.98,717.68,717.68,11.73
2025-06-29 02:00:00+00:00,5688.78,6131.75,-442.97,442.97,-7.79
2025-06-29 03:00:00+00:00,4059.19,4461.94,-402.75,402.75,-9.92
2025-06-29 04:00:00+00:00,4896.61,5074.93,-178.32,178.32,-3.64
2025-06-29 05:00:00+00:00,5179.32,4981.90,197.43,197.43,3.81
2025-06-29 06:00:00+00:00,4661.73,4520.26,141.48,141.48,3.03
2025-06-29 07:00:00+00:00,4001.14,4043.24,-42.10,42.10,-1.05
2025-06-29 08:00:00+00:00,2932.29,2847.14,85.15,85.15,2.90
2025-06-29 09:00:00+00:00,-623.15,-655.80,32.65,32.65,-5.24
2025-06-29 10:00:00+00:00,-3927.55,-3832.56,-94.99,94.99,2.42
2025-06-29 11:00:00+00:00,-5320.11,-5186.67,-133.44,133.44,2.51
2025-06-29 12:00:00+00:00,-6603.31,-6556.61,-46.70,46.70,0.71
2025-06-29 13:00:00+00:00,-7568.34,-7337.50,-230.84,230.84,3.05
2025-06-29 14:00:00+00:00,-4733.30,-4870.46,137.16,137.16,-2.90
2025-06-29 15:00:00+00:00,-4265.59,-4197.12,-68.47,68.47,1.61
2025-06-29 16:00:00+00:00,-2789.89,-3002.32,212.42,212.42,-7.61
2025-06-29 17:00:00+00:00,-1434.41,-2089.29,654.88,654.88,-45.66
2025-06-29 18:00:00+00:00,-660.56,-1318.73,658.18,658.18,-99.64
2025-06-29 19:00:00+00:00,-10544.80,-11245.30,700.50,700.50,-6.64
2025-06-29 20:00:00+00:00,7135.13,5904.58,1230.55,1230.55,17.25
2025-06-29 21:00:00+00:00,-754.33,-891.20,136.86,136.86,-18.14
2025-06-29 22:00:00+00:00,7296.52,7819.48,-522.96,522.96,-7.17
2025-06-29 23:00:00+00:00,3415.07,4579.42,-1164.35,1164.35,-34.09
2025-06-30 00:00:00+00:00,3875.86,4143.47,-267.61,267.61,-6.90
2025-06-30 01:00:00+00:00,4724.00,5667.07,-943.08,943.08,-19.96
2025-06-30 02:00:00+00:00,5365.12,6093.50,-728.37,728.37,-13.58
2025-06-30 03:00:00+00:00,4298.75,4733.62,-434.86,434.86,-10.12
2025-06-30 04:00:00+00:00,5021.73,5334.03,-312.30,312.30,-6.22
2025-06-30 05:00:00+00:00,5531.56,5239.55,292.02,292.02,5.28
2025-06-30 06:00:00+00:00,2864.05,2832.21,31.84,31.84,1.11
2025-06-30 07:00:00+00:00,-1752.86,-1596.91,-155.95,155.95,8.90
2025-06-30 08:00:00+00:00,-211.59,-951.56,739.97,739.97,-349.72
2025-06-30 09:00:00+00:00,-582.10,-1476.97,894.87,894.87,-153.73
2025-06-30 10:00:00+00:00,-4635.64,-4366.69,-268.95,268.95,5.80
2025-06-30 11:00:00+00:00,-5354.92,-5235.20,-119.72,119.72,2.24
2025-06-30 12:00:00+00:00,-6736.39,-6532.40,-203.99,203.99,3.03
2025-06-30 13:00:00+00:00,-6301.91,-6431.30,129.39,129.39,-2.05
2025-06-30 14:00:00+00:00,-7095.32,-7260.39,165.07,165.07,-2.33
2025-06-30 15:00:00+00:00,-4673.95,-5977.82,1303.87,1303.87,-27.90
2025-06-30 16:00:00+00:00,-5275.79,-6438.76,1162.97,1162.97,-22.04
2025-06-30 17:00:00+00:00,-1017.32,-2300.97,1283.65,1283.65,-126.18
2025-06-30 18:00:00+00:00,-172.14,-1076.08,903.94,903.94,-525.11
2025-06-30 19:00:00+00:00,-1668.89,-2137.64,468.76,468.76,-28.09
2025-06-30 20:00:00+00:00,-2659.02,-3153.93,494.91,494.91,-18.61
2025-06-30 21:00:00+00:00,-365.84,-624.88,259.04,259.04,-70.81
2025-06-30 22:00:00+00:00,1381.45,1380.18,1.27,1.27,0.09
2025-06-30 23:00:00+00:00,2460.41,2339.17,121.24,121.24,4.93
2025-07-01 00:00:00+00:00,4277.45,3878.38,399.06,399.06,9.33
2025-07-01 01:00:00+00:00,4601.02,5189.50,-588.48,588.48,-12.79
2025-07-01 02:00:00+00:00,5152.42,5669.43,-517.01,517.01,-10.03
2025-07-01 03:00:00+00:00,5195.71,5709.41,-513.71,513.71,-9.89
2025-07-01 04:00:00+00:00,5642.26,5976.11,-333.85,333.85,-5.92
2025-07-01 05:00:00+00:00,5234.73,5427.02,-192.29,192.29,-3.67
2025-07-01 06:00:00+00:00,3675.08,3504.08,171.00,171.00,4.65
2025-07-01 07:00:00+00:00,2920.93,2408.63,512.31,512.31,17.54
2025-07-01 08:00:00+00:00,192.97,180.46,12.51,12.51,6.48
2025-07-01 09:00:00+00:00,-2853.21,-2644.27,-208.94,208.94,7.32
2025-07-01 10:00:00+00:00,-3138.59,-3115.56,-23.03,23.03,0.73
2025-07-01 11:00:00+00:00,-5083.30,-5279.56,196.26,196.26,-3.86
2025-07-01 12:00:00+00:00,-5720.44,-5860.38,139.95,139.95,-2.45
2025-07-01 13:00:00+00:00,-5045.80,-5467.24,421.44,421.44,-8.35
2025-07-01 14:00:00+00:00,-4985.20,-4762.77,-222.42,222.42,4.46
2025-07-01 15:00:00+00:00,-3763.64,-3884.98,121.34,121.34,-3.22
2025-07-01 16:00:00+00:00,-2786.93,-2892.39,105.46,105.46,-3.78
2025-07-01 17:00:00+00:00,-1737.64,-1952.08,214.44,214.44,-12.34
2025-07-01 18:00:00+00:00,-1331.46,-1795.45,463.99,463.99,-34.85
2025-07-01 19:00:00+00:00,-2533.94,-2565.23,31.29,31.29,-1.23
2025-07-01 20:00:00+00:00,-2738.50,-2957.05,218.55,218.55,-7.98
2025-07-01 21:00:00+00:00,-566.63,-1047.21,480.57,480.57,-84.81
2025-07-01 22:00:00+00:00,970.71,220.78,749.93,749.93,77.26
2025-07-01 23:00:00+00:00,1618.23,1781.19,-162.96,162.96,-10.07
2025-07-02 00:00:00+00:00,3180.83,3648.81,-467.98,467.98,-14.71
2025-07-02 01:00:00+00:00,4768.37,4991.60,-223.23,223.23,-4.68
2025-07-02 02:00:00+00:00,3780.14,4692.36,-912.22,912.22,-24.13
2025-07-02 03:00:00+00:00,8477.40,8876.64,-399.25,399.25,-4.71
2025-07-02 04:00:00+00:00,5611.76,5876.70,-264.94,264.94,-4.72
2025-07-02 05:00:00+00:00,5164.70,5327.85,-163.15,163.15,-3.16
2025-07-02 06:00:00+00:00,2093.08,2193.26,-100.18,100.18,-4.79
2025-07-02 07:00:00+00:00,-1979.01,-1973.74,-5.27,5.27,0.27
2025-07-02 08:00:00+00:00,-3967.80,-3826.09,-141.71,141.71,3.57
2025-07-02 09:00:00+00:00,6754.06,6744.21,9.85,9.85,0.15
2025-07-02 10:00:00+00:00,-6506.23,-5984.57,-521.66,521.66,8.02
2025-07-02 11:00:00+00:00,-6023.99,-5937.09,-86.89,86.89,1.44
2025-07-02 12:00:00+00:00,-5752.20,-5911.13,158.92,158.92,-2.76
2025-07-02 13:00:00+00:00,-5827.01,-6475.41,648.40,648.40,-11.13
2025-07-02 14:00:00+00:00,-3191.23,-3253.91,62.68,62.68,-1.96
2025-07-02 15:00:00+00:00,-3015.93,-3264.11,248.18,248.18,-8.23
2025-07-02 16:00:00+00:00,44.58,-389.42,434.00,434.00,973.54
2025-07-02 17:00:00+00:00,-230.87,-17.81,-213.06,213.06,92.29
2025-07-02 18:00:00+00:00,-1473.50,-1128.72,-344.77,344.77,23.40
2025-07-02 19:00:00+00:00,-1548.17,-1452.95,-95.22,95.22,6.15
2025-07-02 20:00:00+00:00,-114.23,-758.74,644.50,644.50,-564.20
2025-07-02 21:00:00+00:00,-960.59,-1179.89,219.29,219.29,-22.83
2025-07-02 22:00:00+00:00,397.49,320.64,76.85,76.85,19.33
2025-07-02 23:00:00+00:00,1624.63,1703.79,-79.16,79.16,-4.87
2025-07-03 00:00:00+00:00,4577.43,5047.65,-470.23,470.23,-10.27
2025-07-03 01:00:00+00:00,4969.64,5335.99,-366.35,366.35,-7.37
2025-07-03 02:00:00+00:00,5731.18,6062.13,-330.95,330.95,-5.77
2025-07-03 03:00:00+00:00,4915.18,5100.49,-185.30,185.30,-3.77
2025-07-03 04:00:00+00:00,6307.89,6537.49,-229.60,229.60,-3.64
2025-07-03 05:00:00+00:00,5304.86,5136.08,168.78,168.78,3.18
2025-07-03 06:00:00+00:00,2808.43,2909.29,-100.86,100.86,-3.59
2025-07-03 07:00:00+00:00,2824.55,2572.98,251.57,251.57,8.91
2025-07-03 09:00:00+00:00,-711.97,-755.23,43.26,43.26,-6.08
2025-07-03 10:00:00+00:00,-2489.34,-2506.53,17.19,17.19,-0.69
2025-07-03 11:00:00+00:00,-2075.86,-798.33,-1277.53,1277.53,61.54
2025-07-03 12:00:00+00:00,-1547.50,-1717.73,170.24,170.24,-11.00
2025-07-03 13:00:00+00:00,-1800.21,-2130.09,329.88,329.88,-18.32
2025-07-03 14:00:00+00:00,-1480.57,-1620.66,140.08,140.08,-9.46
2025-07-03 15:00:00+00:00,-1200.28,-997.82,-202.46,202.46,16.87
2025-07-03 16:00:00+00:00,-649.79,-663.35,13.56,13.56,-2.09
2025-07-03 17:00:00+00:00,-240.95,-36.50,-204.44,204.44,84.85
2025-07-03 19:00:00+00:00,184.30,349.30,-165.00,165.00,-89.53
2025-07-03 20:00:00+00:00,-1364.99,-1351.08,-13.91,13.91,1.02
2025-07-03 21:00:00+00:00,2085.78,1329.13,756.65,756.65,36.28
2025-07-03 22:00:00+00:00,39.67,14.62,25.05,25.05,63.15
2025-07-03 23:00:00+00:00,554.24,552.04,2.20,2.20,0.40
2025-07-04 00:00:00+00:00,2362.72,1793.98,568.73,568.73,24.07
2025-07-04 01:00:00+00:00,2974.53,3139.05,-164.52,164.52,-5.53
2025-07-04 02:00:00+00:00,3673.46,2869.75,803.71,803.71,21.88
2025-07-04 03:00:00+00:00,3558.99,3833.47,-274.48,274.48,-7.71
2025-07-04 04:00:00+00:00,1769.96,1850.04,-80.09,80.09,-4.52
2025-07-04 05:00:00+00:00,-1671.33,-2331.25,659.92,659.92,-39.48
2025-07-04 06:00:00+00:00,2023.06,1037.58,985.48,985.48,48.71
2025-07-04 07:00:00+00:00,670.21,987.53,-317.32,317.32,-47.35
2025-07-04 08:00:00+00:00,-445.07,-504.91,59.84,59.84,-13.44
2025-07-04 09:00:00+00:00,-198.29,-463.64,265.35,265.35,-133.82
2025-07-04 10:00:00+00:00,-2300.24,-2597.58,297.34,297.34,-12.93
2025-07-04 11:00:00+00:00,-10516.37,-11142.51,626.14,626.14,-5.95
2025-07-04 12:00:00+00:00,6191.40,6401.04,-209.64,209.64,-3.39
2025-07-04 14:00:00+00:00,-8744.45,-7980.38,-764.07,764.07,8.74
2025-07-04 15:00:00+00:00,186.07,-12.84,198.90,198.90,106.90
2025-07-04 16:00:00+00:00,-1246.01,-2072.73,826.72,826.72,-66.35
2025-07-04 17:00:00+00:00,-387.69,-582.60,194.91,194.91,-50.27
2025-07-04 18:00:00+00:00,-1415.71,-1310.22,-105.49,105.49,7.45
2025-07-04 19:00:00+00:00,-204.83,-713.75,508.92,508.92,-248.46
2025-07-04 20:00:00+00:00,79.19,-191.30,270.49,270.49,341.58
2025-07-04 21:00:00+00:00,3960.05,3640.98,319.07,319.07,8.06
2025-07-04 22:00:00+00:00,396.37,1265.13,-868.77,868.77,-219.18
2025-07-04 23:00:00+00:00,2664.81,2668.72,-3.90,3.90,-0.15
2025-07-05 00:00:00+00:00,2596.82,4237.43,-1640.61,1640.61,-63.18
2025-07-05 01:00:00+00:00,2477.42,3143.32,-665.90,665.90,-26.88
2025-07-05 02:00:00+00:00,-678.22,-356.27,-321.95,321.95,47.47
2025-07-05 03:00:00+00:00,4002.75,3320.11,682.65,682.65,17.05
2025-07-05 04:00:00+00:00,-3532.62,-3961.79,429.17,429.17,-12.15
2025-07-05 06:00:00+00:00,-12228.98,-11928.33,-300.66,300.66,2.46
2025-07-05 08:00:00+00:00,382.87,-247.56,630.42,630.42,164.66
2025-07-05 09:00:00+00:00,-1357.70,-2183.36,825.65,825.65,-60.81
2025-07-05 10:00:00+00:00,-2561.58,-2955.33,393.76,393.76,-15.37
2025-07-05 11:00:00+00:00,-7608.98,-8016.44,407.46,407.46,-5.35
2025-07-05 12:00:00+00:00,-2730.92,-3878.25,1147.33,1147.33,-42.01
2025-07-05 13:00:00+00:00,-6064.49,-6707.79,643.30,643.30,-10.61
2025-07-05 14:00:00+00:00,-4234.22,-4222.27,-11.95,11.95,0.28
2025-07-05 15:00:00+00:00,-4114.87,-4107.70,-7.17,7.17,0.17
2025-07-05 16:00:00+00:00,-3160.59,-3033.26,-127.33,127.33,4.03
2025-07-05 17:00:00+00:00,-1305.08,-1504.60,199.52,199.52,-15.29
2025-07-05 18:00:00+00:00,-927.96,-1168.82,240.86,240.86,-25.96
2025-07-05 19:00:00+00:00,-469.62,-724.34,254.72,254.72,-54.24
2025-07-05 20:00:00+00:00,-261.29,-197.36,-63.93,63.93,24.47
2025-07-05 21:00:00+00:00,537.50,541.82,-4.33,4.33,-0.81
2025-07-05 22:00:00+00:00,949.84,1217.08,-267.24,267.24,-28.14
2025-07-05 23:00:00+00:00,-1702.14,-1097.36,-604.78,604.78,35.53
2025-07-06 00:00:00+00:00,4908.86,4709.68,199.18,199.18,4.06
2025-07-06 01:00:00+00:00,3838.55,3907.12,-68.56,68.56,-1.79
2025-07-06 02:00:00+00:00,6294.67,5965.38,329.29,329.29,5.23
2025-07-06 03:00:00+00:00,5071.29,5280.11,-208.82,208.82,-4.12
2025-07-06 04:00:00+00:00,5509.25,5492.65,16.60,16.60,0.30
2025-07-06 05:00:00+00:00,4567.95,4736.64,-168.69,168.69,-3.69
2025-07-06 06:00:00+00:00,6021.30,5965.82,55.48,55.48,0.92
2025-07-06 07:00:00+00:00,3201.62,3481.70,-280.08,280.08,-8.75
2025-07-06 08:00:00+00:00,1491.31,1513.18,-21.87,21.87,-1.47
2025-07-06 09:00:00+00:00,-14672.09,-13117.08,-1555.01,1555.01,10.60
2025-07-06 10:00:00+00:00,8203.22,7540.68,662.55,662.55,8.08
2025-07-06 11:00:00+00:00,-7043.46,-7368.48,325.02,325.02,-4.61
2025-07-06 12:00:00+00:00,-8079.17,-8140.68,61.51,61.51,-0.76
2025-07-06 13:00:00+00:00,-7578.73,-7801.03,222.31,222.31,-2.93
2025-07-06 14:00:00+00:00,-6084.33,-6332.02,247.70,247.70,-4.07
2025-07-06 15:00:00+00:00,-5323.64,-5214.01,-109.63,109.63,2.06
2025-07-06 16:00:00+00:00,-3111.62,-3551.63,440.01,440.01,-14.14
2025-07-06 17:00:00+00:00,-2145.23,-2328.20,182.97,182.97,-8.53
2025-07-06 18:00:00+00:00,-1543.95,-1865.76,321.81,321.81,-20.84
2025-07-06 19:00:00+00:00,-1341.83,-1886.79,544.96,544.96,-40.61
2025-07-06 20:00:00+00:00,-2216.70,-2541.71,325.01,325.01,-14.66
2025-07-06 21:00:00+00:00,950.21,352.19,598.02,598.02,62.94
2025-07-06 22:00:00+00:00,1724.23,1430.87,293.36,293.36,17.01
2025-07-06 23:00:00+00:00,3477.61,3335.51,142.10,142.10,4.09
2025-07-07 00:00:00+00:00,4442.27,4746.84,-304.57,304.57,-6.86
2025-07-07 01:00:00+00:00,6931.66,7160.71,-229.05,229.05,-3.30
2025-07-07 02:00:00+00:00,5420.98,5816.80,-395.81,395.81,-7.30
2025-07-07 03:00:00+00:00,5318.57,5439.23,-120.66,120.66,-2.27
2025-07-07 04:00:00+00:00,6304.79,6428.87,-124.08,124.08,-1.97
2025-07-07 05:00:00+00:00,5133.33,5253.08,-119.75,119.75,-2.33
2025-07-07 06:00:00+00:00,1738.47,1943.02,-204.55,204.55,-11.77
2025-07-07 07:00:00+00:00,436.26,361.87,74.39,74.39,17.05
2025-07-07 08:00:00+00:00,-904.82,-1084.79,179.97,179.97,-19.89
2025-07-07 09:00:00+00:00,-2634.95,-2779.93,144.98,144.98,-5.50
2025-07-07 10:00:00+00:00,-5988.14,-5659.95,-328.19,328.19,5.48
2025-07-07 11:00:00+00:00,-4048.56,-4262.49,213.93,213.93,-5.28
2025-07-07 12:00:00+00:00,-6094.19,-6076.06,-18.13,18.13,0.30
2025-07-07 13:00:00+00:00,-5630.31,-5718.49,88.18,88.18,-1.57
2025-07-07 14:00:00+00:00,-5157.70,-5276.49,118.79,118.79,-2.30
2025-07-07 15:00:00+00:00,-3841.87,-3647.77,-194.10,194.10,5.05
2025-07-07 16:00:00+00:00,-2486.32,-2615.10,128.77,128.77,-5.18
2025-07-07 17:00:00+00:00,-3392.04,-3249.88,-142.16,142.16,4.19
2025-07-07 18:00:00+00:00,-179.98,-804.52,624.54,624.54,-347.01
2025-07-07 19:00:00+00:00,-1125.79,-1160.70,34.91,34.91,-3.10
2025-07-07 20:00:00+00:00,-1284.28,-1137.99,-146.29,146.29,11.39
2025-07-07 21:00:00+00:00,-1179.21,-921.32,-257.89,257.89,21.87
2025-07-07 22:00:00+00:00,807.64,437.86,369.78,369.78,45.79
2025-07-07 23:00:00+00:00,2804.25,2893.28,-89.03,89.03,-3.17
2025-07-08 00:00:00+00:00,3655.52,3651.58,3.94,3.94,0.11
2025-07-08 01:00:00+00:00,5948.58,5864.03,84.54,84.54,1.42
2025-07-08 02:00:00+00:00,4685.59,4851.90,-166.31,166.31,-3.55
2025-07-08 03:00:00+00:00,3889.81,3986.70,-96.89,96.89,-2.49
2025-07-08 04:00:00+00:00,8012.52,7664.33,348.19,348.19,4.35
2025-07-08 05:00:00+00:00,4652.58,4787.17,-134.59,134.59,-2.89
2025-07-08 06:00:00+00:00,-1521.03,-1580.76,59.74,59.74,-3.93
2025-07-08 07:00:00+00:00,3567.28,3196.33,370.95,370.95,10.40
2025-07-08 08:00:00+00:00,-1549.26,-1399.15,-150.12,150.12,9.69
2025-07-08 09:00:00+00:00,-709.74,-1165.67,455.92,455.92,-64.24
2025-07-08 10:00:00+00:00,-5157.55,-5089.27,-68.29,68.29,1.32
2025-07-08 11:00:00+00:00,695.32,303.08,392.24,392.24,56.41
2025-07-08 12:00:00+00:00,-2018.62,-2027.57,8.95,8.95,-0.44
2025-07-08 13:00:00+00:00,-2577.41,-2689.91,112.50,112.50,-4.36
2025-07-08 14:00:00+00:00,-3467.57,-3183.64,-283.94,283.94,8.19
2025-07-08 15:00:00+00:00,-1781.90,-1676.88,-105.02,105.02,5.89
2025-07-08 16:00:00+00:00,-1107.36,-1039.14,-68.21,68.21,6.16
2025-07-08 17:00:00+00:00,-1279.30,-1113.75,-165.56,165.56,12.94
2025-07-08 18:00:00+00:00,-1543.97,-1487.97,-56.01,56.01,3.63
2025-07-08 19:00:00+00:00,-2172.82,-1859.29,-313.53,313.53,14.43
2025-07-08 20:00:00+00:00,-2120.30,-1803.19,-317.11,317.11,14.96
2025-07-08 21:00:00+00:00,-1048.20,-920.40,-127.80,127.80,12.19
2025-07-08 22:00:00+00:00,-303.96,-563.26,259.30,259.30,-85.31
2025-07-08 23:00:00+00:00,2627.55,2462.38,165.17,165.17,6.29
2025-07-09 00:00:00+00:00,1027.83,1723.82,-695.98,695.98,-67.71
2025-07-09 01:00:00+00:00,5350.40,5137.19,213.21,213.21,3.98
2025-07-09 02:00:00+00:00,4494.89,4696.40,-201.51,201.51,-4.48
2025-07-09 03:00:00+00:00,5008.56,4973.96,34.60,34.60,0.69
2025-07-09 04:00:00+00:00,4965.96,5060.49,-94.52,94.52,-1.90
2025-07-09 05:00:00+00:00,3517.27,3951.65,-434.38,434.38,-12.35
2025-07-09 06:00:00+00:00,1467.45,1356.02,111.43,111.43,7.59
2025-07-09 07:00:00+00:00,-560.47,-658.70,98.23,98.23,-17.53
2025-07-09 08:00:00+00:00,-995.00,-1808.89,813.89,813.89,-81.80
2025-07-09 09:00:00+00:00,-3016.23,-3317.70,301.47,301.47,-10.00
2025-07-09 10:00:00+00:00,-2077.67,-2537.64,459.97,459.97,-22.14
2025-07-09 11:00:00+00:00,-3206.65,-3331.95,125.30,125.30,-3.91
2025-07-09 12:00:00+00:00,-3742.26,-3530.23,-212.03,212.03,5.67
2025-07-09 13:00:00+00:00,-3648.88,-3645.12,-3.76,3.76,0.10
2025-07-09 14:00:00+00:00,-5326.20,-5516.77,190.57,190.57,-3.58
2025-07-09 15:00:00+00:00,-4631.16,-4277.64,-353.52,353.52,7.63
2025-07-09 16:00:00+00:00,-2162.61,-2063.73,-98.88,98.88,4.57
2025-07-09 17:00:00+00:00,-1927.96,-2047.99,120.03,120.03,-6.23
2025-07-09 18:00:00+00:00,373.17,-397.47,770.64,770.64,206.51
2025-07-09 19:00:00+00:00,-1141.59,-1369.12,227.53,227.53,-19.93
2025-07-09 20:00:00+00:00,-1606.22,-1823.14,216.92,216.92,-13.50
2025-07-09 21:00:00+00:00,-621.11,-1562.49,941.38,941.38,-151.56
2025-07-09 22:00:00+00:00,747.39,295.37,452.03,452.03,60.48
2025-07-09 23:00:00+00:00,2198.94,2075.34,123.59,123.59,5.62
2025-07-10 00:00:00+00:00,4368.85,3995.16,373.70,373.70,8.55
2025-07-10 01:00:00+00:00,3385.06,3779.33,-394.27,394.27,-11.65
2025-07-10 02:00:00+00:00,3818.52,4079.52,-261.00,261.00,-6.84
2025-07-10 03:00:00+00:00,5576.60,5503.67,72.92,72.92,1.31
2025-07-10 04:00:00+00:00,5060.52,5021.99,38.53,38.53,0.76
2025-07-10 05:00:00+00:00,3759.86,4107.94,-348.08,348.08,-9.26
2025-07-10 06:00:00+00:00,-5340.76,-6910.65,1569.89,1569.89,-29.39
2025-07-10 07:00:00+00:00,5939.34,4178.26,1761.08,1761.08,29.65
2025-07-10 08:00:00+00:00,-1559.26,-1512.62,-46.64,46.64,2.99
2025-07-10 09:00:00+00:00,-3022.79,-3246.70,223.91,223.91,-7.41
2025-07-10 10:00:00+00:00,-12726.91,-14629.72,1902.80,1902.80,-14.95
2025-07-10 11:00:00+00:00,3734.93,3155.49,579.43,579.43,15.51
2025-07-10 12:00:00+00:00,-5148.25,-5284.91,136.65,136.65,-2.65
2025-07-10 13:00:00+00:00,-5289.05,-5452.11,163.06,163.06,-3.08
2025-07-10 14:00:00+00:00,-4683.78,-4650.83,-32.95,32.95,0.70
2025-07-10 15:00:00+00:00,-2918.87,-3173.54,254.66,254.66,-8.72
2025-07-10 16:00:00+00:00,-3161.42,-3624.22,462.80,462.80,-14.64
2025-07-10 17:00:00+00:00,-2409.88,-3061.91,652.03,652.03,-27.06
2025-07-10 18:00:00+00:00,-729.12,-1280.44,551.32,551.32,-75.61
2025-07-10 19:00:00+00:00,-1222.58,-2048.72,826.14,826.14,-67.57
2025-07-10 20:00:00+00:00,-1685.82,-2428.46,742.65,742.65,-44.05
2025-07-10 21:00:00+00:00,-5182.45,-5495.67,313.22,313.22,-6.04
2025-07-10 22:00:00+00:00,4748.82,4239.79,509.03,509.03,10.72
2025-07-10 23:00:00+00:00,2716.55,2714.07,2.48,2.48,0.09
2025-07-11 00:00:00+00:00,5988.51,5748.99,239.52,239.52,4.00
2025-07-11 01:00:00+00:00,4743.55,4842.27,-98.72,98.72,-2.08
2025-07-11 02:00:00+00:00,-13.62,971.71,-985.33,985.33,7233.05
2025-07-11 03:00:00+00:00,11448.62,11039.96,408.67,408.67,3.57
2025-07-11 04:00:00+00:00,6746.82,6879.93,-133.11,133.11,-1.97
2025-07-11 05:00:00+00:00,5309.90,5476.11,-166.21,166.21,-3.13
2025-07-11 06:00:00+00:00,3245.72,3321.04,-75.32,75.32,-2.32
2025-07-11 07:00:00+00:00,1172.33,1318.43,-146.09,146.09,-12.46
2025-07-11 08:00:00+00:00,242.97,-201.77,444.74,444.74,183.04
2025-07-11 09:00:00+00:00,-1633.07,-1730.10,97.03,97.03,-5.94
2025-07-11 10:00:00+00:00,-3682.60,-3715.60,33.00,33.00,-0.90
2025-07-11 11:00:00+00:00,-3965.20,-3835.82,-129.38,129.38,3.26
2025-07-11 12:00:00+00:00,-5038.99,-4943.84,-95.15,95.15,1.89
2025-07-11 13:00:00+00:00,-3245.83,-3521.81,275.98,275.98,-8.50
2025-07-11 14:00:00+00:00,-4096.55,-3855.33,-241.22,241.22,5.89
2025-07-11 15:00:00+00:00,-2868.88,-2960.72,91.84,91.84,-3.20
2025-07-11 16:00:00+00:00,-1899.87,-2388.87,489.00,489.00,-25.74
2025-07-11 17:00:00+00:00,-2020.07,-2587.60,567.52,567.52,-28.09
2025-07-11 18:00:00+00:00,-430.53,-956.79,526.26,526.26,-122.24
2025-07-11 19:00:00+00:00,-3397.77,-3586.68,188.90,188.90,-5.56
2025-07-11 20:00:00+00:00,1144.65,487.18,657.47,657.47,57.44
2025-07-11 21:00:00+00:00,-80.30,-781.67,701.37,701.37,-873.42
2025-07-11 22:00:00+00:00,1128.97,975.04,153.93,153.93,13.63
2025-07-11 23:00:00+00:00,1572.27,1508.21,64.05,64.05,4.07
2025-07-12 00:00:00+00:00,4225.14,4007.36,217.79,217.79,5.15
2025-07-12 01:00:00+00:00,4526.36,4588.01,-61.65,61.65,-1.36
2025-07-12 02:00:00+00:00,5103.08,5232.04,-128.96,128.96,-2.53
2025-07-12 03:00:00+00:00,5605.90,5542.89,63.02,63.02,1.12
2025-07-12 04:00:00+00:00,5268.13,5407.91,-139.78,139.78,-2.65
2025-07-12 05:00:00+00:00,369.02,845.22,-476.20,476.20,-129.04
2025-07-12 06:00:00+00:00,5552.00,5030.13,521.88,521.88,9.40
2025-07-12 07:00:00+00:00,2034.95,3046.84,-1011.89,1011.89,-49.73
2025-07-12 08:00:00+00:00,2259.37,1995.40,263.97,263.97,11.68
2025-07-12 09:00:00+00:00,-437.91,-724.98,287.07,287.07,-65.55
2025-07-12 10:00:00+00:00,-3567.84,-3249.42,-318.41,318.41,8.92
2025-07-12 11:00:00+00:00,-4997.19,-4608.99,-388.20,388.20,7.77
2025-07-12 12:00:00+00:00,-6789.31,-6601.06,-188.25,188.25,2.77
2025-07-12 13:00:00+00:00,-7193.33,-6717.17,-476.16,476.16,6.62
2025-07-12 14:00:00+00:00,-6379.87,-6499.70,119.83,119.83,-1.88
2025-07-12 15:00:00+00:00,-4192.30,-4343.09,150.78,150.78,-3.60
2025-07-12 16:00:00+00:00,-2875.38,-3416.73,541.34,541.34,-18.83
2025-07-12 17:00:00+00:00,-2241.92,-3075.14,833.22,833.22,-37.17
2025-07-12 18:00:00+00:00,-4189.22,-4967.84,778.62,778.62,-18.59
2025-07-12 19:00:00+00:00,2081.13,1519.23,561.90,561.90,27.00
2025-07-12 20:00:00+00:00,428.35,-382.46,810.81,810.81,189.29
2025-07-12 21:00:00+00:00,372.47,272.92,99.55,99.55,26.73
2025-07-12 22:00:00+00:00,1310.08,1254.78,55.31,55.31,4.22
2025-07-12 23:00:00+00:00,2018.07,2266.01,-247.94,247.94,-12.29
2025-07-13 00:00:00+00:00,4992.50,4614.33,378.18,378.18,7.57
2025-07-13 01:00:00+00:00,2937.52,3377.13,-439.61,439.61,-14.97
2025-07-13 02:00:00+00:00,6508.32,6339.98,168.34,168.34,2.59
2025-07-13 03:00:00+00:00,5275.55,5510.79,-235.25,235.25,-4.46
2025-07-13 04:00:00+00:00,5026.64,5019.74,6.90,6.90,0.14
2025-07-13 05:00:00+00:00,3277.12,3592.22,-315.10,315.10,-9.62
2025-07-13 06:00:00+00:00,2030.97,1690.42,340.55,340.55,16.77
2025-07-13 07:00:00+00:00,5912.19,4890.69,1021.49,1021.49,17.28
2025-07-13 08:00:00+00:00,2336.44,2129.95,206.48,206.48,8.84
2025-07-13 09:00:00+00:00,576.43,1672.03,-1095.59,1095.59,-190.06
2025-07-13 10:00:00+00:00,-1237.34,-1940.59,703.26,703.26,-56.84
2025-07-13 11:00:00+00:00,-3923.63,-3122.82,-800.82,800.82,20.41
2025-07-13 12:00:00+00:00,-6097.99,-5635.72,-462.27,462.27,7.58
2025-07-13 13:00:00+00:00,-8391.27,-7939.86,-451.41,451.41,5.38
2025-07-13 14:00:00+00:00,-4099.72,-4649.42,549.69,549.69,-13.41
2025-07-13 15:00:00+00:00,-2232.00,-2818.17,586.16,586.16,-26.26
2025-07-13 16:00:00+00:00,-3016.55,-3153.54,136.99,136.99,-4.54
2025-07-13 17:00:00+00:00,-1835.57,-2333.17,497.60,497.60,-27.11
2025-07-13 18:00:00+00:00,-1325.76,-2143.01,817.24,817.24,-61.64
2025-07-13 19:00:00+00:00,-1702.21,-2377.24,675.02,675.02,-39.66
2025-07-13 20:00:00+00:00,-1284.00,-1630.17,346.17,346.17,-26.96
2025-07-13 21:00:00+00:00,-2140.36,-2626.15,485.79,485.79,-22.70
2025-07-13 22:00:00+00:00,2346.35,1490.12,856.23,856.23,36.49
2025-07-13 23:00:00+00:00,3706.58,3673.74,32.84,32.84,0.89
2025-07-14 00:00:00+00:00,3993.16,3923.58,69.58,69.58,1.74
2025-07-14 01:00:00+00:00,4090.79,4130.15,-39.36,39.36,-0.96
2025-07-14 02:00:00+00:00,4275.00,4497.60,-222.60,222.60,-5.21
2025-07-14 03:00:00+00:00,4521.09,4621.48,-100.39,100.39,-2.22
2025-07-14 04:00:00+00:00,6057.56,5848.02,209.54,209.54,3.46
2025-07-14 05:00:00+00:00,2454.05,2866.16,-412.11,412.11,-16.79
2025-07-14 06:00:00+00:00,1340.39,1570.32,-229.93,229.93,-17.15
2025-07-14 07:00:00+00:00,-191.34,-239.57,48.23,48.23,-25.21
2025-07-14 08:00:00+00:00,-44.06,-348.67,304.61,304.61,-691.31
2025-07-14 09:00:00+00:00,-3327.03,-2871.13,-455.90,455.90,13.70
2025-07-14 10:00:00+00:00,-5408.69,-5101.27,-307.42,307.42,5.68
2025-07-14 11:00:00+00:00,-5035.86,-4926.84,-109.01,109.01,2.16
2025-07-14 12:00:00+00:00,-7541.12,-7203.34,-337.78,337.78,4.48
2025-07-14 13:00:00+00:00,-2948.55,-3163.93,215.39,215.39,-7.30
2025-07-14 14:00:00+00:00,-3397.58,-3436.81,39.22,39.22,-1.15
2025-07-14 15:00:00+00:00,-1485.79,-1572.01,86.22,86.22,-5.80
2025-07-14 16:00:00+00:00,-415.04,-842.06,427.03,427.03,-102.89
2025-07-14 17:00:00+00:00,-670.29,-631.27,-39.02,39.02,5.82
2025-07-14 18:00:00+00:00,-1188.90,-1593.93,405.03,405.03,-34.07
2025-07-14 19:00:00+00:00,-933.36,-1324.11,390.75,390.75,-41.87
2025-07-14 20:00:00+00:00,-383.78,-663.71,279.93,279.93,-72.94
2025-07-14 21:00:00+00:00,-1775.31,-1854.31,79.00,79.00,-4.45
2025-07-14 22:00:00+00:00,2838.09,2229.82,608.27,608.27,21.43
2025-07-14 23:00:00+00:00,954.65,1219.05,-264.40,264.40,-27.70
2025-07-15 00:00:00+00:00,4442.89,4225.34,217.55,217.55,4.90
2025-07-15 01:00:00+00:00,9375.23,9737.66,-362.42,362.42,-3.87
2025-07-15 02:00:00+00:00,5610.05,5834.83,-224.78,224.78,-4.01
2025-07-15 03:00:00+00:00,5718.70,5862.82,-144.12,144.12,-2.52
2025-07-15 04:00:00+00:00,8930.13,8134.30,795.83,795.83,8.91
2025-07-15 05:00:00+00:00,4160.13,4490.67,-330.54,330.54,-7.95
2025-07-15 06:00:00+00:00,5785.71,5787.26,-1.55,1.55,-0.03
2025-07-15 07:00:00+00:00,905.78,1370.34,-464.56,464.56,-51.29
2025-07-15 08:00:00+00:00,84.75,-264.01,348.76,348.76,411.52
2025-07-15 09:00:00+00:00,-1897.48,-1522.13,-375.35,375.35,19.78
2025-07-15 10:00:00+00:00,-3016.61,-3150.04,133.42,133.42,-4.42
2025-07-15 11:00:00+00:00,-4045.61,-3954.79,-90.82,90.82,2.24
2025-07-15 12:00:00+00:00,-4206.94,-3876.64,-330.30,330.30,7.85
2025-07-15 13:00:00+00:00,-4560.57,-4469.15,-91.41,91.41,2.00
2025-07-15 14:00:00+00:00,-4512.70,-4377.42,-135.28,135.28,3.00
2025-07-15 15:00:00+00:00,-3072.67,-3106.44,33.77,33.77,-1.10
2025-07-15 16:00:00+00:00,-2674.18,-3143.49,469.30,469.30,-17.55
2025-07-15 17:00:00+00:00,-1157.55,-2014.90,857.36,857.36,-74.07
2025-07-15 18:00:00+00:00,-1635.23,-2173.79,538.56,538.56,-32.93
2025-07-15 19:00:00+00:00,-615.94,-839.75,223.81,223.81,-36.34
2025-07-15 20:00:00+00:00,-2673.84,-2690.11,16.27,16.27,-0.61
2025-07-15 21:00:00+00:00,237.80,-247.40,485.21,485.21,204.04
2025-07-15 22:00:00+00:00,2204.89,1850.53,354.35,354.35,16.07
2025-07-15 23:00:00+00:00,1864.12,2122.47,-258.35,258.35,-13.86
2025-07-16 00:00:00+00:00,2263.31,2243.84,19.46,19.46,0.86
2025-07-16 01:00:00+00:00,2842.53,3179.42,-336.88,336.88,-11.85
2025-07-16 02:00:00+00:00,4141.80,4323.15,-181.35,181.35,-4.38
2025-07-16 03:00:00+00:00,4004.25,4136.90,-132.66,132.66,-3.31
2025-07-16 04:00:00+00:00,4388.31,4464.67,-76.35,76.35,-1.74
2025-07-16 05:00:00+00:00,3619.92,3680.49,-60.56,60.56,-1.67
2025-07-16 06:00:00+00:00,3876.13,3301.65,574.48,574.48,14.82
2025-07-16 07:00:00+00:00,3243.90,2399.72,844.19,844.19,26.02
2025-07-16 08:00:00+00:00,2359.45,2049.09,310.36,310.36,13.15
2025-07-16 09:00:00+00:00,-2241.65,-1963.50,-278.15,278.15,12.41
2025-07-16 10:00:00+00:00,-6008.38,-5719.01,-289.38,289.38,4.82
2025-07-16 11:00:00+00:00,-7543.39,-7149.09,-394.30,394.30,5.23
2025-07-16 12:00:00+00:00,-9684.18,-9660.58,-23.60,23.60,0.24
2025-07-16 13:00:00+00:00,-8396.57,-8835.41,438.83,438.83,-5.23
2025-07-16 14:00:00+00:00,-6232.58,-6464.57,231.98,231.98,-3.72
2025-07-16 15:00:00+00:00,-4673.58,-5088.18,414.59,414.59,-8.87
2025-07-16 16:00:00+00:00,-3287.73,-3891.12,603.39,603.39,-18.35
2025-07-16 17:00:00+00:00,-3267.31,-3429.00,161.69,161.69,-4.95
2025-07-16 18:00:00+00:00,343.65,-1559.09,1902.74,1902.74,553.68
2025-07-16 19:00:00+00:00,-944.50,-1847.91,903.41,903.41,-95.65
2025-07-16 20:00:00+00:00,23.01,-127.44,150.46,150.46,653.78
2025-07-16 21:00:00+00:00,375.74,392.98,-17.25,17.25,-4.59
2025-07-16 22:00:00+00:00,-70.42,710.37,-780.79,780.79,1108.80
2025-07-16 23:00:00+00:00,4910.31,4803.73,106.58,106.58,2.17
2025-07-17 00:00:00+00:00,3932.59,4162.42,-229.83,229.83,-5.84
2025-07-17 01:00:00+00:00,5881.24,5810.53,70.71,70.71,1.20
2025-07-17 02:00:00+00:00,6704.35,6673.07,31.28,31.28,0.47
2025-07-17 03:00:00+00:00,5198.43,5478.32,-279.89,279.89,-5.38
2025-07-17 04:00:00+00:00,4541.93,4841.01,-299.08,299.08,-6.58
2025-07-17 05:00:00+00:00,2557.78,2682.47,-124.69,124.69,-4.88
2025-07-17 06:00:00+00:00,3394.51,3763.21,-368.70,368.70,-10.86
2025-07-17 07:00:00+00:00,12.91,-23.52,36.43,36.43,282.22
2025-07-17 08:00:00+00:00,-1153.44,-1358.74,205.30,205.30,-17.80
2025-07-17 09:00:00+00:00,-2942.03,-2739.71,-202.32,202.32,6.88
2025-07-17 10:00:00+00:00,-3297.12,-1870.04,-1427.08,1427.08,43.28
2025-07-17 11:00:00+00:00,-6911.59,-6575.26,-336.33,336.33,4.87
2025-07-17 12:00:00+00:00,-3005.24,-3306.95,301.71,301.71,-10.04
2025-07-17 13:00:00+00:00,-4725.95,-4528.56,-197.39,197.39,4.18
2025-07-17 14:00:00+00:00,-4154.66,-4262.47,107.81,107.81,-2.59
2025-07-17 15:00:00+00:00,-3071.03,-3487.78,416.75,416.75,-13.57
2025-07-17 16:00:00+00:00,-2041.68,-2395.54,353.85,353.85,-17.33
2025-07-17 17:00:00+00:00,-2707.72,-3214.06,506.34,506.34,-18.70
2025-07-17 18:00:00+00:00,-190.32,-1013.41,823.09,823.09,-432.48
2025-07-17 19:00:00+00:00,410.70,-309.03,719.72,719.72,175.24
2025-07-17 20:00:00+00:00,-440.64,-958.08,517.43,517.43,-117.43
2025-07-17 21:00:00+00:00,-176.49,64.25,-240.73,240.73,136.40
2025-07-17 22:00:00+00:00,1309.98,1226.87,83.12,83.12,6.34
2025-07-17 23:00:00+00:00,2192.07,2377.24,-185.17,185.17,-8.45
2025-07-18 00:00:00+00:00,2526.83,3090.78,-563.94,563.94,-22.32
2025-07-18 01:00:00+00:00,5890.43,6095.44,-205.01,205.01,-3.48
2025-07-18 02:00:00+00:00,5986.66,5988.24,-1.58,1.58,-0.03
2025-07-18 03:00:00+00:00,6371.15,6149.05,222.10,222.10,3.49
2025-07-18 04:00:00+00:00,4127.88,4387.60,-259.72,259.72,-6.29
2025-07-18 05:00:00+00:00,4339.91,4468.95,-129.05,129.05,-2.97
2025-07-18 06:00:00+00:00,2626.52,2734.93,-108.41,108.41,-4.13
2025-07-18 07:00:00+00:00,-485.91,-409.81,-76.11,76.11,15.66
2025-07-18 08:00:00+00:00,-1769.42,-1974.10,204.68,204.68,-11.57
2025-07-18 09:00:00+00:00,-3539.74,-3306.95,-232.78,232.78,6.58
2025-07-18 10:00:00+00:00,-13540.09,-12293.75,-1246.34,1246.34,9.20
2025-07-18 11:00:00+00:00,4309.83,2931.17,1378.66,1378.66,31.99
2025-07-18 12:00:00+00:00,-4198.19,-4164.98,-33.21,33.21,0.79
2025-07-18 13:00:00+00:00,-4350.67,-4048.73,-301.95,301.95,6.94
2025-07-18 14:00:00+00:00,-2988.44,-3074.68,86.24,86.24,-2.89
2025-07-18 15:00:00+00:00,-3923.94,-3733.35,-190.59,190.59,4.86
2025-07-18 16:00:00+00:00,-2345.39,-3015.46,670.08,670.08,-28.57
2025-07-18 17:00:00+00:00,-1755.14,-2569.01,813.87,813.87,-46.37
2025-07-18 18:00:00+00:00,-1170.87,-2233.99,1063.13,1063.13,-90.80
2025-07-18 19:00:00+00:00,-271.53,-540.53,269.00,269.00,-99.07
2025-07-18 20:00:00+00:00,-141.98,-748.02,606.03,606.03,-426.83
2025-07-18 21:00:00+00:00,278.31,-307.93,586.24,586.24,210.64
2025-07-18 22:00:00+00:00,1975.20,1401.37,573.84,573.84,29.05
2025-07-18 23:00:00+00:00,2366.47,2498.59,-132.12,132.12,-5.58
2025-07-19 00:00:00+00:00,4615.63,4544.49,71.14,71.14,1.54
2025-07-19 01:00:00+00:00,4672.50,4993.39,-320.89,320.89,-6.87
2025-07-19 02:00:00+00:00,5759.74,5879.99,-120.25,120.25,-2.09
2025-07-19 03:00:00+00:00,4860.44,5026.57,-166.13,166.13,-3.42
2025-07-19 04:00:00+00:00,3349.67,3517.09,-167.42,167.42,-5.00
2025-07-19 05:00:00+00:00,5096.21,5133.14,-36.93,36.93,-0.72
2025-07-19 06:00:00+00:00,7406.14,7273.46,132.68,132.68,1.79
2025-07-19 07:00:00+00:00,4119.23,4172.89,-53.66,53.66,-1.30
2025-07-19 08:00:00+00:00,736.60,1089.62,-353.02,353.02,-47.93
2025-07-19 09:00:00+00:00,-2048.61,-1468.73,-579.88,579.88,28.31
2025-07-19 10:00:00+00:00,-4676.08,-4334.53,-341.55,341.55,7.30
2025-07-19 11:00:00+00:00,-6977.77,-6851.82,-125.95,125.95,1.81
2025-07-19 12:00:00+00:00,-7702.95,-7638.25,-64.70,64.70,0.84
2025-07-19 13:00:00+00:00,-6690.14,-6714.13,23.99,23.99,-0.36
2025-07-19 14:00:00+00:00,-6160.75,-6400.68,239.93,239.93,-3.89
2025-07-19 15:00:00+00:00,-5007.26,-5277.41,270.15,270.15,-5.40
2025-07-19 16:00:00+00:00,-3766.29,-4307.69,541.41,541.41,-14.38
2025-07-19 17:00:00+00:00,-2117.62,-2803.15,685.53,685.53,-32.37
2025-07-19 18:00:00+00:00,-1540.96,-1718.42,177.46,177.46,-11.52
2025-07-19 19:00:00+00:00,-1281.76,-2120.51,838.75,838.75,-65.44
2025-07-19 20:00:00+00:00,356.07,-186.37,542.44,542.44,152.34
2025-07-19 21:00:00+00:00,-193.75,-146.18,-47.57,47.57,24.55
2025-07-19 22:00:00+00:00,1449.98,1281.87,168.10,168.10,11.59
2025-07-19 23:00:00+00:00,2400.74,2483.85,-83.11,83.11,-3.46
2025-07-20 00:00:00+00:00,3020.26,2988.54,31.72,31.72,1.05
2025-07-20 01:00:00+00:00,3912.93,4052.06,-139.12,139.12,-3.56
2025-07-20 02:00:00+00:00,4700.32,4555.02,145.30,145.30,3.09
2025-07-20 03:00:00+00:00,5785.14,5764.33,20.81,20.81,0.36
2025-07-20 04:00:00+00:00,6481.45,6560.75,-79.30,79.30,-1.22
2025-07-20 05:00:00+00:00,4700.78,4983.81,-283.03,283.03,-6.02
2025-07-20 06:00:00+00:00,5383.32,4979.40,403.92,403.92,7.50
2025-07-20 07:00:00+00:00,2520.96,2818.88,-297.92,297.92,-11.82
2025-07-20 08:00:00+00:00,3883.20,3613.37,269.83,269.83,6.95
2025-07-20 09:00:00+00:00,31.64,86.18,-54.53,54.53,-172.33
2025-07-20 10:00:00+00:00,-2036.05,-1926.00,-110.05,110.05,5.40
2025-07-20 11:00:00+00:00,-5694.82,-5248.43,-446.39,446.39,7.84
2025-07-20 12:00:00+00:00,-7233.77,-6818.65,-415.12,415.12,5.74
2025-07-20 13:00:00+00:00,-6570.66,-6425.40,-145.26,145.26,2.21
2025-07-20 14:00:00+00:00,-5426.93,-5408.23,-18.70,18.70,0.34
2025-07-20 15:00:00+00:00,-4464.87,-4654.87,190.00,190.00,-4.26
2025-07-20 16:00:00+00:00,-3335.51,-3687.01,351.51,351.51,-10.54
2025-07-20 17:00:00+00:00,-16418.19,-17360.23,942.04,942.04,-5.74
2025-07-20 18:00:00+00:00,11486.22,7304.92,4181.30,4181.30,36.40
2025-07-20 19:00:00+00:00,-906.47,-1058.93,152.46,152.46,-16.82
2025-07-20 20:00:00+00:00,-399.40,-849.44,450.04,450.04,-112.68
2025-07-20 21:00:00+00:00,-866.83,-1229.54,362.71,362.71,-41.84
2025-07-20 22:00:00+00:00,901.99,778.65,123.34,123.34,13.67
2025-07-20 23:00:00+00:00,-720.99,-516.42,-204.57,204.57,28.37
2025-07-21 00:00:00+00:00,7614.44,6999.26,615.18,615.18,8.08
2025-07-21 01:00:00+00:00,4512.89,4619.20,-106.30,106.30,-2.36
2025-07-21 02:00:00+00:00,6125.48,6134.38,-8.90,8.90,-0.15
2025-07-21 03:00:00+00:00,5116.09,5394.79,-278.70,278.70,-5.45
2025-07-21 04:00:00+00:00,2423.98,2889.37,-465.39,465.39,-19.20
2025-07-21 05:00:00+00:00,3970.16,4258.62,-288.46,288.46,-7.27
2025-07-21 06:00:00+00:00,4626.91,4135.27,491.64,491.64,10.63
2025-07-21 07:00:00+00:00,-320.34,609.92,-930.26,930.26,290.40
2025-07-21 08:00:00+00:00,-412.54,-535.52,122.99,122.99,-29.81
2025-07-21 09:00:00+00:00,-2987.32,-2923.35,-63.97,63.97,2.14
2025-07-21 10:00:00+00:00,-4430.19,-4750.93,320.74,320.74,-7.24
2025-07-21 11:00:00+00:00,-7208.20,-7257.73,49.53,49.53,-0.69
2025-07-21 12:00:00+00:00,-2832.19,-3241.58,409.39,409.39,-14.45
2025-07-21 13:00:00+00:00,-5174.16,-4997.45,-176.71,176.71,3.42
2025-07-21 14:00:00+00:00,-3915.77,-4089.50,173.72,173.72,-4.44
2025-07-21 15:00:00+00:00,-2007.56,-2779.83,772.27,772.27,-38.47
2025-07-21 16:00:00+00:00,-2603.00,-3326.99,723.98,723.98,-27.81
2025-07-21 17:00:00+00:00,-1357.66,-2106.63,748.97,748.97,-55.17
2025-07-21 18:00:00+00:00,-1562.75,-1834.92,272.17,272.17,-17.42
2025-07-21 19:00:00+00:00,-1018.14,-1572.71,554.57,554.57,-54.47
2025-07-21 20:00:00+00:00,-175.78,-742.63,566.85,566.85,-322.47
2025-07-21 21:00:00+00:00,75.13,-173.35,248.49,248.49,330.72
2025-07-21 22:00:00+00:00,774.14,1028.57,-254.43,254.43,-32.87
2025-07-21 23:00:00+00:00,3222.74,3323.21,-100.47,100.47,-3.12
2025-07-22 00:00:00+00:00,5299.95,5035.63,264.32,264.32,4.99
2025-07-22 01:00:00+00:00,3599.07,3600.57,-1.49,1.49,-0.04
2025-07-22 02:00:00+00:00,8763.79,8953.01,-189.22,189.22,-2.16
2025-07-22 03:00:00+00:00,5472.49,5624.39,-151.90,151.90,-2.78
2025-07-22 04:00:00+00:00,5833.90,5664.76,169.14,169.14,2.90
2025-07-22 05:00:00+00:00,6457.47,6496.70,-39.23,39.23,-0.61
2025-07-22 06:00:00+00:00,3509.81,3512.26,-2.44,2.44,-0.07
2025-07-22 07:00:00+00:00,342.74,850.20,-507.46,507.46,-148.06
2025-07-22 08:00:00+00:00,-1782.65,-1908.44,125.79,125.79,-7.06
2025-07-22 09:00:00+00:00,-2549.91,-2719.44,169.53,169.53,-6.65
2025-07-22 10:00:00+00:00,-1161.58,-1382.81,221.24,221.24,-19.05
2025-07-22 11:00:00+00:00,-9178.71,-9089.66,-89.06,89.06,0.97
2025-07-22 12:00:00+00:00,336.14,-21.13,357.27,357.27,106.29
2025-07-22 13:00:00+00:00,-3700.66,-3350.23,-350.43,350.43,9.47
2025-07-22 16:00:00+00:00,7799.87,6668.60,1131.26,1131.26,14.50
2025-07-22 17:00:00+00:00,-2675.74,-2848.57,172.84,172.84,-6.46
2025-07-22 18:00:00+00:00,-3190.03,-3337.90,147.87,147.87,-4.64
2025-07-22 19:00:00+00:00,-3330.42,-3391.17,60.75,60.75,-1.82
2025-07-22 20:00:00+00:00,-4175.71,-4098.46,-77.25,77.25,1.85
2025-07-22 21:00:00+00:00,-2976.58,-3402.75,426.17,426.17,-14.32
2025-07-22 22:00:00+00:00,4030.70,3471.04,559.66,559.66,13.88
2025-07-22 23:00:00+00:00,3090.18,3004.46,85.71,85.71,2.77
2025-07-23 00:00:00+00:00,3194.44,3318.19,-123.76,123.76,-3.87
2025-07-23 01:00:00+00:00,6126.08,5838.25,287.83,287.83,4.70
2025-07-23 02:00:00+00:00,7051.42,6964.24,87.18,87.18,1.24
2025-07-23 03:00:00+00:00,4481.05,4963.98,-482.93,482.93,-10.78
2025-07-23 04:00:00+00:00,5605.42,5727.40,-121.98,121.98,-2.18
2025-07-23 05:00:00+00:00,-3472.38,-3021.05,-451.33,451.33,13.00
2025-07-23 06:00:00+00:00,10068.48,8955.20,1113.27,1113.27,11.06
2025-07-23 07:00:00+00:00,-324.84,0.92,-325.76,325.76,100.28
2025-07-23 08:00:00+00:00,-670.12,-821.38,151.27,151.27,-22.57
2025-07-23 09:00:00+00:00,-1149.20,-1554.45,405.26,405.26,-35.26
2025-07-23 10:00:00+00:00,-3219.48,-3154.12,-65.35,65.35,2.03
2025-07-23 11:00:00+00:00,-2524.70,-2862.91,338.21,338.21,-13.40
2025-07-23 12:00:00+00:00,-3158.90,-2833.26,-325.64,325.64,10.31
2025-07-23 13:00:00+00:00,-15559.21,-14729.59,-829.61,829.61,5.33
2025-07-23 14:00:00+00:00,4970.80,3254.58,1716.22,1716.22,34.53
2025-07-23 15:00:00+00:00,-2949.89,-2917.47,-32.43,32.43,1.10
2025-07-23 16:00:00+00:00,65.09,-759.36,824.45,824.45,1266.60
2025-07-23 17:00:00+00:00,775.20,359.38,415.82,415.82,53.64
2025-07-23 18:00:00+00:00,-1102.82,-1324.19,221.37,221.37,-20.07
2025-07-23 19:00:00+00:00,-2225.56,-2532.27,306.70,306.70,-13.78
2025-07-23 20:00:00+00:00,-748.40,-1092.92,344.52,344.52,-46.03
2025-07-23 21:00:00+00:00,-582.66,-918.16,335.50,335.50,-57.58
2025-07-23 22:00:00+00:00,653.16,475.70,177.46,177.46,27.17
2025-07-23 23:00:00+00:00,2225.49,2138.61,86.88,86.88,3.90
2025-07-24 00:00:00+00:00,2966.75,3056.00,-89.25,89.25,-3.01
2025-07-24 01:00:00+00:00,3632.50,3745.66,-113.16,113.16,-3.12
2025-07-24 02:00:00+00:00,3508.36,3657.38,-149.02,149.02,-4.25
2025-07-24 03:00:00+00:00,4069.99,4229.55,-159.56,159.56,-3.92
2025-07-24 04:00:00+00:00,4053.48,4412.21,-358.73,358.73,-8.85
2025-07-24 05:00:00+00:00,3745.79,3794.16,-48.37,48.37,-1.29
2025-07-24 06:00:00+00:00,1530.78,1352.74,178.05,178.05,11.63
2025-07-24 07:00:00+00:00,246.31,-48.06,294.37,294.37,119.51
2025-07-24 08:00:00+00:00,-2042.18,-1930.87,-111.31,111.31,5.45
2025-07-24 09:00:00+00:00,-2111.86,-2191.14,79.27,79.27,-3.75
2025-07-24 10:00:00+00:00,-3189.65,-3140.42,-49.23,49.23,1.54
2025-07-24 11:00:00+00:00,-3705.79,-3203.27,-502.53,502.53,13.56
2025-07-24 12:00:00+00:00,-3917.06,-4023.91,106.85,106.85,-2.73
2025-07-24 13:00:00+00:00,-5461.12,-5225.94,-235.18,235.18,4.31
2025-07-24 14:00:00+00:00,-2937.63,-3203.65,266.02,266.02,-9.06
2025-07-24 15:00:00+00:00,-4345.42,-4390.30,44.88,44.88,-1.03
2025-07-24 16:00:00+00:00,-613.55,-1003.11,389.56,389.56,-63.49
2025-07-24 17:00:00+00:00,-1885.03,-2300.27,415.24,415.24,-22.03
2025-07-24 18:00:00+00:00,-1668.46,-2200.70,532.24,532.24,-31.90
2025-07-24 19:00:00+00:00,-3749.57,-3814.17,64.60,64.60,-1.72
2025-07-24 20:00:00+00:00,-1997.02,-2608.07,611.06,611.06,-30.60
2025-07-24 21:00:00+00:00,762.87,-168.67,931.54,931.54,122.11
2025-07-24 22:00:00+00:00,1703.11,1468.96,234.15,234.15,13.75
2025-07-24 23:00:00+00:00,2676.69,2775.19,-98.50,98.50,-3.68
2025-07-25 00:00:00+00:00,1374.44,2732.13,-1357.69,1357.69,-98.78
2025-07-25 01:00:00+00:00,7066.32,6680.72,385.60,385.60,5.46
2025-07-25 02:00:00+00:00,5232.53,5375.00,-142.48,142.48,-2.72
2025-07-25 03:00:00+00:00,6119.05,6226.50,-107.45,107.45,-1.76
2025-07-25 04:00:00+00:00,4849.51,5206.85,-357.34,357.34,-7.37
2025-07-25 05:00:00+00:00,4349.88,4394.61,-44.73,44.73,-1.03
2025-07-25 06:00:00+00:00,-755.28,-392.21,-363.07,363.07,48.07
2025-07-25 07:00:00+00:00,4485.22,3524.41,960.80,960.80,21.42
2025-07-25 08:00:00+00:00,-573.91,-366.27,-207.65,207.65,36.18
2025-07-25 11:00:00+00:00,-2622.73,-2744.71,121.98,121.98,-4.65
2025-07-25 12:00:00+00:00,-13976.78,-12534.68,-1442.11,1442.11,10.32
2025-07-25 13:00:00+00:00,5315.24,4638.19,677.05,677.05,12.74
2025-07-25 14:00:00+00:00,-3449.92,-3030.88,-419.04,419.04,12.15
2025-07-25 15:00:00+00:00,-3376.18,-2859.41,-516.76,516.76,15.31
2025-07-25 16:00:00+00:00,-1741.58,-2230.68,489.10,489.10,-28.08
2025-07-25 17:00:00+00:00,-4283.50,-4699.40,415.89,415.89,-9.71
2025-07-25 18:00:00+00:00,1609.54,1110.04,499.50,499.50,31.03
2025-07-25 19:00:00+00:00,-450.89,-471.46,20.57,20.57,-4.56
2025-07-25 20:00:00+00:00,-477.06,-705.05,227.99,227.99,-47.79
2025-07-25 21:00:00+00:00,-1417.41,-1780.04,362.63,362.63,-25.58
2025-07-25 22:00:00+00:00,739.60,378.23,361.37,361.37,48.86
2025-07-25 23:00:00+00:00,787.27,714.45,72.82,72.82,9.25
2025-07-26 00:00:00+00:00,5256.11,5077.45,178.65,178.65,3.40
2025-07-26 01:00:00+00:00,4290.68,4371.54,-80.86,80.86,-1.88
2025-07-26 02:00:00+00:00,5235.10,5148.57,86.53,86.53,1.65
2025-07-26 03:00:00+00:00,5906.42,6050.23,-143.81,143.81,-2.43
2025-07-26 04:00:00+00:00,2479.83,2843.77,-363.94,363.94,-14.68
2025-07-26 05:00:00+00:00,7105.50,7068.05,37.45,37.45,0.53
2025-07-26 06:00:00+00:00,3838.73,3665.51,173.22,173.22,4.51
2025-07-26 07:00:00+00:00,4204.11,3828.37,375.73,375.73,8.94
2025-07-26 08:00:00+00:00,1030.54,811.95,218.59,218.59,21.21
2025-07-26 09:00:00+00:00,-5892.00,-5481.87,-410.12,410.12,6.96
2025-07-26 10:00:00+00:00,1540.28,3.82,1536.46,1536.46,99.75
2025-07-26 11:00:00+00:00,-5082.77,-4853.89,-228.88,228.88,4.50
2025-07-26 12:00:00+00:00,-6380.61,-6607.00,226.38,226.38,-3.55
2025-07-26 13:00:00+00:00,-8215.88,-7329.85,-886.04,886.04,10.78
2025-07-26 14:00:00+00:00,-2856.57,-3287.97,431.40,431.40,-15.10
2025-07-26 15:00:00+00:00,-4812.89,-4488.79,-324.10,324.10,6.73
2025-07-26 16:00:00+00:00,-2285.52,-2728.12,442.60,442.60,-19.37
2025-07-26 17:00:00+00:00,-2042.88,-2489.46,446.57,446.57,-21.86
2025-07-26 18:00:00+00:00,-1199.82,-1522.47,322.65,322.65,-26.89
2025-07-26 19:00:00+00:00,-213.12,-599.22,386.09,386.09,-181.16
2025-07-26 20:00:00+00:00,33.12,-322.36,355.48,355.48,1073.16
2025-07-26 21:00:00+00:00,18.86,-4.66,23.52,23.52,124.72
2025-07-26 22:00:00+00:00,-511.41,-553.07,41.66,41.66,-8.15
2025-07-26 23:00:00+00:00,4124.82,3915.58,209.24,209.24,5.07
2025-07-27 00:00:00+00:00,3657.49,3723.95,-66.46,66.46,-1.82
2025-07-27 01:00:00+00:00,4596.70,4770.71,-174.01,174.01,-3.79
2025-07-27 02:00:00+00:00,4083.59,4330.26,-246.67,246.67,-6.04
2025-07-27 03:00:00+00:00,4083.26,4540.99,-457.72,457.72,-11.21
2025-07-27 04:00:00+00:00,4791.54,5112.23,-320.69,320.69,-6.69
2025-07-27 05:00:00+00:00,3355.26,3491.85,-136.58,136.58,-4.07
2025-07-27 06:00:00+00:00,8494.22,8238.57,255.66,255.66,3.01
2025-07-27 07:00:00+00:00,4650.03,4755.41,-105.38,105.38,-2.27
2025-07-27 08:00:00+00:00,-2259.73,-1226.78,-1032.95,1032.95,45.71
2025-07-27 09:00:00+00:00,3131.44,2659.72,471.72,471.72,15.06
2025-07-27 10:00:00+00:00,-3362.20,-2843.92,-518.28,518.28,15.41
2025-07-27 11:00:00+00:00,-7679.47,-7951.24,271.77,271.77,-3.54
2025-07-27 12:00:00+00:00,-6549.66,-7070.90,521.24,521.24,-7.96
2025-07-27 13:00:00+00:00,-7718.59,-7690.46,-28.13,28.13,0.36
2025-07-27 14:00:00+00:00,-6770.93,-7057.99,287.06,287.06,-4.24
2025-07-27 15:00:00+00:00,-4687.80,-5205.39,517.59,517.59,-11.04
2025-07-27 16:00:00+00:00,-4898.30,-5116.71,218.40,218.40,-4.46
2025-07-27 17:00:00+00:00,-2102.21,-2499.09,396.89,396.89,-18.88
2025-07-27 18:00:00+00:00,-2134.46,-2319.13,184.66,184.66,-8.65
2025-07-27 19:00:00+00:00,-2147.62,-2552.59,404.97,404.97,-18.86
2025-07-27 20:00:00+00:00,-1582.89,-2272.37,689.48,689.48,-43.56
2025-07-27 21:00:00+00:00,-515.99,-1963.10,1447.10,1447.10,-280.45
2025-07-27 22:00:00+00:00,254.65,-1377.32,1631.98,1631.98,640.86
2025-07-27 23:00:00+00:00,3421.79,3492.50,-70.71,70.71,-2.07
2025-07-28 00:00:00+00:00,4326.57,4123.59,202.98,202.98,4.69
2025-07-28 01:00:00+00:00,4616.97,4669.37,-52.40,52.40,-1.14
2025-07-28 02:00:00+00:00,5564.28,5621.35,-57.07,57.07,-1.03
2025-07-28 03:00:00+00:00,6101.72,6180.64,-78.92,78.92,-1.29
2025-07-28 04:00:00+00:00,6350.14,6480.97,-130.83,130.83,-2.06
2025-07-28 05:00:00+00:00,5162.86,5094.00,68.87,68.87,1.33
2025-07-28 06:00:00+00:00,1847.31,2046.72,-199.41,199.41,-10.79
2025-07-28 07:00:00+00:00,1321.94,1136.13,185.81,185.81,14.06
2025-07-28 08:00:00+00:00,255.56,27.65,227.91,227.91,89.18
2025-07-28 09:00:00+00:00,-1362.57,-1547.26,184.69,184.69,-13.55
2025-07-28 10:00:00+00:00,-6741.57,-6351.01,-390.56,390.56,5.79
2025-07-28 11:00:00+00:00,-5487.06,-5150.67,-336.39,336.39,6.13
2025-07-28 12:00:00+00:00,-5849.62,-6354.25,504.64,504.64,-8.63
2025-07-28 13:00:00+00:00,-4224.93,-4095.91,-129.02,129.02,3.05
2025-07-28 14:00:00+00:00,-4628.20,-4629.14,0.94,0.94,-0.02
2025-07-28 15:00:00+00:00,-3172.46,-3211.96,39.50,39.50,-1.25
2025-07-28 16:00:00+00:00,-3981.40,-3951.59,-29.81,29.81,0.75
2025-07-28 17:00:00+00:00,-6752.90,-6949.90,197.01,197.01,-2.92
2025-07-28 18:00:00+00:00,2931.43,3174.33,-242.90,242.90,-8.29
2025-07-28 19:00:00+00:00,793.24,985.30,-192.06,192.06,-24.21
2025-07-28 20:00:00+00:00,-1264.47,-1519.47,255.00,255.00,-20.17
2025-07-28 21:00:00+00:00,-261.67,-469.38,207.71,207.71,-79.38
2025-07-28 22:00:00+00:00,1494.27,1560.17,-65.90,65.90,-4.41
2025-07-28 23:00:00+00:00,3029.82,3068.24,-38.42,38.42,-1.27
2025-07-29 00:00:00+00:00,5478.11,5546.14,-68.03,68.03,-1.24
2025-07-29 01:00:00+00:00,4343.27,4727.07,-383.80,383.80,-8.84
2025-07-29 02:00:00+00:00,6759.94,6732.90,27.04,27.04,0.40
2025-07-29 03:00:00+00:00,4767.10,5221.78,-454.68,454.68,-9.54
2025-07-29 04:00:00+00:00,9341.27,9600.47,-259.20,259.20,-2.77
2025-07-29 05:00:00+00:00,4264.92,4395.83,-130.91,130.91,-3.07
2025-07-29 06:00:00+00:00,2284.11,1972.99,311.12,311.12,13.62
2025-07-29 07:00:00+00:00,-144.53,87.55,-232.08,232.08,160.58
2025-07-29 08:00:00+00:00,3333.65,2252.41,1081.25,1081.25,32.43
2025-07-29 09:00:00+00:00,-2533.65,-2812.20,278.55,278.55,-10.99
2025-07-29 10:00:00+00:00,-3508.46,-3765.63,257.16,257.16,-7.33
2025-07-29 11:00:00+00:00,-4047.31,-4114.95,67.64,67.64,-1.67
2025-07-29 12:00:00+00:00,-5259.74,-5224.90,-34.84,34.84,0.66
2025-07-29 13:00:00+00:00,-4702.85,-4933.93,231.08,231.08,-4.91
2025-07-29 14:00:00+00:00,-4164.16,-4442.93,278.78,278.78,-6.69
2025-07-29 15:00:00+00:00,-11101.33,-10688.79,-412.54,412.54,3.72
2025-07-29 16:00:00+00:00,4647.42,4384.36,263.06,263.06,5.66
2025-07-29 17:00:00+00:00,-2495.16,-2572.25,77.09,77.09,-3.09
2025-07-29 18:00:00+00:00,-2034.89,-1850.33,-184.55,184.55,9.07
2025-07-29 19:00:00+00:00,-1635.96,-1906.96,271.00,271.00,-16.57
2025-07-29 20:00:00+00:00,-4666.05,-4505.51,-160.54,160.54,3.44
2025-07-29 21:00:00+00:00,2232.76,1900.41,332.35,332.35,14.88
2025-07-29 22:00:00+00:00,1172.04,1126.50,45.54,45.54,3.89
2025-07-29 23:00:00+00:00,2056.33,2319.43,-263.10,263.10,-12.79
2025-07-30 00:00:00+00:00,3783.24,3766.83,16.42,16.42,0.43
2025-07-30 01:00:00+00:00,5246.94,5505.46,-258.51,258.51,-4.93
2025-07-30 02:00:00+00:00,4986.58,5280.34,-293.76,293.76,-5.89
2025-07-30 03:00:00+00:00,6024.30,5955.74,68.56,68.56,1.14
2025-07-30 04:00:00+00:00,4771.68,4788.02,-16.34,16.34,-0.34
2025-07-30 05:00:00+00:00,3842.78,4114.20,-271.42,271.42,-7.06
2025-07-30 06:00:00+00:00,-610.17,-836.42,226.24,226.24,-37.08
2025-07-30 07:00:00+00:00,2108.81,1401.66,707.15,707.15,33.53
2025-07-30 08:00:00+00:00,3971.08,2038.25,1932.83,1932.83,48.67
2025-07-30 09:00:00+00:00,-775.41,-646.26,-129.14,129.14,16.65
2025-07-30 10:00:00+00:00,-2288.38,-1813.74,-474.63,474.63,20.74
2025-07-30 11:00:00+00:00,-3041.70,-2951.67,-90.03,90.03,2.96
2025-07-30 12:00:00+00:00,-4629.77,-4420.48,-209.29,209.29,4.52
2025-07-30 13:00:00+00:00,-1178.12,-1192.90,14.78,14.78,-1.25
2025-07-30 14:00:00+00:00,-2410.97,-2350.61,-60.35,60.35,2.50
2025-07-30 15:00:00+00:00,-1740.88,-2251.55,510.67,510.67,-29.33
2025-07-30 16:00:00+00:00,-1283.30,-1154.80,-128.50,128.50,10.01
2025-07-30 17:00:00+00:00,-460.57,-681.49,220.92,220.92,-47.97
2025-07-30 18:00:00+00:00,-3472.99,-3354.04,-118.95,118.95,3.42
2025-07-30 21:00:00+00:00,-482.54,-583.07,100.53,100.53,-20.83
2025-07-30 22:00:00+00:00,-48.37,-373.60,325.23,325.23,-672.35
2025-07-30 23:00:00+00:00,4819.21,4550.68,268.53,268.53,5.57
2025-07-31 00:00:00+00:00,852.02,1120.43,-268.41,268.41,-31.50
2025-07-31 01:00:00+00:00,3506.07,3693.09,-187.02,187.02,-5.33
2025-07-31 02:00:00+00:00,2848.68,3208.59,-359.91,359.91,-12.63
2025-07-31 03:00:00+00:00,4135.48,4425.28,-289.80,289.80,-7.01
2025-07-31 04:00:00+00:00,3085.04,3905.58,-820.54,820.54,-26.60
2025-07-31 05:00:00+00:00,2947.66,3214.51,-266.85,266.85,-9.05
2025-07-31 06:00:00+00:00,1510.55,1479.18,31.37,31.37,2.08
2025-07-31 07:00:00+00:00,-723.10,-827.73,104.63,104.63,-14.47
2025-07-31 08:00:00+00:00,3021.08,1961.02,1060.06,1060.06,35.09
2025-07-31 09:00:00+00:00,-3412.71,-2859.51,-553.20,553.20,16.21
2025-07-31 10:00:00+00:00,-643.58,-1323.22,679.64,679.64,-105.60
2025-07-31 11:00:00+00:00,-3656.64,-3481.67,-174.97,174.97,4.79
2025-07-31 12:00:00+00:00,-2859.89,-2680.19,-179.70,179.70,6.28
2025-07-31 13:00:00+00:00,-1500.62,-2058.95,558.34,558.34,-37.21
2025-07-31 14:00:00+00:00,-3209.46,-3147.61,-61.84,61.84,1.93
2025-07-31 15:00:00+00:00,-3135.36,-3316.20,180.84,180.84,-5.77
2025-07-31 16:00:00+00:00,-1005.00,-1035.54,30.53,30.53,-3.04
2025-07-31 17:00:00+00:00,-1913.93,-2038.39,124.46,124.46,-6.50
2025-07-31 18:00:00+00:00,-1830.54,-2136.26,305.72,305.72,-16.70
2025-07-31 19:00:00+00:00,-2249.71,-2638.92,389.21,389.21,-17.30
2025-07-31 20:00:00+00:00,-8839.11,-8620.00,-219.11,219.11,2.48
2025-07-31 21:00:00+00:00,4424.22,3851.29,572.93,572.93,12.95
2025-07-31 22:00:00+00:00,-586.47,-975.27,388.80,388.80,-66.29
2025-07-31 23:00:00+00:00,-3107.17,-2978.60,-128.57,128.57,4.14
2025-08-01 00:00:00+00:00,2510.05,1665.40,844.65,844.65,33.65
2025-08-01 01:00:00+00:00,1083.64,1539.58,-455.94,455.94,-42.08
2025-08-01 02:00:00+00:00,6988.64,6743.98,244.66,244.66,3.50
2025-08-01 03:00:00+00:00,2231.56,2471.29,-239.73,239.73,-10.74
2025-08-01 04:00:00+00:00,5263.42,5269.91,-6.48,6.48,-0.12
2025-08-01 05:00:00+00:00,1393.55,1868.40,-474.85,474.85,-34.07
2025-08-01 06:00:00+00:00,3633.74,3772.15,-138.41,138.41,-3.81
2025-08-01 07:00:00+00:00,-393.27,-156.28,-236.99,236.99,60.26
2025-08-01 08:00:00+00:00,2256.74,2094.81,161.93,161.93,7.18
2025-08-01 09:00:00+00:00,194.07,250.43,-56.35,56.35,-29.04
2025-08-01 10:00:00+00:00,-2004.42,-1883.46,-120.96,120.96,6.03
2025-08-01 11:00:00+00:00,-2413.59,-2415.90,2.31,2.31,-0.10
2025-08-01 12:00:00+00:00,-4140.56,-4095.24,-45.31,45.31,1.09
2025-08-01 13:00:00+00:00,-3636.59,-3731.42,94.83,94.83,-2.61
2025-08-01 14:00:00+00:00,-4747.45,-3887.52,-859.92,859.92,18.11
2025-08-01 15:00:00+00:00,-828.30,-774.21,-54.09,54.09,6.53
2025-08-01 16:00:00+00:00,-3390.35,-3476.67,86.32,86.32,-2.55
2025-08-01 17:00:00+00:00,-1106.60,-1490.44,383.84,383.84,-34.69
2025-08-01 18:00:00+00:00,-1513.09,-2108.13,595.04,595.04,-39.33
2025-08-01 19:00:00+00:00,-1780.53,-1984.70,204.18,204.18,-11.47
2025-08-01 20:00:00+00:00,-326.86,-604.07,277.21,277.21,-84.81
2025-08-01 21:00:00+00:00,-1514.08,-1715.43,201.35,201.35,-13.30
2025-08-01 22:00:00+00:00,987.85,708.32,279.53,279.53,28.30
2025-08-01 23:00:00+00:00,137.09,348.74,-211.66,211.66,-154.40
2025-08-02 00:00:00+00:00,2756.55,2793.95,-37.39,37.39,-1.36
2025-08-02 01:00:00+00:00,3119.39,3167.89,-48.51,48.51,-1.56
2025-08-02 02:00:00+00:00,3496.36,3714.48,-218.12,218.12,-6.24
2025-08-02 03:00:00+00:00,5318.75,5362.54,-43.79,43.79,-0.82
2025-08-02 04:00:00+00:00,792.92,1473.58,-680.66,680.66,-85.84
2025-08-02 05:00:00+00:00,5800.93,5487.28,313.65,313.65,5.41
2025-08-02 06:00:00+00:00,4484.49,4409.45,75.04,75.04,1.67
2025-08-02 07:00:00+00:00,-7571.63,-5536.41,-2035.22,2035.22,26.88
2025-08-02 08:00:00+00:00,1078.71,508.15,570.56,570.56,52.89
2025-08-02 09:00:00+00:00,8603.02,7608.82,994.19,994.19,11.56
2025-08-02 10:00:00+00:00,-4224.54,-3170.06,-1054.49,1054.49,24.96
2025-08-02 11:00:00+00:00,-6744.41,-6156.35,-588.05,588.05,8.72
2025-08-02 12:00:00+00:00,-7382.89,-7499.92,117.03,117.03,-1.59
2025-08-02 13:00:00+00:00,-8828.43,-8610.45,-217.98,217.98,2.47
2025-08-02 14:00:00+00:00,-7742.87,-7145.37,-597.50,597.50,7.72
2025-08-02 15:00:00+00:00,-5908.08,-6412.64,504.56,504.56,-8.54
2025-08-02 16:00:00+00:00,-2486.10,-3441.79,955.69,955.69,-38.44
2025-08-02 17:00:00+00:00,-3881.21,-3955.08,73.87,73.87,-1.90
2025-08-02 18:00:00+00:00,-121.27,-855.44,734.17,734.17,-605.42
2025-08-02 19:00:00+00:00,1532.64,901.23,631.41,631.41,41.20
2025-08-02 20:00:00+00:00,-8941.15,-8159.39,-781.76,781.76,8.74
2025-08-02 21:00:00+00:00,4596.71,3606.24,990.47,990.47,21.55
2025-08-02 22:00:00+00:00,6728.38,6450.63,277.76,277.76,4.13
2025-08-02 23:00:00+00:00,3060.88,3569.34,-508.46,508.46,-16.61
2025-08-03 00:00:00+00:00,3461.23,3633.90,-172.66,172.66,-4.99
2025-08-03 01:00:00+00:00,4090.23,4473.52,-383.29,383.29,-9.37
2025-08-03 02:00:00+00:00,4577.86,4976.39,-398.53,398.53,-8.71
2025-08-03 03:00:00+00:00,3179.92,3504.10,-324.18,324.18,-10.19
2025-08-03 04:00:00+00:00,5374.03,5216.04,157.99,157.99,2.94
2025-08-03 05:00:00+00:00,7993.16,8021.37,-28.21,28.21,-0.35
2025-08-03 06:00:00+00:00,4512.78,4679.63,-166.85,166.85,-3.70
2025-08-03 07:00:00+00:00,5447.28,4930.31,516.97,516.97,9.49
2025-08-03 08:00:00+00:00,3519.44,3851.41,-331.97,331.97,-9.43
2025-08-03 09:00:00+00:00,-569.50,-418.77,-150.73,150.73,26.47
2025-08-03 10:00:00+00:00,-8847.30,-8377.41,-469.89,469.89,5.31
2025-08-03 11:00:00+00:00,1323.15,964.66,358.49,358.49,27.09
2025-08-03 12:00:00+00:00,-6003.51,-5717.92,-285.59,285.59,4.76
2025-08-03 13:00:00+00:00,-6797.59,-6649.85,-147.74,147.74,2.17
2025-08-03 14:00:00+00:00,-6960.20,-6645.18,-315.02,315.02,4.53
2025-08-03 15:00:00+00:00,-2723.95,-3070.85,346.90,346.90,-12.74
2025-08-03 16:00:00+00:00,-1686.81,-2382.47,695.66,695.66,-41.24
2025-08-03 17:00:00+00:00,-1673.14,-2253.69,580.54,580.54,-34.70
2025-08-03 18:00:00+00:00,-1129.29,-1603.75,474.45,474.45,-42.01
2025-08-03 19:00:00+00:00,-1557.70,-2209.92,652.22,652.22,-41.87
2025-08-03 20:00:00+00:00,-1383.21,-1819.09,435.88,435.88,-31.51
2025-08-03 21:00:00+00:00,-1633.38,-1968.62,335.24,335.24,-20.52
2025-08-03 22:00:00+00:00,702.47,304.86,397.62,397.62,56.60
2025-08-03 23:00:00+00:00,927.73,873.15,54.59,54.59,5.88
2025-08-04 00:00:00+00:00,4999.00,4405.07,593.92,593.92,11.88
2025-08-04 01:00:00+00:00,5121.59,5194.35,-72.76,72.76,-1.42
2025-08-04 02:00:00+00:00,5829.87,5874.35,-44.48,44.48,-0.76
2025-08-04 03:00:00+00:00,5251.54,5203.19,48.35,48.35,0.92
2025-08-04 04:00:00+00:00,4849.84,4885.75,-35.92,35.92,-0.74
2025-08-04 05:00:00+00:00,5366.09,5323.26,42.84,42.84,0.80
2025-08-04 06:00:00+00:00,1365.84,1465.61,-99.77,99.77,-7.30
2025-08-04 07:00:00+00:00,-12248.60,-12524.79,276.19,276.19,-2.25
2025-08-04 08:00:00+00:00,10178.91,9408.13,770.78,770.78,7.57
2025-08-04 09:00:00+00:00,-4657.64,-3935.55,-722.10,722.10,15.50
2025-08-04 10:00:00+00:00,-1162.77,-1508.19,345.43,345.43,-29.71
2025-08-04 11:00:00+00:00,-4417.58,-4565.05,147.47,147.47,-3.34
2025-08-04 12:00:00+00:00,-4899.12,-4386.80,-512.32,512.32,10.46
2025-08-04 13:00:00+00:00,-4286.27,-3820.19,-466.07,466.07,10.87
2025-08-04 14:00:00+00:00,-3826.04,-3547.40,-278.64,278.64,7.28
2025-08-04 15:00:00+00:00,-2829.18,-2570.76,-258.42,258.42,9.13
2025-08-04 16:00:00+00:00,-2276.13,-2425.74,149.61,149.61,-6.57
2025-08-04 17:00:00+00:00,-3380.66,-3587.73,207.08,207.08,-6.13
2025-08-04 18:00:00+00:00,341.10,-127.56,468.66,468.66,137.40
2025-08-04 19:00:00+00:00,-2018.63,-1847.41,-171.22,171.22,8.48
2025-08-04 20:00:00+00:00,-1148.60,-894.90,-253.70,253.70,22.09
2025-08-04 21:00:00+00:00,1292.19,605.60,686.59,686.59,53.13
2025-08-04 22:00:00+00:00,305.01,405.70,-100.68,100.68,-33.01
2025-08-04 23:00:00+00:00,4317.46,4204.43,113.02,113.02,2.62
2025-08-05 00:00:00+00:00,4985.01,4898.40,86.60,86.60,1.74
2025-08-05 01:00:00+00:00,5874.51,5974.37,-99.85,99.85,-1.70
2025-08-05 02:00:00+00:00,5329.41,5271.62,57.79,57.79,1.08
2025-08-05 03:00:00+00:00,5494.11,5596.67,-102.57,102.57,-1.87
2025-08-05 04:00:00+00:00,4429.21,4754.44,-325.23,325.23,-7.34
2025-08-05 05:00:00+00:00,6034.72,5953.90,80.82,80.82,1.34
2025-08-05 06:00:00+00:00,-964.25,876.44,-1840.69,1840.69,190.89
2025-08-05 07:00:00+00:00,2397.32,1939.92,457.41,457.41,19.08
2025-08-05 08:00:00+00:00,-85.55,-600.12,514.56,514.56,-601.45
2025-08-05 09:00:00+00:00,-1720.56,-1791.63,71.07,71.07,-4.13
2025-08-05 10:00:00+00:00,-4431.18,-4313.60,-117.58,117.58,2.65
2025-08-05 11:00:00+00:00,-2225.05,-2612.77,387.72,387.72,-17.43
2025-08-05 12:00:00+00:00,-5876.56,-5536.40,-340.16,340.16,5.79
2025-08-05 13:00:00+00:00,-4168.95,-4165.88,-3.06,3.06,0.07
2025-08-05 14:00:00+00:00,-3256.98,-3143.89,-113.08,113.08,3.47
2025-08-05 15:00:00+00:00,-2141.58,-1831.46,-310.12,310.12,14.48
2025-08-05 16:00:00+00:00,-1837.10,-2029.57,192.47,192.47,-10.48
2025-08-05 17:00:00+00:00,-573.56,-595.00,21.44,21.44,-3.74
2025-08-05 18:00:00+00:00,-1188.67,-1027.91,-160.76,160.76,13.52
2025-08-05 19:00:00+00:00,-1153.28,-1134.77,-18.52,18.52,1.61
2025-08-05 20:00:00+00:00,-2493.87,-2211.55,-282.31,282.31,11.32
2025-08-05 21:00:00+00:00,-2908.81,-3073.42,164.62,164.62,-5.66
2025-08-05 22:00:00+00:00,4888.05,4450.49,437.56,437.56,8.95
2025-08-05 23:00:00+00:00,3090.69,3131.73,-41.04,41.04,-1.33
2025-08-06 00:00:00+00:00,3782.05,3698.22,83.84,83.84,2.22
2025-08-06 01:00:00+00:00,4480.00,4674.64,-194.64,194.64,-4.34
2025-08-06 02:00:00+00:00,4962.00,5303.11,-341.11,341.11,-6.87
2025-08-06 03:00:00+00:00,6005.06,6179.52,-174.46,174.46,-2.91
2025-08-06 04:00:00+00:00,4924.55,5024.14,-99.59,99.59,-2.02
2025-08-06 05:00:00+00:00,3978.63,4001.20,-22.57,22.57,-0.57
2025-08-06 06:00:00+00:00,-12246.80,-13227.91,981.11,981.11,-8.01
2025-08-06 08:00:00+00:00,-1296.50,-2091.77,795.27,795.27,-61.34
2025-08-06 09:00:00+00:00,-3964.83,-4278.22,313.40,313.40,-7.90
2025-08-06 10:00:00+00:00,-3022.02,-3557.94,535.92,535.92,-17.73
2025-08-06 11:00:00+00:00,-4380.97,-4479.10,98.12,98.12,-2.24
2025-08-06 12:00:00+00:00,-4086.07,-4692.82,606.75,606.75,-14.85
2025-08-06 13:00:00+00:00,-3411.41,-3822.10,410.69,410.69,-12.04
2025-08-06 14:00:00+00:00,-2994.24,-3439.67,445.43,445.43,-14.88
2025-08-06 15:00:00+00:00,-2863.55,-2723.93,-139.63,139.63,4.88
2025-08-06 16:00:00+00:00,-1773.36,-2566.81,793.45,793.45,-44.74
2025-08-06 17:00:00+00:00,-3964.55,-4325.34,360.78,360.78,-9.10
2025-08-06 18:00:00+00:00,-369.01,-1090.90,721.88,721.88,-195.62
2025-08-06 19:00:00+00:00,-1552.24,-2314.22,761.98,761.98,-49.09
2025-08-06 20:00:00+00:00,-2126.12,-2626.07,499.95,499.95,-23.51
2025-08-06 21:00:00+00:00,-2122.70,-2497.90,375.20,375.20,-17.68
2025-08-06 22:00:00+00:00,105.54,-123.29,228.83,228.83,216.81
2025-08-06 23:00:00+00:00,2804.56,2866.43,-61.87,61.87,-2.21
2025-08-07 00:00:00+00:00,3064.94,3041.34,23.60,23.60,0.77
2025-08-07 01:00:00+00:00,4583.44,4428.57,154.87,154.87,3.38
2025-08-07 02:00:00+00:00,5087.13,5207.79,-120.66,120.66,-2.37
2025-08-07 03:00:00+00:00,4905.06,5203.88,-298.82,298.82,-6.09
2025-08-07 04:00:00+00:00,4827.83,4680.91,146.92,146.92,3.04
2025-08-07 05:00:00+00:00,5163.99,5145.75,18.24,18.24,0.35
2025-08-07 06:00:00+00:00,205.50,476.10,-270.60,270.60,-131.68
2025-08-07 07:00:00+00:00,2538.33,1472.96,1065.37,1065.37,41.97
2025-08-07 08:00:00+00:00,-1205.53,-1187.04,-18.50,18.50,1.53
2025-08-07 09:00:00+00:00,-6983.11,-5757.73,-1225.38,1225.38,17.55
2025-08-07 10:00:00+00:00,-1091.00,-1485.70,394.71,394.71,-36.18
2025-08-07 11:00:00+00:00,-3952.42,-4212.82,260.40,260.40,-6.59
2025-08-07 12:00:00+00:00,-4166.56,-4201.95,35.38,35.38,-0.85
2025-08-07 13:00:00+00:00,-3985.66,-3855.09,-130.56,130.56,3.28
2025-08-07 14:00:00+00:00,-2154.48,-2696.29,541.81,541.81,-25.15
2025-08-07 15:00:00+00:00,-5596.91,-5266.14,-330.77,330.77,5.91
2025-08-07 16:00:00+00:00,-257.12,-596.33,339.22,339.22,-131.93
2025-08-07 17:00:00+00:00,-1628.02,-2310.89,682.87,682.87,-41.94
2025-08-07 18:00:00+00:00,-837.11,-1420.22,583.11,583.11,-69.66
2025-08-07 19:00:00+00:00,-1151.36,-1637.01,485.65,485.65,-42.18
2025-08-07 20:00:00+00:00,-1883.35,-2191.18,307.83,307.83,-16.34
2025-08-07 21:00:00+00:00,1299.44,1287.87,11.56,11.56,0.89
2025-08-07 22:00:00+00:00,1125.68,1443.50,-317.82,317.82,-28.23
2025-08-07 23:00:00+00:00,2274.30,2497.69,-223.40,223.40,-9.82
2025-08-08 00:00:00+00:00,2137.79,2294.88,-157.09,157.09,-7.35
2025-08-08 01:00:00+00:00,4368.62,4218.15,150.48,150.48,3.44
2025-08-08 02:00:00+00:00,8172.51,8120.25,52.26,52.26,0.64
2025-08-08 03:00:00+00:00,4113.32,4325.69,-212.38,212.38,-5.16
2025-08-08 04:00:00+00:00,-1795.29,-1405.37,-389.93,389.93,21.72
2025-08-08 06:00:00+00:00,1073.48,1488.04,-414.56,414.56,-38.62
2025-08-08 07:00:00+00:00,1449.65,1246.55,203.11,203.11,14.01
2025-08-08 08:00:00+00:00,-1175.84,-920.67,-255.17,255.17,21.70
2025-08-08 09:00:00+00:00,-2977.68,-2911.95,-65.73,65.73,2.21
2025-08-08 10:00:00+00:00,-16791.36,-16163.42,-627.93,627.93,3.74
2025-08-08 12:00:00+00:00,-2965.31,-3610.39,645.08,645.08,-21.75
2025-08-08 13:00:00+00:00,-3023.95,-3471.62,447.67,447.67,-14.80
2025-08-08 14:00:00+00:00,-3150.55,-3655.81,505.26,505.26,-16.04
2025-08-08 15:00:00+00:00,-3683.58,-3838.46,154.88,154.88,-4.20
2025-08-08 16:00:00+00:00,-1921.20,-2078.15,156.95,156.95,-8.17
2025-08-08 17:00:00+00:00,-2060.90,-2378.48,317.57,317.57,-15.41
2025-08-08 18:00:00+00:00,-1427.91,-1974.13,546.22,546.22,-38.25
2025-08-08 19:00:00+00:00,-2633.14,-2861.80,228.66,228.66,-8.68
2025-08-08 20:00:00+00:00,1103.64,589.90,513.74,513.74,46.55
2025-08-08 21:00:00+00:00,669.96,432.62,237.34,237.34,35.43
2025-08-08 22:00:00+00:00,127.46,169.35,-41.89,41.89,-32.87
2025-08-08 23:00:00+00:00,1455.74,1794.75,-339.01,339.01,-23.29
2025-08-09 00:00:00+00:00,-2871.32,-1782.09,-1089.23,1089.23,37.93
2025-08-09 01:00:00+00:00,4235.48,3886.53,348.95,348.95,8.24
2025-08-09 02:00:00+00:00,1885.85,2385.20,-499.35,499.35,-26.48
2025-08-09 03:00:00+00:00,9949.04,9965.12,-16.08,16.08,-0.16
2025-08-09 04:00:00+00:00,3303.45,4016.98,-713.53,713.53,-21.60
2025-08-09 05:00:00+00:00,4690.67,4785.14,-94.47,94.47,-2.01
2025-08-09 06:00:00+00:00,3310.79,3091.66,219.14,219.14,6.62
2025-08-09 07:00:00+00:00,2791.46,2737.93,53.53,53.53,1.92
2025-08-09 08:00:00+00:00,-4207.82,-3227.61,-980.21,980.21,23.30
2025-08-09 09:00:00+00:00,-740.61,-527.51,-213.09,213.09,28.77
2025-08-09 10:00:00+00:00,1089.40,1553.29,-463.89,463.89,-42.58
2025-08-09 11:00:00+00:00,-7308.15,-7171.83,-136.33,136.33,1.87
2025-08-09 12:00:00+00:00,-4240.69,-5772.05,1531.36,1531.36,-36.11
2025-08-09 13:00:00+00:00,-6312.62,-6163.66,-148.97,148.97,2.36
2025-08-09 14:00:00+00:00,-5168.97,-5074.62,-94.35,94.35,1.83
2025-08-09 15:00:00+00:00,-4405.02,-4296.18,-108.83,108.83,2.47
2025-08-09 16:00:00+00:00,-2633.02,-2751.57,118.55,118.55,-4.50
2025-08-09 17:00:00+00:00,-1980.57,-2130.47,149.90,149.90,-7.57
2025-08-09 18:00:00+00:00,-1377.49,-1987.70,610.21,610.21,-44.30
2025-08-09 19:00:00+00:00,-721.99,-1320.73,598.75,598.75,-82.93
2025-08-09 20:00:00+00:00,-1268.36,-1429.64,161.28,161.28,-12.72
2025-08-09 21:00:00+00:00,568.20,-324.04,892.24,892.24,157.03
2025-08-09 22:00:00+00:00,1601.71,1632.37,-30.66,30.66,-1.91
2025-08-09 23:00:00+00:00,2346.87,3854.23,-1507.37,1507.37,-64.23
2025-08-10 00:00:00+00:00,3083.18,3318.28,-235.10,235.10,-7.63
2025-08-10 01:00:00+00:00,4549.50,4152.07,397.43,397.43,8.74
2025-08-10 02:00:00+00:00,4446.12,4913.53,-467.41,467.41,-10.51
2025-08-10 04:00:00+00:00,-494.00,120.23,-614.22,614.22,124.34
2025-08-10 05:00:00+00:00,4285.17,4399.33,-114.16,114.16,-2.66
2025-08-10 06:00:00+00:00,242.91,348.62,-105.70,105.70,-43.52
2025-08-10 08:00:00+00:00,2607.92,1791.95,815.97,815.97,31.29
2025-08-10 09:00:00+00:00,-184.18,-317.19,133.01,133.01,-72.22
2025-08-10 10:00:00+00:00,-5383.61,-5334.95,-48.66,48.66,0.90
2025-08-10 11:00:00+00:00,-10095.07,-10264.27,169.19,169.19,-1.68
2025-08-10 12:00:00+00:00,-6492.73,-6636.33,143.60,143.60,-2.21
2025-08-10 13:00:00+00:00,-7234.23,-7786.67,552.45,552.45,-7.64
2025-08-10 14:00:00+00:00,-5010.26,-5638.82,628.56,628.56,-12.55
2025-08-10 15:00:00+00:00,-4570.70,-4971.33,400.63,400.63,-8.77
2025-08-10 16:00:00+00:00,-1637.68,-2581.74,944.06,944.06,-57.65
2025-08-10 17:00:00+00:00,-1672.60,-1933.62,261.02,261.02,-15.61
2025-08-10 18:00:00+00:00,-1002.92,-1508.75,505.83,505.83,-50.44
2025-08-10 19:00:00+00:00,-2710.59,-2693.60,-16.99,16.99,0.63
2025-08-10 20:00:00+00:00,733.23,254.09,479.14,479.14,65.35
2025-08-10 21:00:00+00:00,128.80,-200.66,329.46,329.46,255.79
2025-08-10 22:00:00+00:00,1410.66,1426.17,-15.51,15.51,-1.10
2025-08-10 23:00:00+00:00,2824.81,2833.58,-8.77,8.77,-0.31
2025-08-11 00:00:00+00:00,5537.55,5508.39,29.15,29.15,0.53
2025-08-11 01:00:00+00:00,6370.27,6044.46,325.81,325.81,5.11
2025-08-11 02:00:00+00:00,2100.68,2689.78,-589.10,589.10,-28.04
2025-08-11 03:00:00+00:00,9542.12,9782.74,-240.62,240.62,-2.52
2025-08-11 04:00:00+00:00,6502.98,6850.57,-347.60,347.60,-5.35
2025-08-11 05:00:00+00:00,4221.18,4457.24,-236.06,236.06,-5.59
2025-08-11 06:00:00+00:00,2252.06,2255.49,-3.43,3.43,-0.15
2025-08-11 07:00:00+00:00,-122.79,-195.73,72.94,72.94,-59.41
2025-08-11 08:00:00+00:00,120.00,-47.41,167.42,167.42,139.51
2025-08-11 09:00:00+00:00,-2958.89,-3174.04,215.15,215.15,-7.27
2025-08-11 10:00:00+00:00,-4466.83,-4509.26,42.43,42.43,-0.95
2025-08-11 11:00:00+00:00,-5409.93,-5160.67,-249.27,249.27,4.61
2025-08-11 12:00:00+00:00,-5925.68,-4677.00,-1248.68,1248.68,21.07
2025-08-11 13:00:00+00:00,-5488.72,-6546.48,1057.76,1057.76,-19.27
2025-08-11 14:00:00+00:00,-3326.30,-3333.17,6.87,6.87,-0.21
2025-08-11 15:00:00+00:00,-3794.54,-4166.04,371.50,371.50,-9.79
2025-08-11 16:00:00+00:00,-1454.99,-1553.99,99.00,99.00,-6.80
2025-08-11 17:00:00+00:00,-1811.21,-1809.38,-1.83,1.83,0.10
2025-08-11 18:00:00+00:00,-980.93,-694.58,-286.35,286.35,29.19
2025-08-11 19:00:00+00:00,-1304.67,-905.84,-398.83,398.83,30.57
2025-08-11 20:00:00+00:00,-1192.87,-1162.30,-30.57,30.57,2.56
2025-08-11 21:00:00+00:00,-634.36,-657.13,22.77,22.77,-3.59
2025-08-11 22:00:00+00:00,8.06,-94.88,102.94,102.94,1277.73
2025-08-11 23:00:00+00:00,3538.15,3422.69,115.46,115.46,3.26
2025-08-12 00:00:00+00:00,3772.44,4110.02,-337.58,337.58,-8.95
2025-08-12 01:00:00+00:00,5844.89,5545.74,299.15,299.15,5.12
2025-08-12 02:00:00+00:00,6900.59,6871.68,28.91,28.91,0.42
2025-08-12 03:00:00+00:00,8677.18,9056.15,-378.96,378.96,-4.37
2025-08-12 04:00:00+00:00,5774.16,6143.48,-369.32,369.32,-6.40
2025-08-12 05:00:00+00:00,5344.80,5492.56,-147.76,147.76,-2.76
2025-08-12 06:00:00+00:00,1580.58,1462.56,118.02,118.02,7.47
2025-08-12 07:00:00+00:00,-1082.27,-1025.97,-56.30,56.30,5.20
2025-08-12 08:00:00+00:00,1722.51,1355.02,367.49,367.49,21.33
2025-08-12 09:00:00+00:00,-2408.85,-2861.49,452.64,452.64,-18.79
2025-08-12 10:00:00+00:00,-3089.28,-3502.09,412.81,412.81,-13.36
2025-08-12 13:00:00+00:00,-3517.18,-3646.77,129.59,129.59,-3.68
2025-08-12 14:00:00+00:00,-2488.10,-2208.38,-279.72,279.72,11.24
2025-08-12 15:00:00+00:00,-2635.10,-2418.55,-216.55,216.55,8.22
2025-08-12 16:00:00+00:00,-1278.93,-1565.55,286.62,286.62,-22.41
2025-08-12 17:00:00+00:00,-1829.52,-1823.25,-6.27,6.27,0.34
2025-08-12 18:00:00+00:00,-4352.76,-4578.86,226.10,226.10,-5.19
2025-08-12 19:00:00+00:00,-94.80,-279.37,184.56,184.56,-194.68
2025-08-12 20:00:00+00:00,-2486.91,-2305.26,-181.65,181.65,7.30
2025-08-12 23:00:00+00:00,2333.54,2308.74,24.80,24.80,1.06
2025-08-13 00:00:00+00:00,3951.87,3738.38,213.49,213.49,5.40
2025-08-13 01:00:00+00:00,3637.78,4076.80,-439.02,439.02,-12.07
2025-08-13 03:00:00+00:00,5443.40,4864.81,578.59,578.59,10.63
2025-08-13 04:00:00+00:00,4440.85,4580.99,-140.14,140.14,-3.16
2025-08-13 05:00:00+00:00,4301.12,4441.71,-140.59,140.59,-3.27
2025-08-13 06:00:00+00:00,1100.72,1480.29,-379.57,379.57,-34.48
2025-08-13 07:00:00+00:00,-6495.75,-7114.89,619.14,619.14,-9.53
2025-08-13 08:00:00+00:00,4127.10,3514.22,612.88,612.88,14.85
2025-08-13 09:00:00+00:00,-2776.00,-2752.63,-23.37,23.37,0.84
2025-08-13 10:00:00+00:00,-2958.17,-3277.69,319.52,319.52,-10.80
2025-08-13 11:00:00+00:00,-4083.54,-4420.12,336.58,336.58,-8.24
2025-08-13 12:00:00+00:00,-4190.55,-4467.32,276.77,276.77,-6.60
2025-08-13 13:00:00+00:00,-3946.65,-4264.58,317.93,317.93,-8.06
2025-08-13 14:00:00+00:00,-4523.58,-4366.18,-157.40,157.40,3.48
2025-08-13 15:00:00+00:00,-595.55,-871.55,276.00,276.00,-46.34
2025-08-13 16:00:00+00:00,-2422.09,-2451.01,28.92,28.92,-1.19
2025-08-13 17:00:00+00:00,-175.79,-881.33,705.54,705.54,-401.36
2025-08-13 18:00:00+00:00,-2009.95,-2112.79,102.84,102.84,-5.12
2025-08-13 19:00:00+00:00,-484.95,-855.17,370.22,370.22,-76.34
2025-08-13 20:00:00+00:00,-2349.44,-2445.94,96.50,96.50,-4.11
2025-08-13 21:00:00+00:00,1357.87,980.33,377.54,377.54,27.80
2025-08-13 22:00:00+00:00,940.16,965.96,-25.80,25.80,-2.74
2025-08-13 23:00:00+00:00,2631.10,2893.67,-262.57,262.57,-9.98
2025-08-14 00:00:00+00:00,-2246.84,-1525.74,-721.10,721.10,32.09
2025-08-14 01:00:00+00:00,5237.44,4893.80,343.64,343.64,6.56
2025-08-14 02:00:00+00:00,11991.21,9966.84,2024.37,2024.37,16.88
2025-08-14 03:00:00+00:00,4582.27,5205.17,-622.90,622.90,-13.59
2025-08-14 04:00:00+00:00,4055.14,4792.08,-736.95,736.95,-18.17
2025-08-14 05:00:00+00:00,3395.80,4346.63,-950.83,950.83,-28.00
2025-08-14 06:00:00+00:00,2424.10,3327.87,-903.77,903.77,-37.28
2025-08-14 07:00:00+00:00,358.57,850.95,-492.38,492.38,-137.32
2025-08-14 08:00:00+00:00,-1460.99,-1549.82,88.83,88.83,-6.08
2025-08-14 09:00:00+00:00,-1942.65,-1970.46,27.81,27.81,-1.43
2025-08-14 10:00:00+00:00,-2638.63,-3000.95,362.32,362.32,-13.73
2025-08-14 11:00:00+00:00,-1436.84,-1338.17,-98.66,98.66,6.87
2025-08-14 12:00:00+00:00,-3315.10,-3398.03,82.93,82.93,-2.50
2025-08-14 13:00:00+00:00,-1569.05,-1834.90,265.85,265.85,-16.94
2025-08-14 14:00:00+00:00,-2832.22,-2858.23,26.02,26.02,-0.92
2025-08-14 15:00:00+00:00,-2917.37,-2668.08,-249.30,249.30,8.55
2025-08-14 16:00:00+00:00,-1799.34,-1728.74,-70.60,70.60,3.92
2025-08-14 17:00:00+00:00,-1064.34,-1572.51,508.17,508.17,-47.74
2025-08-14 18:00:00+00:00,-1200.03,-1458.76,258.73,258.73,-21.56
2025-08-14 19:00:00+00:00,-1299.26,-1661.29,362.03,362.03,-27.86
2025-08-14 20:00:00+00:00,-1194.92,-1428.92,234.00,234.00,-19.58
2025-08-14 21:00:00+00:00,259.03,14.52,244.51,244.51,94.39
2025-08-14 22:00:00+00:00,-381.07,-257.61,-123.46,123.46,32.40
2025-08-14 23:00:00+00:00,685.18,755.38,-70.21,70.21,-10.25
2025-08-15 00:00:00+00:00,2245.21,2675.70,-430.49,430.49,-19.17
2025-08-15 01:00:00+00:00,1721.43,1886.81,-165.38,165.38,-9.61
2025-08-15 02:00:00+00:00,5815.12,5402.51,412.61,412.61,7.10
2025-08-15 03:00:00+00:00,4378.08,4643.71,-265.63,265.63,-6.07
2025-08-15 04:00:00+00:00,4350.96,4659.52,-308.56,308.56,-7.09
2025-08-15 05:00:00+00:00,4827.10,4507.36,319.74,319.74,6.62
2025-08-15 06:00:00+00:00,4902.29,4551.48,350.81,350.81,7.16
2025-08-15 07:00:00+00:00,3826.46,3705.90,120.56,120.56,3.15
2025-08-15 08:00:00+00:00,2680.20,3015.15,-334.95,334.95,-12.50
2025-08-15 09:00:00+00:00,-565.33,-202.30,-363.03,363.03,64.21
2025-08-15 10:00:00+00:00,-3063.14,-2754.71,-308.43,308.43,10.07
2025-08-15 11:00:00+00:00,-5256.76,-5724.29,467.53,467.53,-8.89
2025-08-15 12:00:00+00:00,-5993.85,-5855.26,-138.60,138.60,2.31
2025-08-15 13:00:00+00:00,-6705.33,-6505.92,-199.41,199.41,2.97
2025-08-15 14:00:00+00:00,-5929.92,-6523.60,593.68,593.68,-10.01
2025-08-15 15:00:00+00:00,-4568.50,-4933.23,364.73,364.73,-7.98
2025-08-15 16:00:00+00:00,-4002.84,-4084.26,81.42,81.42,-2.03
2025-08-15 17:00:00+00:00,-2139.28,-2670.60,531.32,531.32,-24.84
2025-08-15 18:00:00+00:00,-8042.44,-5608.88,-2433.56,2433.56,30.26
2025-08-15 19:00:00+00:00,4740.83,4061.40,679.43,679.43,14.33
2025-08-15 20:00:00+00:00,-1038.67,-1091.95,53.28,53.28,-5.13
2025-08-15 21:00:00+00:00,-629.13,-811.93,182.81,182.81,-29.06
2025-08-15 22:00:00+00:00,-11.03,-240.51,229.48,229.48,-2079.99
2025-08-15 23:00:00+00:00,1758.53,1865.45,-106.93,106.93,-6.08
2025-08-16 00:00:00+00:00,678.51,857.40,-178.89,178.89,-26.37
2025-08-16 01:00:00+00:00,4640.20,4370.89,269.31,269.31,5.80
2025-08-16 02:00:00+00:00,6553.15,6389.21,163.94,163.94,2.50
2025-08-16 03:00:00+00:00,3084.67,3828.83,-744.15,744.15,-24.12
2025-08-16 04:00:00+00:00,7592.23,7561.51,30.72,30.72,0.40
2025-08-16 05:00:00+00:00,5341.54,5193.14,148.40,148.40,2.78
2025-08-16 06:00:00+00:00,5269.28,5104.58,164.70,164.70,3.13
2025-08-16 07:00:00+00:00,3547.44,3366.50,180.94,180.94,5.10
2025-08-16 08:00:00+00:00,1388.99,1802.63,-413.64,413.64,-29.78
2025-08-16 09:00:00+00:00,-4004.24,-3915.42,-88.82,88.82,2.22
2025-08-16 10:00:00+00:00,-8438.37,-10570.98,2132.61,2132.61,-25.27
2025-08-16 11:00:00+00:00,-9426.97,-10692.44,1265.47,1265.47,-13.42
2025-08-16 12:00:00+00:00,-8992.25,-10891.83,1899.57,1899.57,-21.12
2025-08-16 13:00:00+00:00,-9195.21,-9544.73,349.53,349.53,-3.80
2025-08-16 14:00:00+00:00,-4242.60,-6023.97,1781.38,1781.38,-41.99
2025-08-16 15:00:00+00:00,-5333.51,-5711.95,378.44,378.44,-7.10
2025-08-16 16:00:00+00:00,-8103.54,-8934.35,830.81,830.81,-10.25
2025-08-16 17:00:00+00:00,4624.69,2404.24,2220.46,2220.46,48.01
2025-08-16 18:00:00+00:00,-882.64,-1567.89,685.24,685.24,-77.64
2025-08-16 19:00:00+00:00,-226.45,-429.49,203.03,203.03,-89.66
2025-08-16 20:00:00+00:00,691.04,187.08,503.96,503.96,72.93
2025-08-16 21:00:00+00:00,-306.43,163.77,-470.20,470.20,153.44
2025-08-16 22:00:00+00:00,2994.15,3140.65,-146.49,146.49,-4.89
2025-08-16 23:00:00+00:00,3175.92,3411.96,-236.04,236.04,-7.43
2025-08-17 00:00:00+00:00,3988.67,4432.58,-443.91,443.91,-11.13
2025-08-17 01:00:00+00:00,5640.04,5516.69,123.35,123.35,2.19
2025-08-17 02:00:00+00:00,5635.24,5769.84,-134.61,134.61,-2.39
2025-08-17 03:00:00+00:00,2876.40,3487.12,-610.72,610.72,-21.23
2025-08-17 04:00:00+00:00,5537.93,5571.19,-33.26,33.26,-0.60
2025-08-17 05:00:00+00:00,7434.70,7361.56,73.13,73.13,0.98
2025-08-17 06:00:00+00:00,4120.57,4197.29,-76.72,76.72,-1.86
2025-08-17 07:00:00+00:00,3659.45,3145.14,514.31,514.31,14.05
2025-08-17 08:00:00+00:00,4143.06,3725.42,417.63,417.63,10.08
2025-08-17 09:00:00+00:00,-314.31,-408.05,93.74,93.74,-29.82
2025-08-17 10:00:00+00:00,-7868.38,-7380.11,-488.27,488.27,6.21
2025-08-17 11:00:00+00:00,-2596.78,-2671.22,74.44,74.44,-2.87
2025-08-17 12:00:00+00:00,-2045.56,-2312.72,267.16,267.16,-13.06
2025-08-17 13:00:00+00:00,-6168.78,-6595.01,426.23,426.23,-6.91
2025-08-17 14:00:00+00:00,-7799.48,-7554.37,-245.12,245.12,3.14
2025-08-17 15:00:00+00:00,-2595.88,-3207.41,611.53,611.53,-23.56
2025-08-17 16:00:00+00:00,-3412.72,-3562.31,149.59,149.59,-4.38
2025-08-17 17:00:00+00:00,-1501.64,-1833.06,331.42,331.42,-22.07
2025-08-17 18:00:00+00:00,-1953.44,-2473.34,519.90,519.90,-26.61
2025-08-17 19:00:00+00:00,-2846.11,-3323.91,477.80,477.80,-16.79
2025-08-17 20:00:00+00:00,-1432.46,-2033.23,600.78,600.78,-41.94
2025-08-17 21:00:00+00:00,-1368.78,-2243.14,874.35,874.35,-63.88
2025-08-17 22:00:00+00:00,702.67,215.70,486.96,486.96,69.30
2025-08-17 23:00:00+00:00,2154.25,2113.91,40.34,40.34,1.87
2025-08-18 00:00:00+00:00,4059.00,3811.11,247.89,247.89,6.11
2025-08-18 01:00:00+00:00,3937.37,3817.39,119.98,119.98,3.05
2025-08-18 02:00:00+00:00,6532.35,6422.00,110.34,110.34,1.69
2025-08-18 03:00:00+00:00,6234.20,6271.97,-37.76,37.76,-0.61
2025-08-18 04:00:00+00:00,2978.08,3785.61,-807.53,807.53,-27.12
2025-08-18 05:00:00+00:00,5936.38,5778.41,157.97,157.97,2.66
2025-08-18 06:00:00+00:00,-268.51,-91.03,-177.47,177.47,66.10
2025-08-18 07:00:00+00:00,4315.70,3407.09,908.60,908.60,21.05
2025-08-18 08:00:00+00:00,-418.62,-1228.34,809.71,809.71,-193.42
2025-08-18 09:00:00+00:00,-4229.09,-3914.97,-314.11,314.11,7.43
2025-08-18 10:00:00+00:00,-3039.04,-3304.65,265.61,265.61,-8.74
2025-08-18 11:00:00+00:00,-2533.85,-2874.52,340.67,340.67,-13.44
2025-08-18 12:00:00+00:00,-3783.75,-3850.03,66.28,66.28,-1.75
2025-08-18 13:00:00+00:00,-3274.11,-3442.94,168.83,168.83,-5.16
2025-08-18 14:00:00+00:00,-2140.99,-2012.07,-128.92,128.92,6.02
2025-08-18 15:00:00+00:00,-2105.80,-1518.96,-586.84,586.84,27.87
2025-08-18 16:00:00+00:00,-1670.25,-1533.96,-136.29,136.29,8.16
2025-08-18 17:00:00+00:00,-1212.19,-998.00,-214.19,214.19,17.67
2025-08-18 18:00:00+00:00,-2664.11,-2488.54,-175.57,175.57,6.59
2025-08-18 19:00:00+00:00,1061.54,943.13,118.42,118.42,11.16
2025-08-18 20:00:00+00:00,-580.18,-596.28,16.10,16.10,-2.77
2025-08-18 21:00:00+00:00,-114.24,-591.27,477.02,477.02,-417.55
2025-08-18 22:00:00+00:00,-601.12,-768.62,167.51,167.51,-27.87
2025-08-18 23:00:00+00:00,3638.11,3463.99,174.12,174.12,4.79
2025-08-19 00:00:00+00:00,3982.24,3959.33,22.91,22.91,0.58
2025-08-19 01:00:00+00:00,4637.79,4589.75,48.04,48.04,1.04
2025-08-19 02:00:00+00:00,4749.12,5064.30,-315.18,315.18,-6.64
2025-08-19 03:00:00+00:00,6264.37,6210.57,53.80,53.80,0.86
2025-08-19 04:00:00+00:00,5467.97,5457.72,10.25,10.25,0.19
2025-08-19 05:00:00+00:00,4164.64,4363.88,-199.24,199.24,-4.78
2025-08-19 06:00:00+00:00,1666.21,1497.37,168.83,168.83,10.13
2025-08-19 07:00:00+00:00,-1247.69,-960.64,-287.05,287.05,23.01
2025-08-19 08:00:00+00:00,-2170.48,-3071.38,900.89,900.89,-41.51
2025-08-19 11:00:00+00:00,-7290.95,-8238.71,947.76,947.76,-13.00
2025-08-19 12:00:00+00:00,-2497.93,-3010.55,512.62,512.62,-20.52
2025-08-19 13:00:00+00:00,-4327.26,-4419.75,92.50,92.50,-2.14
2025-08-19 14:00:00+00:00,-3532.74,-3468.57,-64.17,64.17,1.82
2025-08-19 15:00:00+00:00,-2772.86,-2352.08,-420.78,420.78,15.18
2025-08-19 16:00:00+00:00,-1434.91,-1731.98,297.07,297.07,-20.70
2025-08-19 17:00:00+00:00,-2727.19,-2867.24,140.05,140.05,-5.14
2025-08-19 18:00:00+00:00,892.43,483.04,409.38,409.38,45.87
2025-08-19 19:00:00+00:00,-2359.26,-2286.50,-72.76,72.76,3.08
2025-08-19 20:00:00+00:00,381.25,236.19,145.06,145.06,38.05
2025-08-19 21:00:00+00:00,-1417.48,-1594.89,177.41,177.41,-12.52
2025-08-19 22:00:00+00:00,484.24,276.67,207.57,207.57,42.87
2025-08-19 23:00:00+00:00,958.53,1532.08,-573.55,573.55,-59.84
2025-08-20 00:00:00+00:00,5938.17,5704.16,234.01,234.01,3.94
2025-08-20 01:00:00+00:00,3259.11,3757.24,-498.12,498.12,-15.28
2025-08-20 02:00:00+00:00,7396.56,7379.00,17.56,17.56,0.24
2025-08-20 03:00:00+00:00,6008.83,6224.75,-215.92,215.92,-3.59
2025-08-20 04:00:00+00:00,4257.66,4404.54,-146.88,146.88,-3.45
2025-08-20 05:00:00+00:00,4666.04,4750.86,-84.82,84.82,-1.82
2025-08-20 06:00:00+00:00,630.69,360.16,270.53,270.53,42.89
2025-08-20 07:00:00+00:00,-1226.43,-1190.34,-36.09,36.09,2.94
2025-08-20 08:00:00+00:00,-3293.24,-3399.56,106.32,106.32,-3.23
2025-08-20 09:00:00+00:00,-8101.58,-7674.67,-426.91,426.91,5.27
2025-08-20 10:00:00+00:00,753.09,633.65,119.44,119.44,15.86
2025-08-20 11:00:00+00:00,-2755.09,-2932.06,176.97,176.97,-6.42
2025-08-20 12:00:00+00:00,-3657.27,-3584.98,-72.29,72.29,1.98
2025-08-20 13:00:00+00:00,-3659.18,-3656.90,-2.28,2.28,0.06
2025-08-20 14:00:00+00:00,-3010.01,-2978.47,-31.54,31.54,1.05
2025-08-20 15:00:00+00:00,-2815.32,-2965.24,149.92,149.92,-5.33
2025-08-20 16:00:00+00:00,-975.94,-1503.76,527.82,527.82,-54.08
2025-08-20 17:00:00+00:00,-609.42,-1722.35,1112.94,1112.94,-182.62
2025-08-20 18:00:00+00:00,-950.84,-1323.22,372.38,372.38,-39.16
2025-08-20 19:00:00+00:00,-1426.15,-1871.63,445.48,445.48,-31.24
2025-08-20 20:00:00+00:00,-948.83,-1334.39,385.56,385.56,-40.63
2025-08-20 21:00:00+00:00,-1693.78,-1974.30,280.51,280.51,-16.56
2025-08-20 22:00:00+00:00,934.93,468.73,466.20,466.20,49.86
2025-08-20 23:00:00+00:00,2780.49,2303.90,476.58,476.58,17.14
2025-08-21 00:00:00+00:00,3922.73,3914.66,8.07,8.07,0.21
2025-08-21 01:00:00+00:00,5374.66,5384.12,-9.46,9.46,-0.18
2025-08-21 02:00:00+00:00,3302.50,4028.05,-725.55,725.55,-21.97
2025-08-21 03:00:00+00:00,6669.83,6811.71,-141.88,141.88,-2.13
2025-08-21 04:00:00+00:00,5654.48,5211.01,443.47,443.47,7.84
2025-08-21 05:00:00+00:00,1759.71,2197.08,-437.38,437.38,-24.86
2025-08-21 06:00:00+00:00,3516.67,3279.15,237.52,237.52,6.75
2025-08-21 09:00:00+00:00,-1072.34,-1040.30,-32.04,32.04,2.99
2025-08-21 10:00:00+00:00,-4790.10,-4470.34,-319.77,319.77,6.68
2025-08-21 11:00:00+00:00,-1580.39,-1778.87,198.48,198.48,-12.56
2025-08-21 12:00:00+00:00,-1988.42,-1918.60,-69.82,69.82,3.51
2025-08-21 13:00:00+00:00,-6853.60,-6302.54,-551.06,551.06,8.04
2025-08-21 14:00:00+00:00,3303.48,3128.07,175.41,175.41,5.31
2025-08-21 15:00:00+00:00,-2854.22,-2375.56,-478.67,478.67,16.77
2025-08-21 16:00:00+00:00,-7994.26,-7937.13,-57.13,57.13,0.71
2025-08-21 17:00:00+00:00,-626.80,-1219.74,592.94,592.94,-94.60
2025-08-21 18:00:00+00:00,-1943.34,-2486.77,543.42,543.42,-27.96
2025-08-21 19:00:00+00:00,-11.33,-169.94,158.61,158.61,-1400.36
2025-08-21 20:00:00+00:00,-1570.94,-1860.98,290.04,290.04,-18.46
2025-08-21 21:00:00+00:00,-160.27,-434.49,274.22,274.22,-171.10
2025-08-21 22:00:00+00:00,-698.47,-881.74,183.27,183.27,-26.24
2025-08-21 23:00:00+00:00,1718.75,1660.79,57.96,57.96,3.37
2025-08-22 00:00:00+00:00,2699.16,2834.18,-135.03,135.03,-5.00
2025-08-22 01:00:00+00:00,2975.18,3195.42,-220.24,220.24,-7.40
2025-08-22 02:00:00+00:00,2876.35,3005.26,-128.91,128.91,-4.48
2025-08-22 03:00:00+00:00,2693.64,2833.74,-140.10,140.10,-5.20
2025-08-22 04:00:00+00:00,3866.30,4138.20,-271.89,271.89,-7.03
2025-08-22 05:00:00+00:00,3601.06,4081.38,-480.32,480.32,-13.34
2025-08-22 07:00:00+00:00,-10419.26,-10165.35,-253.91,253.91,2.44
2025-08-22 08:00:00+00:00,-904.76,-967.19,62.43,62.43,-6.90
2025-08-22 09:00:00+00:00,-1695.41,-1957.02,261.61,261.61,-15.43
2025-08-22 10:00:00+00:00,-1171.82,-1256.10,84.28,84.28,-7.19
2025-08-22 11:00:00+00:00,-1857.95,-2047.92,189.97,189.97,-10.22
2025-08-22 12:00:00+00:00,-19241.48,-16382.83,-2858.65,2858.65,14.86
2025-08-22 14:00:00+00:00,-4473.37,-6017.70,1544.33,1544.33,-34.52
2025-08-22 15:00:00+00:00,-3120.46,-4875.50,1755.03,1755.03,-56.24
2025-08-22 16:00:00+00:00,-4409.12,-4783.82,374.70,374.70,-8.50
2025-08-22 17:00:00+00:00,-348.71,-290.03,-58.68,58.68,16.83
2025-08-22 18:00:00+00:00,-4263.43,-4068.27,-195.15,195.15,4.58
2025-08-22 19:00:00+00:00,1216.60,743.19,473.41,473.41,38.91
2025-08-22 20:00:00+00:00,-1894.36,-1368.87,-525.49,525.49,27.74
2025-08-22 21:00:00+00:00,-691.87,-828.24,136.38,136.38,-19.71
2025-08-22 22:00:00+00:00,-460.93,-498.47,37.54,37.54,-8.15
2025-08-22 23:00:00+00:00,1038.61,1147.20,-108.59,108.59,-10.46
2025-08-23 00:00:00+00:00,3144.29,3661.42,-517.12,517.12,-16.45
2025-08-23 01:00:00+00:00,3712.15,3497.66,214.49,214.49,5.78
2025-08-23 02:00:00+00:00,3471.92,3971.99,-500.06,500.06,-14.40
2025-08-23 03:00:00+00:00,5316.38,5334.84,-18.46,18.46,-0.35
2025-08-23 04:00:00+00:00,3903.81,3892.37,11.44,11.44,0.29
2025-08-23 05:00:00+00:00,4250.72,4427.00,-176.28,176.28,-4.15
2025-08-23 06:00:00+00:00,4151.85,4130.17,21.68,21.68,0.52
2025-08-23 07:00:00+00:00,3579.99,3829.72,-249.73,249.73,-6.98
2025-08-23 08:00:00+00:00,270.86,342.36,-71.50,71.50,-26.40
2025-08-23 09:00:00+00:00,-4986.82,-3948.26,-1038.56,1038.56,20.83
2025-08-23 10:00:00+00:00,-4421.03,-4438.60,17.57,17.57,-0.40
2025-08-23 11:00:00+00:00,-8504.83,-8228.45,-276.38,276.38,3.25
2025-08-23 12:00:00+00:00,-6152.19,-6494.54,342.35,342.35,-5.56
2025-08-23 13:00:00+00:00,-7253.19,-7422.24,169.05,169.05,-2.33
2025-08-23 14:00:00+00:00,-6017.62,-6730.70,713.08,713.08,-11.85
2025-08-23 15:00:00+00:00,-4908.27,-5304.10,395.83,395.83,-8.06
2025-08-23 16:00:00+00:00,-3497.00,-3610.00,113.00,113.00,-3.23
2025-08-23 17:00:00+00:00,-1541.97,-1339.00,-202.97,202.97,13.16
2025-08-23 18:00:00+00:00,-837.74,-761.73,-76.01,76.01,9.07
2025-08-23 19:00:00+00:00,-754.79,-751.98,-2.81,2.81,0.37
2025-08-23 20:00:00+00:00,1044.72,725.33,319.39,319.39,30.57
2025-08-23 21:00:00+00:00,1410.90,1445.74,-34.84,34.84,-2.47
2025-08-23 22:00:00+00:00,1905.08,2241.61,-336.53,336.53,-17.66
2025-08-23 23:00:00+00:00,1061.31,1390.96,-329.65,329.65,-31.06
2025-08-24 00:00:00+00:00,5598.66,5494.78,103.88,103.88,1.86
2025-08-24 01:00:00+00:00,4055.17,4315.40,-260.24,260.24,-6.42
2025-08-24 02:00:00+00:00,4708.74,4739.72,-30.98,30.98,-0.66
2025-08-24 03:00:00+00:00,2612.54,3195.19,-582.64,582.64,-22.30
2025-08-24 04:00:00+00:00,6565.30,6604.55,-39.25,39.25,-0.60
2025-08-24 05:00:00+00:00,4922.79,4881.16,41.63,41.63,0.85
2025-08-24 06:00:00+00:00,5116.45,4836.19,280.26,280.26,5.48
2025-08-24 07:00:00+00:00,2542.71,2623.16,-80.46,80.46,-3.16
2025-08-24 08:00:00+00:00,3992.23,3590.84,401.39,401.39,10.05
2025-08-24 09:00:00+00:00,-1116.32,-1208.40,92.08,92.08,-8.25
2025-08-24 10:00:00+00:00,-4272.46,-4025.28,-247.18,247.18,5.79
2025-08-24 11:00:00+00:00,-7593.49,-6837.87,-755.62,755.62,9.95
2025-08-24 12:00:00+00:00,-10155.16,-9872.14,-283.01,283.01,2.79
2025-08-24 13:00:00+00:00,-5400.79,-5460.79,60.00,60.00,-1.11
2025-08-24 14:00:00+00:00,-7453.48,-6894.20,-559.28,559.28,7.50
2025-08-24 15:00:00+00:00,-1836.24,-2867.12,1030.88,1030.88,-56.14
2025-08-24 16:00:00+00:00,-2447.68,-2623.23,175.54,175.54,-7.17
2025-08-24 17:00:00+00:00,-3252.67,-3619.94,367.27,367.27,-11.29
2025-08-24 18:00:00+00:00,-1482.60,-1946.35,463.75,463.75,-31.28
2025-08-24 19:00:00+00:00,-3069.76,-3259.69,189.93,189.93,-6.19
2025-08-24 20:00:00+00:00,1521.71,284.29,1237.42,1237.42,81.32
2025-08-24 21:00:00+00:00,-246.70,-431.03,184.33,184.33,-74.72
2025-08-24 22:00:00+00:00,391.36,196.11,195.25,195.25,49.89
2025-08-24 23:00:00+00:00,4530.76,4307.82,222.94,222.94,4.92
2025-08-25 00:00:00+00:00,4969.31,5138.28,-168.97,168.97,-3.40
2025-08-25 01:00:00+00:00,5455.53,5660.51,-204.97,204.97,-3.76
2025-08-25 02:00:00+00:00,4410.02,4716.86,-306.84,306.84,-6.96
2025-08-25 03:00:00+00:00,8271.02,8493.06,-222.05,222.05,-2.68
2025-08-25 04:00:00+00:00,752.32,2859.55,-2107.23,2107.23,-280.10
2025-08-25 05:00:00+00:00,9544.59,9556.04,-11.45,11.45,-0.12
2025-08-25 06:00:00+00:00,2437.08,2457.95,-20.87,20.87,-0.86
2025-08-25 07:00:00+00:00,-989.66,-609.89,-379.77,379.77,38.37
2025-08-25 08:00:00+00:00,-1385.40,-1537.44,152.05,152.05,-10.97
2025-08-25 09:00:00+00:00,-5188.86,-5220.79,31.92,31.92,-0.62
2025-08-25 12:00:00+00:00,-3913.81,-3999.33,85.52,85.52,-2.19
2025-08-25 13:00:00+00:00,-4419.10,-4673.90,254.80,254.80,-5.77
2025-08-25 14:00:00+00:00,-3141.16,-2767.19,-373.97,373.97,11.91
2025-08-25 15:00:00+00:00,-2740.93,-2350.07,-390.86,390.86,14.26
2025-08-25 16:00:00+00:00,-6451.89,-6137.18,-314.72,314.72,4.88
2025-08-25 17:00:00+00:00,3257.61,3140.13,117.47,117.47,3.61
2025-08-25 18:00:00+00:00,-456.54,-648.47,191.93,191.93,-42.04
2025-08-25 19:00:00+00:00,-8216.02,-8449.87,233.85,233.85,-2.85
2025-08-25 20:00:00+00:00,5237.12,3893.87,1343.25,1343.25,25.65
2025-08-25 21:00:00+00:00,1133.19,1155.21,-22.02,22.02,-1.94
2025-08-25 22:00:00+00:00,934.52,1084.11,-149.59,149.59,-16.01
2025-08-25 23:00:00+00:00,3886.94,3967.90,-80.95,80.95,-2.08
2025-08-26 00:00:00+00:00,4107.94,4355.93,-247.99,247.99,-6.04
2025-08-26 01:00:00+00:00,2791.44,3385.37,-593.94,593.94,-21.28
2025-08-26 02:00:00+00:00,9725.39,9526.72,198.68,198.68,2.04
2025-08-26 03:00:00+00:00,5910.89,6078.63,-167.74,167.74,-2.84
2025-08-26 04:00:00+00:00,3222.82,3765.36,-542.54,542.54,-16.83
2025-08-26 05:00:00+00:00,6163.00,6144.36,18.64,18.64,0.30
2025-08-26 06:00:00+00:00,2603.33,2690.71,-87.38,87.38,-3.36
2025-08-26 07:00:00+00:00,431.49,738.52,-307.03,307.03,-71.16
2025-08-26 08:00:00+00:00,-3784.41,-3349.86,-434.54,434.54,11.48
2025-08-26 09:00:00+00:00,-15119.75,-14649.07,-470.67,470.67,3.11
2025-08-26 10:00:00+00:00,9454.93,7171.72,2283.21,2283.21,24.15
2025-08-26 11:00:00+00:00,-2472.17,-2838.49,366.31,366.31,-14.82
2025-08-26 12:00:00+00:00,-11604.25,-10859.66,-744.59,744.59,6.42
2025-08-26 13:00:00+00:00,1816.89,1579.22,237.67,237.67,13.08
2025-08-26 14:00:00+00:00,-2722.39,-2428.35,-294.04,294.04,10.80
2025-08-26 15:00:00+00:00,-1381.88,-1794.01,412.13,412.13,-29.82
2025-08-26 16:00:00+00:00,-2875.53,-2924.82,49.30,49.30,-1.71
2025-08-26 17:00:00+00:00,-1589.44,-1784.76,195.32,195.32,-12.29
2025-08-26 18:00:00+00:00,-1765.29,-2015.52,250.23,250.23,-14.17
2025-08-26 19:00:00+00:00,-2173.83,-2138.98,-34.85,34.85,1.60
2025-08-26 20:00:00+00:00,-581.60,-712.18,130.58,130.58,-22.45
2025-08-26 21:00:00+00:00,-3234.73,-3225.78,-8.95,8.95,0.28
2025-08-26 22:00:00+00:00,6505.67,6754.19,-248.52,248.52,-3.82
2025-08-26 23:00:00+00:00,2147.34,2719.58,-572.24,572.24,-26.65
2025-08-27 00:00:00+00:00,3705.53,3777.65,-72.12,72.12,-1.95
2025-08-27 01:00:00+00:00,5314.20,5257.00,57.20,57.20,1.08
2025-08-27 02:00:00+00:00,5690.99,5538.86,152.13,152.13,2.67
2025-08-27 03:00:00+00:00,5692.70,5893.39,-200.68,200.68,-3.53
2025-08-27 04:00:00+00:00,5698.14,5752.74,-54.60,54.60,-0.96
2025-08-27 05:00:00+00:00,3594.62,4009.36,-414.74,414.74,-11.54
2025-08-27 06:00:00+00:00,762.66,752.96,9.70,9.70,1.27
2025-08-27 07:00:00+00:00,-2627.54,-2660.95,33.40,33.40,-1.27
2025-08-27 08:00:00+00:00,1865.70,572.26,1293.43,1293.43,69.33
2025-08-27 09:00:00+00:00,-2624.43,-2432.77,-191.65,191.65,7.30
2025-08-27 10:00:00+00:00,-4347.39,-4330.98,-16.41,16.41,0.38
2025-08-27 11:00:00+00:00,-972.36,-1079.12,106.76,106.76,-10.98
2025-08-27 12:00:00+00:00,-3338.54,-3619.52,280.98,280.98,-8.42
2025-08-27 13:00:00+00:00,-10156.59,-9316.25,-840.34,840.34,8.27
2025-08-27 14:00:00+00:00,5846.34,4983.99,862.35,862.35,14.75
2025-08-27 15:00:00+00:00,-9603.53,-8301.74,-1301.79,1301.79,13.56
2025-08-27 16:00:00+00:00,6779.72,7158.19,-378.47,378.47,-5.58
2025-08-27 17:00:00+00:00,-1138.87,-1375.23,236.36,236.36,-20.75
2025-08-27 18:00:00+00:00,-2330.13,-2333.05,2.92,2.92,-0.13
2025-08-27 19:00:00+00:00,-2525.51,-2539.15,13.64,13.64,-0.54
2025-08-27 20:00:00+00:00,-1601.23,-1626.15,24.92,24.92,-1.56
2025-08-27 21:00:00+00:00,-3993.90,-3736.15,-257.75,257.75,6.45
2025-08-27 22:00:00+00:00,1914.90,1556.35,358.54,358.54,18.72
2025-08-27 23:00:00+00:00,1006.79,1123.44,-116.65,116.65,-11.59
2025-08-28 00:00:00+00:00,2586.09,2848.74,-262.65,262.65,-10.16
2025-08-28 01:00:00+00:00,3914.66,3961.27,-46.62,46.62,-1.19
2025-08-28 02:00:00+00:00,1969.01,2294.45,-325.44,325.44,-16.53
2025-08-28 03:00:00+00:00,7357.52,7158.66,198.87,198.87,2.70
2025-08-28 04:00:00+00:00,1076.91,2946.52,-1869.60,1869.60,-173.61
2025-08-28 05:00:00+00:00,-6625.67,-5528.80,-1096.87,1096.87,16.55
2025-08-28 07:00:00+00:00,-3326.01,-3391.02,65.00,65.00,-1.95
2025-08-28 08:00:00+00:00,499.60,532.06,-32.46,32.46,-6.50
2025-08-28 09:00:00+00:00,-3234.06,-3367.99,133.94,133.94,-4.14
2025-08-28 10:00:00+00:00,-12315.78,-14225.18,1909.40,1909.40,-15.50
2025-08-28 11:00:00+00:00,3525.51,3084.53,440.97,440.97,12.51
2025-08-28 12:00:00+00:00,-1936.53,-2220.19,283.67,283.67,-14.65
2025-08-28 13:00:00+00:00,-2138.55,-2431.29,292.74,292.74,-13.69
2025-08-28 14:00:00+00:00,-2024.47,-2783.47,758.99,758.99,-37.49
2025-08-28 15:00:00+00:00,-2300.89,-2278.65,-22.25,22.25,0.97
2025-08-28 16:00:00+00:00,-997.91,-1596.88,598.97,598.97,-60.02
2025-08-28 17:00:00+00:00,-1409.25,-1740.47,331.22,331.22,-23.50
2025-08-28 18:00:00+00:00,-1732.27,-1891.88,159.62,159.62,-9.21
2025-08-28 19:00:00+00:00,-2942.92,-2992.59,49.67,49.67,-1.69
2025-08-28 20:00:00+00:00,812.77,400.02,412.75,412.75,50.78
2025-08-28 21:00:00+00:00,-119.04,239.43,-358.47,358.47,301.13
2025-08-28 22:00:00+00:00,-105.95,-96.58,-9.37,9.37,8.85
2025-08-28 23:00:00+00:00,1447.75,1397.34,50.41,50.41,3.48
2025-08-29 00:00:00+00:00,2728.21,2952.63,-224.42,224.42,-8.23
2025-08-29 01:00:00+00:00,6648.41,6378.19,270.23,270.23,4.06
2025-08-29 02:00:00+00:00,4934.17,5195.44,-261.26,261.26,-5.29
2025-08-29 03:00:00+00:00,-6369.32,-5574.60,-794.72,794.72,12.48
2025-08-29 05:00:00+00:00,846.24,1599.81,-753.57,753.57,-89.05
2025-08-29 06:00:00+00:00,-9518.83,-9320.09,-198.74,198.74,2.09
2025-08-29 07:00:00+00:00,10329.09,9921.13,407.96,407.96,3.95
2025-08-29 08:00:00+00:00,-2314.36,-1334.29,-980.07,980.07,42.35
2025-08-29 09:00:00+00:00,-3124.07,-2840.20,-283.87,283.87,9.09
2025-08-29 10:00:00+00:00,-10106.04,-10351.22,245.18,245.18,-2.43
2025-08-29 11:00:00+00:00,1300.75,559.62,741.13,741.13,56.98
2025-08-29 12:00:00+00:00,-6794.21,-6106.03,-688.18,688.18,10.13
2025-08-29 13:00:00+00:00,-1786.67,-3159.03,1372.36,1372.36,-76.81
2025-08-29 14:00:00+00:00,-4083.32,-4221.00,137.68,137.68,-3.37
2025-08-29 15:00:00+00:00,-3539.17,-4145.39,606.22,606.22,-17.13
2025-08-29 16:00:00+00:00,-3400.12,-3736.99,336.88,336.88,-9.91
2025-08-29 17:00:00+00:00,-1312.59,-125.45,-1187.14,1187.14,90.44
2025-08-29 18:00:00+00:00,-3682.40,-3824.27,141.86,141.86,-3.85
2025-08-29 19:00:00+00:00,59.45,-574.14,633.60,633.60,1065.68
2025-08-29 20:00:00+00:00,-1191.95,-1430.71,238.76,238.76,-20.03
2025-08-29 21:00:00+00:00,-11224.83,-11878.51,653.68,653.68,-5.82
2025-08-29 23:00:00+00:00,1144.44,893.14,251.30,251.30,21.96
2025-08-30 00:00:00+00:00,5267.29,5502.12,-234.83,234.83,-4.46
2025-08-30 01:00:00+00:00,5161.15,4837.88,323.27,323.27,6.26
2025-08-30 02:00:00+00:00,6017.52,5844.74,172.78,172.78,2.87
2025-08-30 03:00:00+00:00,6157.01,6356.57,-199.56,199.56,-3.24
2025-08-30 04:00:00+00:00,5656.56,5639.18,17.38,17.38,0.31
2025-08-30 05:00:00+00:00,6109.85,6025.06,84.79,84.79,1.39
2025-08-30 06:00:00+00:00,4679.54,4725.44,-45.90,45.90,-0.98
2025-08-30 07:00:00+00:00,3721.48,3723.72,-2.24,2.24,-0.06
2025-08-30 08:00:00+00:00,-1814.57,-1341.49,-473.09,473.09,26.07
2025-08-30 09:00:00+00:00,-2960.43,-2858.54,-101.88,101.88,3.44
2025-08-30 10:00:00+00:00,-1298.96,-1348.37,49.41,49.41,-3.80
2025-08-30 11:00:00+00:00,-5847.73,-5701.64,-146.09,146.09,2.50
2025-08-30 12:00:00+00:00,-11381.76,-9960.90,-1420.86,1420.86,12.48
2025-08-30 13:00:00+00:00,-316.27,-1559.94,1243.67,1243.67,-393.22
2025-08-30 14:00:00+00:00,-5031.69,-4769.53,-262.16,262.16,5.21
2025-08-30 15:00:00+00:00,-8230.33,-7562.40,-667.93,667.93,8.12
2025-08-30 16:00:00+00:00,-8104.59,-7702.26,-402.32,402.32,4.96
2025-08-30 17:00:00+00:00,-929.36,-1371.32,441.96,441.96,-47.56
2025-08-30 18:00:00+00:00,1010.41,1331.64,-321.24,321.24,-31.79
2025-08-30 19:00:00+00:00,5375.21,5659.07,-283.86,283.86,-5.28
2025-08-30 20:00:00+00:00,-464.95,136.95,-601.90,601.90,129.46
2025-08-30 21:00:00+00:00,-5246.33,-5394.20,147.87,147.87,-2.82
2025-08-30 22:00:00+00:00,7692.52,7170.70,521.82,521.82,6.78
2025-08-30 23:00:00+00:00,3000.78,3147.50,-146.71,146.71,-4.89
2025-08-31 00:00:00+00:00,-4359.99,-3742.39,-617.61,617.61,14.17
2025-08-31 01:00:00+00:00,8987.43,9341.78,-354.35,354.35,-3.94
2025-08-31 02:00:00+00:00,6380.01,6246.29,133.72,133.72,2.10
2025-08-31 03:00:00+00:00,5076.13,5289.12,-212.99,212.99,-4.20
2025-08-31 04:00:00+00:00,4128.07,4357.21,-229.14,229.14,-5.55
2025-08-31 05:00:00+00:00,5268.45,5352.19,-83.74,83.74,-1.59
2025-08-31 06:00:00+00:00,4110.42,4084.62,25.80,25.80,0.63
2025-08-31 07:00:00+00:00,5862.20,5838.74,23.46,23.46,0.40
2025-08-31 08:00:00+00:00,27.10,461.73,-434.62,434.62,-1603.50
2025-08-31 09:00:00+00:00,-827.35,-622.39,-204.96,204.96,24.77
2025-08-31 10:00:00+00:00,1010.87,806.55,204.31,204.31,20.21
2025-08-31 11:00:00+00:00,-12250.61,-11123.49,-1127.12,1127.12,9.20
2025-08-31 12:00:00+00:00,-6735.71,-7197.42,461.72,461.72,-6.85
2025-08-31 13:00:00+00:00,-13206.00,-13676.44,470.44,470.44,-3.56
2025-08-31 14:00:00+00:00,5759.05,5126.71,632.34,632.34,10.98
2025-08-31 15:00:00+00:00,-4690.91,-4749.31,58.40,58.40,-1.24
2025-08-31 16:00:00+00:00,-5832.18,-5139.41,-692.77,692.77,11.88
2025-08-31 17:00:00+00:00,-2530.20,-2632.34,102.14,102.14,-4.04
2025-08-31 18:00:00+00:00,-2059.29,-2297.15,237.86,237.86,-11.55
2025-08-31 19:00:00+00:00,-186.07,-995.35,809.28,809.28,-434.94
2025-08-31 20:00:00+00:00,-1914.12,-2242.04,327.91,327.91,-17.13
2025-08-31 21:00:00+00:00,-289.21,-621.80,332.59,332.59,-115.00
2025-08-31 22:00:00+00:00,1516.77,1421.51,95.26,95.26,6.28
2025-08-31 23:00:00+00:00,820.87,1018.49,-197.62,197.62,-24.07
2025-09-01 00:00:00+00:00,7225.58,6676.21,549.37,549.37,7.60
2025-09-01 01:00:00+00:00,5858.04,6017.59,-159.54,159.54,-2.72
2025-09-01 02:00:00+00:00,5988.12,6305.87,-317.74,317.74,-5.31
2025-09-01 03:00:00+00:00,5242.29,5581.47,-339.18,339.18,-6.47
2025-09-01 04:00:00+00:00,5802.83,5963.09,-160.26,160.26,-2.76
2025-09-01 05:00:00+00:00,4714.98,4770.00,-55.02,55.02,-1.17
2025-09-01 06:00:00+00:00,2358.21,2474.34,-116.13,116.13,-4.92
2025-09-01 07:00:00+00:00,-3740.02,-3808.27,68.25,68.25,-1.82
2025-09-01 08:00:00+00:00,466.48,-377.08,843.55,843.55,180.83
2025-09-01 09:00:00+00:00,-2568.86,-2445.78,-123.08,123.08,4.79
2025-09-01 10:00:00+00:00,-4307.27,-5402.88,1095.60,1095.60,-25.44
2025-09-01 11:00:00+00:00,-15680.94,-16739.09,1058.14,1058.14,-6.75
2025-09-01 12:00:00+00:00,2004.80,526.25,1478.55,1478.55,73.75
2025-09-01 13:00:00+00:00,-3961.56,-4300.46,338.90,338.90,-8.55
2025-09-01 14:00:00+00:00,-9950.93,-9501.74,-449.19,449.19,4.51
2025-09-01 15:00:00+00:00,4761.04,4665.85,95.19,95.19,2.00
2025-09-01 16:00:00+00:00,-1907.23,-2098.24,191.01,191.01,-10.02
2025-09-01 17:00:00+00:00,-2275.92,-2335.03,59.11,59.11,-2.60
2025-09-01 18:00:00+00:00,-1163.45,-1284.80,121.35,121.35,-10.43
2025-09-01 19:00:00+00:00,-7933.07,-7414.44,-518.63,518.63,6.54
2025-09-01 20:00:00+00:00,6065.71,5109.00,956.71,956.71,15.77
2025-09-01 21:00:00+00:00,-523.94,-860.49,336.56,336.56,-64.24
2025-09-01 22:00:00+00:00,1655.06,2057.83,-402.78,402.78,-24.34
2025-09-01 23:00:00+00:00,4745.57,4561.97,183.60,183.60,3.87
2025-09-02 00:00:00+00:00,3102.82,3352.60,-249.78,249.78,-8.05
2025-09-02 01:00:00+00:00,-3750.18,-3430.44,-319.74,319.74,8.53
2025-09-02 02:00:00+00:00,6201.60,6004.91,196.69,196.69,3.17
2025-09-02 04:00:00+00:00,7708.48,7816.25,-107.76,107.76,-1.40
2025-09-02 05:00:00+00:00,5115.85,5213.70,-97.85,97.85,-1.91
2025-09-02 06:00:00+00:00,-202.16,550.75,-752.90,752.90,372.43
2025-09-02 07:00:00+00:00,269.63,555.77,-286.15,286.15,-106.13
2025-09-02 08:00:00+00:00,655.25,268.29,386.96,386.96,59.06
2025-09-02 09:00:00+00:00,493.17,236.94,256.23,256.23,51.96
2025-09-02 10:00:00+00:00,-13456.00,-13196.43,-259.57,259.57,1.93
2025-09-02 11:00:00+00:00,8024.84,6932.27,1092.57,1092.57,13.61
2025-09-02 12:00:00+00:00,-13385.13,-12165.87,-1219.26,1219.26,9.11
2025-09-02 13:00:00+00:00,-2294.20,-3777.50,1483.29,1483.29,-64.65
2025-09-02 14:00:00+00:00,4949.33,3029.58,1919.75,1919.75,38.79
2025-09-02 15:00:00+00:00,-4098.94,-3312.52,-786.43,786.43,19.19
2025-09-02 16:00:00+00:00,467.08,-277.51,744.59,744.59,159.41
2025-09-02 17:00:00+00:00,-1130.35,-1116.65,-13.69,13.69,1.21
2025-09-02 18:00:00+00:00,-2152.44,-2217.45,65.02,65.02,-3.02
2025-09-02 19:00:00+00:00,-2239.28,-2241.16,1.88,1.88,-0.08
2025-09-02 20:00:00+00:00,-1396.47,-1317.37,-79.10,79.10,5.66
2025-09-02 21:00:00+00:00,-2663.18,-2690.80,27.62,27.62,-1.04
2025-09-02 22:00:00+00:00,394.50,227.71,166.79,166.79,42.28
2025-09-02 23:00:00+00:00,4513.45,4454.27,59.18,59.18,1.31
2025-09-03 00:00:00+00:00,3891.65,3775.60,116.06,116.06,2.98
2025-09-03 01:00:00+00:00,4178.49,4615.79,-437.31,437.31,-10.47
2025-09-03 02:00:00+00:00,4953.76,5011.90,-58.14,58.14,-1.17
2025-09-03 03:00:00+00:00,5086.36,5222.40,-136.04,136.04,-2.67
2025-09-03 04:00:00+00:00,4593.50,4847.03,-253.52,253.52,-5.52
2025-09-03 05:00:00+00:00,4601.38,4548.11,53.27,53.27,1.16
2025-09-03 06:00:00+00:00,396.14,619.87,-223.73,223.73,-56.48
2025-09-03 07:00:00+00:00,-1335.83,-1646.51,310.69,310.69,-23.26
2025-09-03 10:00:00+00:00,-4562.79,-4545.80,-16.99,16.99,0.37
2025-09-03 11:00:00+00:00,-5174.41,-5398.99,224.58,224.58,-4.34
2025-09-03 12:00:00+00:00,-6716.87,-6740.91,24.04,24.04,-0.36
2025-09-03 13:00:00+00:00,-2963.80,-3339.35,375.55,375.55,-12.67
2025-09-03 14:00:00+00:00,-3270.89,-3607.36,336.47,336.47,-10.29
2025-09-03 15:00:00+00:00,-1484.37,-1793.04,308.67,308.67,-20.79
2025-09-03 16:00:00+00:00,-680.42,-996.70,316.27,316.27,-46.48
2025-09-03 17:00:00+00:00,-1717.01,-2216.15,499.14,499.14,-29.07
2025-09-03 18:00:00+00:00,-2489.38,-2690.40,201.02,201.02,-8.08
2025-09-03 19:00:00+00:00,442.70,-840.88,1283.58,1283.58,289.94
2025-09-03 20:00:00+00:00,-6501.89,-6736.65,234.76,234.76,-3.61
2025-09-03 21:00:00+00:00,3964.86,2679.79,1285.07,1285.07,32.41
2025-09-03 22:00:00+00:00,1894.45,1674.08,220.36,220.36,11.63
2025-09-03 23:00:00+00:00,1824.38,1960.89,-136.51,136.51,-7.48
2025-09-04 00:00:00+00:00,3663.60,3573.73,89.87,89.87,2.45
2025-09-04 01:00:00+00:00,4788.14,5092.60,-304.45,304.45,-6.36
2025-09-04 02:00:00+00:00,5182.62,5195.46,-12.84,12.84,-0.25
2025-09-04 03:00:00+00:00,3835.00,4301.95,-466.95,466.95,-12.18
2025-09-04 04:00:00+00:00,6698.60,6602.87,95.73,95.73,1.43
2025-09-04 05:00:00+00:00,4862.09,4826.61,35.48,35.48,0.73
2025-09-04 06:00:00+00:00,1305.82,1265.43,40.38,40.38,3.09
2025-09-04 07:00:00+00:00,-1432.23,-1120.69,-311.54,311.54,21.75
2025-09-04 08:00:00+00:00,-5178.03,-5287.54,109.50,109.50,-2.11
2025-09-04 09:00:00+00:00,-8329.86,-7968.39,-361.47,361.47,4.34
2025-09-04 10:00:00+00:00,2815.90,1120.10,1695.81,1695.81,60.22
2025-09-04 11:00:00+00:00,-3976.97,-3796.70,-180.27,180.27,4.53
2025-09-04 12:00:00+00:00,-3800.51,-4074.26,273.75,273.75,-7.20
2025-09-04 13:00:00+00:00,-3870.67,-4010.20,139.53,139.53,-3.60
2025-09-04 14:00:00+00:00,-2644.73,-2827.39,182.66,182.66,-6.91
2025-09-04 15:00:00+00:00,-969.20,-777.86,-191.34,191.34,19.74
2025-09-04 16:00:00+00:00,-915.22,-1023.60,108.38,108.38,-11.84
2025-09-04 17:00:00+00:00,-2949.07,-2992.69,43.62,43.62,-1.48
2025-09-04 18:00:00+00:00,95.28,-400.31,495.59,495.59,520.16
2025-09-04 19:00:00+00:00,-861.78,-1325.13,463.35,463.35,-53.77
2025-09-04 20:00:00+00:00,-1164.79,-1546.69,381.90,381.90,-32.79
2025-09-04 21:00:00+00:00,1340.70,1046.83,293.87,293.87,21.92
2025-09-04 22:00:00+00:00,591.30,753.24,-161.95,161.95,-27.39
2025-09-04 23:00:00+00:00,2219.49,2234.80,-15.31,15.31,-0.69
2025-09-05 00:00:00+00:00,3045.94,3343.30,-297.36,297.36,-9.76
2025-09-05 01:00:00+00:00,5518.73,5112.48,406.25,406.25,7.36
2025-09-05 02:00:00+00:00,5090.07,5181.15,-91.09,91.09,-1.79
2025-09-05 03:00:00+00:00,4834.99,5044.17,-209.18,209.18,-4.33
2025-09-05 04:00:00+00:00,5128.39,5279.93,-151.54,151.54,-2.95
2025-09-05 05:00:00+00:00,4281.26,4532.07,-250.81,250.81,-5.86
2025-09-05 06:00:00+00:00,2108.50,2170.97,-62.47,62.47,-2.96
2025-09-05 07:00:00+00:00,-464.70,-529.58,64.88,64.88,-13.96
2025-09-05 08:00:00+00:00,-1653.09,-1598.08,-55.01,55.01,3.33
2025-09-05 09:00:00+00:00,-1706.72,-1930.16,223.45,223.45,-13.09
2025-09-05 10:00:00+00:00,-11807.41,-10880.46,-926.95,926.95,7.85
2025-09-05 11:00:00+00:00,-3889.65,-5839.82,1950.17,1950.17,-50.14
2025-09-05 12:00:00+00:00,5468.06,4914.29,553.77,553.77,10.13
2025-09-05 13:00:00+00:00,-3085.13,-3140.85,55.72,55.72,-1.81
2025-09-05 14:00:00+00:00,-3023.81,-3261.86,238.05,238.05,-7.87
2025-09-05 15:00:00+00:00,-2396.78,-2229.40,-167.38,167.38,6.98
2025-09-05 16:00:00+00:00,-3894.05,-3583.85,-310.20,310.20,7.97
2025-09-05 17:00:00+00:00,567.58,332.50,235.08,235.08,41.42
2025-09-05 18:00:00+00:00,-2215.67,-2095.44,-120.23,120.23,5.43
2025-09-05 19:00:00+00:00,-661.46,-932.07,270.61,270.61,-40.91
2025-09-05 20:00:00+00:00,-373.45,-314.93,-58.52,58.52,15.67
2025-09-05 21:00:00+00:00,24.17,-215.39,239.56,239.56,991.17
2025-09-05 22:00:00+00:00,883.70,950.89,-67.19,67.19,-7.60
2025-09-05 23:00:00+00:00,1589.64,1728.50,-138.86,138.86,-8.74
2025-09-06 00:00:00+00:00,2553.73,2674.28,-120.55,120.55,-4.72
2025-09-06 01:00:00+00:00,3118.17,3824.28,-706.11,706.11,-22.64
2025-09-06 02:00:00+00:00,5501.99,5517.82,-15.84,15.84,-0.29
2025-09-06 03:00:00+00:00,5412.91,5374.07,38.84,38.84,0.72
2025-09-06 04:00:00+00:00,5040.98,5104.00,-63.02,63.02,-1.25
2025-09-06 05:00:00+00:00,2460.89,2444.99,15.90,15.90,0.65
2025-09-06 06:00:00+00:00,5824.17,5531.38,292.80,292.80,5.03
2025-09-06 07:00:00+00:00,3520.36,3345.77,174.58,174.58,4.96
2025-09-06 08:00:00+00:00,-1413.50,-1118.33,-295.17,295.17,20.88
2025-09-06 09:00:00+00:00,-1800.08,-1838.28,38.20,38.20,-2.12
2025-09-06 10:00:00+00:00,-3802.58,-3953.98,151.41,151.41,-3.98
2025-09-06 13:00:00+00:00,-3597.86,-3416.09,-181.76,181.76,5.05
2025-09-06 14:00:00+00:00,-4442.79,-3972.92,-469.86,469.86,10.58
2025-09-06 15:00:00+00:00,-3777.43,-3680.07,-97.35,97.35,2.58
2025-09-06 16:00:00+00:00,-2475.21,-2726.84,251.63,251.63,-10.17
2025-09-06 17:00:00+00:00,-1434.62,-1959.62,525.00,525.00,-36.60
2025-09-06 18:00:00+00:00,-1109.95,-1802.60,692.65,692.65,-62.40
2025-09-06 19:00:00+00:00,-665.98,-1097.69,431.71,431.71,-64.82
2025-09-06 20:00:00+00:00,-291.01,-1115.46,824.45,824.45,-283.30
2025-09-06 21:00:00+00:00,262.03,451.23,-189.20,189.20,-72.21
2025-09-06 22:00:00+00:00,1623.20,1411.40,211.81,211.81,13.05
2025-09-06 23:00:00+00:00,2243.03,2015.76,227.27,227.27,10.13
2025-09-07 02:00:00+00:00,3183.74,3049.41,134.34,134.34,4.22
2025-09-07 03:00:00+00:00,4812.13,4427.62,384.51,384.51,7.99
2025-09-07 04:00:00+00:00,5151.65,5181.46,-29.80,29.80,-0.58
2025-09-07 05:00:00+00:00,4868.34,4703.02,165.32,165.32,3.40
2025-09-07 06:00:00+00:00,3518.54,3541.54,-22.99,22.99,-0.65
2025-09-07 07:00:00+00:00,4945.42,4470.71,474.71,474.71,9.60
2025-09-07 08:00:00+00:00,2561.85,1765.37,796.48,796.48,31.09
2025-09-07 09:00:00+00:00,3569.58,2948.28,621.30,621.30,17.41
2025-09-07 10:00:00+00:00,-928.72,-1003.42,74.69,74.69,-8.04
2025-09-07 11:00:00+00:00,-4818.42,-4141.34,-677.08,677.08,14.05
2025-09-07 12:00:00+00:00,-7241.47,-7453.63,212.15,212.15,-2.93
2025-09-07 13:00:00+00:00,-6810.41,-7312.07,501.66,501.66,-7.37
2025-09-07 14:00:00+00:00,-6709.33,-6632.59,-76.74,76.74,1.14
2025-09-07 15:00:00+00:00,-5974.09,-6409.37,435.28,435.28,-7.29
2025-09-07 16:00:00+00:00,-6012.89,-6379.01,366.11,366.11,-6.09
2025-09-07 17:00:00+00:00,-2335.24,-3294.65,959.41,959.41,-41.08
2025-09-07 18:00:00+00:00,-437.74,-1830.99,1393.26,1393.26,-318.29
2025-09-07 19:00:00+00:00,-3902.66,-3915.01,12.35,12.35,-0.32
2025-09-07 20:00:00+00:00,-687.28,-2284.15,1596.87,1596.87,-232.35
2025-09-07 21:00:00+00:00,-6752.95,-7078.75,325.80,325.80,-4.82
2025-09-07 22:00:00+00:00,3440.26,2731.66,708.60,708.60,20.60
2025-09-07 23:00:00+00:00,1737.94,1171.85,566.08,566.08,32.57
2025-09-08 00:00:00+00:00,3940.62,3722.10,218.53,218.53,5.55
2025-09-08 01:00:00+00:00,4428.33,4311.04,117.29,117.29,2.65
2025-09-08 02:00:00+00:00,5950.58,6016.05,-65.47,65.47,-1.10
2025-09-08 03:00:00+00:00,5461.13,5651.00,-189.88,189.88,-3.48
2025-09-08 04:00:00+00:00,4400.83,4768.34,-367.51,367.51,-8.35
2025-09-08 05:00:00+00:00,3855.88,4175.29,-319.41,319.41,-8.28
2025-09-08 06:00:00+00:00,-322.78,638.00,-960.78,960.78,297.66
2025-09-08 07:00:00+00:00,1448.30,1181.52,266.78,266.78,18.42
2025-09-08 08:00:00+00:00,-1356.44,-1366.07,9.64,9.64,-0.71
2025-09-08 09:00:00+00:00,-2243.42,-2223.56,-19.85,19.85,0.89
2025-09-08 10:00:00+00:00,-4949.13,-5176.52,227.39,227.39,-4.59
2025-09-08 11:00:00+00:00,-4039.71,-4327.54,287.82,287.82,-7.12
2025-09-08 12:00:00+00:00,-5534.99,-5653.22,118.23,118.23,-2.14
2025-09-08 13:00:00+00:00,-5127.09,-4929.79,-197.30,197.30,3.85
2025-09-08 14:00:00+00:00,-4780.91,-4835.80,54.89,54.89,-1.15
2025-09-08 15:00:00+00:00,-4286.60,-4481.82,195.22,195.22,-4.55
2025-09-08 16:00:00+00:00,-5050.87,-5322.27,271.40,271.40,-5.37
2025-09-08 17:00:00+00:00,-1681.95,-1817.15,135.20,135.20,-8.04
2025-09-08 18:00:00+00:00,-4804.32,-3712.53,-1091.79,1091.79,22.73
2025-09-08 19:00:00+00:00,5399.75,4806.77,592.98,592.98,10.98
2025-09-08 20:00:00+00:00,-352.82,-223.23,-129.59,129.59,36.73
2025-09-08 21:00:00+00:00,-1673.28,-989.95,-683.33,683.33,40.84
2025-09-08 22:00:00+00:00,1043.25,1373.97,-330.72,330.72,-31.70
2025-09-08 23:00:00+00:00,2821.47,2782.06,39.41,39.41,1.40
2025-09-09 00:00:00+00:00,4247.60,4468.43,-220.83,220.83,-5.20
2025-09-09 01:00:00+00:00,7021.14,7010.86,10.29,10.29,0.15
2025-09-09 02:00:00+00:00,6355.89,6581.46,-225.57,225.57,-3.55
2025-09-09 03:00:00+00:00,4973.75,5340.68,-366.93,366.93,-7.38
2025-09-09 04:00:00+00:00,5427.22,5621.61,-194.39,194.39,-3.58
2025-09-09 05:00:00+00:00,3227.94,3630.30,-402.35,402.35,-12.46
2025-09-09 06:00:00+00:00,5903.60,5813.06,90.54,90.54,1.53
2025-09-09 07:00:00+00:00,461.66,863.34,-401.68,401.68,-87.01
2025-09-09 08:00:00+00:00,-918.32,-1090.14,171.82,171.82,-18.71
2025-09-09 09:00:00+00:00,-1236.73,-1848.71,611.98,611.98,-49.48
2025-09-09 10:00:00+00:00,-4864.49,-4913.28,48.79,48.79,-1.00
2025-09-09 11:00:00+00:00,-2696.88,-2986.03,289.15,289.15,-10.72
2025-09-09 12:00:00+00:00,-4742.03,-4685.45,-56.58,56.58,1.19
2025-09-09 13:00:00+00:00,-3686.28,-3762.12,75.83,75.83,-2.06
2025-09-09 14:00:00+00:00,-4704.55,-4643.03,-61.53,61.53,1.31
2025-09-09 15:00:00+00:00,-2033.68,-2249.54,215.86,215.86,-10.61
2025-09-09 16:00:00+00:00,-2152.79,-1670.75,-482.05,482.05,22.39
2025-09-09 17:00:00+00:00,-1276.13,-1543.56,267.42,267.42,-20.96
2025-09-09 18:00:00+00:00,-1293.97,-1313.10,19.13,19.13,-1.48
2025-09-09 19:00:00+00:00,-2662.67,-2757.80,95.13,95.13,-3.57
2025-09-09 20:00:00+00:00,-1063.46,-1016.03,-47.44,47.44,4.46
2025-09-09 21:00:00+00:00,-1130.65,-945.88,-184.77,184.77,16.34
2025-09-09 22:00:00+00:00,-6242.28,-5638.03,-604.25,604.25,9.68
2025-09-09 23:00:00+00:00,9243.71,8527.61,716.11,716.11,7.75
2025-09-10 00:00:00+00:00,4145.98,4272.69,-126.70,126.70,-3.06
2025-09-10 01:00:00+00:00,3803.11,4284.97,-481.86,481.86,-12.67
2025-09-10 02:00:00+00:00,8402.92,8357.81,45.12,45.12,0.54
2025-09-10 03:00:00+00:00,5507.58,5975.54,-467.96,467.96,-8.50
2025-09-10 04:00:00+00:00,5318.49,5476.31,-157.82,157.82,-2.97
2025-09-10 05:00:00+00:00,5140.67,5013.42,127.25,127.25,2.48
2025-09-10 06:00:00+00:00,3115.60,2996.04,119.56,119.56,3.84
2025-09-10 07:00:00+00:00,-1303.57,-1133.48,-170.10,170.10,13.05
2025-09-10 08:00:00+00:00,-534.28,-840.67,306.39,306.39,-57.35
2025-09-10 09:00:00+00:00,-228.98,-356.28,127.30,127.30,-55.59
2025-09-10 10:00:00+00:00,-3369.16,-3465.33,96.17,96.17,-2.85
2025-09-10 11:00:00+00:00,-4575.37,-4744.92,169.55,169.55,-3.71
2025-09-10 12:00:00+00:00,-4008.65,-4066.93,58.28,58.28,-1.45
2025-09-10 13:00:00+00:00,-5586.82,-5453.13,-133.68,133.68,2.39
2025-09-10 14:00:00+00:00,-3922.50,-4078.34,155.83,155.83,-3.97
2025-09-10 15:00:00+00:00,-1945.31,-2297.71,352.40,352.40,-18.12
2025-09-10 16:00:00+00:00,-1252.33,-1642.53,390.20,390.20,-31.16
2025-09-10 17:00:00+00:00,-8398.47,-8408.65,10.18,10.18,-0.12
2025-09-10 18:00:00+00:00,3550.93,3395.34,155.59,155.59,4.38
2025-09-10 19:00:00+00:00,-336.03,-861.40,525.37,525.37,-156.34
2025-09-10 20:00:00+00:00,-2057.50,-2300.47,242.96,242.96,-11.81
2025-09-10 21:00:00+00:00,-1188.80,-1757.79,568.99,568.99,-47.86
2025-09-10 22:00:00+00:00,802.37,567.98,234.40,234.40,29.21
2025-09-10 23:00:00+00:00,1318.47,1387.34,-68.87,68.87,-5.22
2025-09-11 00:00:00+00:00,5940.02,5423.24,516.79,516.79,8.70
2025-09-11 01:00:00+00:00,3093.57,3664.51,-570.95,570.95,-18.46
2025-09-11 02:00:00+00:00,7670.45,7730.97,-60.52,60.52,-0.79
2025-09-11 03:00:00+00:00,7639.24,7962.71,-323.47,323.47,-4.23
2025-09-11 04:00:00+00:00,5194.80,5552.30,-357.51,357.51,-6.88
2025-09-11 05:00:00+00:00,4452.54,4438.78,13.76,13.76,0.31
2025-09-11 06:00:00+00:00,2373.50,2273.00,100.49,100.49,4.23
2025-09-11 07:00:00+00:00,2060.96,1814.34,246.61,246.61,11.97
2025-09-11 08:00:00+00:00,-1007.02,-789.59,-217.43,217.43,21.59
2025-09-11 09:00:00+00:00,-2464.19,-2588.62,124.42,124.42,-5.05
2025-09-11 10:00:00+00:00,-3667.73,-3560.73,-107.01,107.01,2.92
2025-09-11 11:00:00+00:00,-6118.49,-5630.26,-488.24,488.24,7.98
2025-09-11 12:00:00+00:00,-2307.27,-2613.35,306.08,306.08,-13.27
2025-09-11 13:00:00+00:00,-9585.00,-9181.64,-403.36,403.36,4.21
2025-09-11 14:00:00+00:00,1399.99,617.84,782.15,782.15,55.87
2025-09-11 15:00:00+00:00,-2795.99,-2904.61,108.62,108.62,-3.88
2025-09-11 16:00:00+00:00,-1396.30,-1828.15,431.84,431.84,-30.93
2025-09-11 17:00:00+00:00,-2085.06,-2441.47,356.40,356.40,-17.09
2025-09-11 18:00:00+00:00,-1000.46,-1467.15,466.68,466.68,-46.65
2025-09-11 19:00:00+00:00,-2348.45,-3083.96,735.51,735.51,-31.32
2025-09-11 20:00:00+00:00,-3379.73,-3923.56,543.82,543.82,-16.09
2025-09-11 21:00:00+00:00,619.24,59.74,559.49,559.49,90.35
2025-09-11 22:00:00+00:00,445.65,-76.64,522.29,522.29,117.20
2025-09-11 23:00:00+00:00,2086.73,2234.03,-147.30,147.30,-7.06
2025-09-12 00:00:00+00:00,3081.96,3086.25,-4.29,4.29,-0.14
2025-09-12 01:00:00+00:00,4688.25,4697.29,-9.04,9.04,-0.19
2025-09-12 02:00:00+00:00,5527.68,5506.42,21.26,21.26,0.38
2025-09-12 03:00:00+00:00,5098.88,5303.65,-204.77,204.77,-4.02
2025-09-12 04:00:00+00:00,4088.68,4152.19,-63.51,63.51,-1.55
2025-09-12 05:00:00+00:00,4940.68,4838.53,102.15,102.15,2.07
2025-09-12 06:00:00+00:00,2361.03,2407.83,-46.80,46.80,-1.98
2025-09-12 07:00:00+00:00,-356.97,-548.41,191.43,191.43,-53.63
2025-09-12 08:00:00+00:00,-2604.23,-2896.35,292.13,292.13,-11.22
2025-09-12 09:00:00+00:00,-9840.09,-10528.57,688.49,688.49,-7.00
2025-09-12 10:00:00+00:00,1263.78,702.76,561.02,561.02,44.39
2025-09-12 11:00:00+00:00,-4277.03,-4528.50,251.47,251.47,-5.88
2025-09-12 12:00:00+00:00,-5100.03,-4801.00,-299.02,299.02,5.86
2025-09-12 13:00:00+00:00,-1743.51,-2886.19,1142.68,1142.68,-65.54
2025-09-12 14:00:00+00:00,-4054.45,-4271.66,217.21,217.21,-5.36
2025-09-12 15:00:00+00:00,-3467.76,-3561.14,93.38,93.38,-2.69
2025-09-12 16:00:00+00:00,-1016.07,-1495.87,479.79,479.79,-47.22
2025-09-12 17:00:00+00:00,-1758.89,-2158.74,399.84,399.84,-22.73
2025-09-12 18:00:00+00:00,-1516.75,-1858.75,342.00,342.00,-22.55
2025-09-12 19:00:00+00:00,663.92,294.53,369.38,369.38,55.64
2025-09-12 20:00:00+00:00,-222.53,-151.05,-71.48,71.48,32.12
2025-09-12 21:00:00+00:00,-4250.67,-4025.92,-224.74,224.74,5.29
2025-09-12 22:00:00+00:00,5620.06,5324.26,295.80,295.80,5.26
2025-09-12 23:00:00+00:00,2698.15,2819.95,-121.80,121.80,-4.51
2025-09-13 00:00:00+00:00,4075.85,4197.23,-121.38,121.38,-2.98
2025-09-13 01:00:00+00:00,5746.47,5760.76,-14.28,14.28,-0.25
2025-09-13 02:00:00+00:00,3684.51,4165.34,-480.84,480.84,-13.05
2025-09-13 03:00:00+00:00,6927.55,6858.78,68.77,68.77,0.99
2025-09-13 04:00:00+00:00,4508.21,5007.84,-499.63,499.63,-11.08
2025-09-13 05:00:00+00:00,6025.66,6039.47,-13.81,13.81,-0.23
2025-09-13 06:00:00+00:00,6600.93,6453.55,147.39,147.39,2.23
2025-09-13 07:00:00+00:00,4940.09,5018.76,-78.67,78.67,-1.59
2025-09-13 08:00:00+00:00,1471.65,1554.81,-83.16,83.16,-5.65
2025-09-13 11:00:00+00:00,-5584.36,-4728.52,-855.84,855.84,15.33
2025-09-13 12:00:00+00:00,-7813.37,-7962.41,149.04,149.04,-1.91
2025-09-13 13:00:00+00:00,-7443.24,-7315.03,-128.22,128.22,1.72
2025-09-13 14:00:00+00:00,-6434.72,-6028.46,-406.26,406.26,6.31
2025-09-13 15:00:00+00:00,-4988.80,-5155.98,167.18,167.18,-3.35
2025-09-13 16:00:00+00:00,-2951.50,-3350.60,399.10,399.10,-13.52
2025-09-13 17:00:00+00:00,-3535.54,-3821.20,285.66,285.66,-8.08
2025-09-13 18:00:00+00:00,-2543.28,-2723.59,180.31,180.31,-7.09
2025-09-13 19:00:00+00:00,-1913.74,-2207.53,293.79,293.79,-15.35
2025-09-13 20:00:00+00:00,-638.48,-1408.89,770.42,770.42,-120.67
2025-09-13 21:00:00+00:00,686.14,28.77,657.37,657.37,95.81
2025-09-13 22:00:00+00:00,-423.54,-799.70,376.16,376.16,-88.81
2025-09-13 23:00:00+00:00,4522.66,4715.94,-193.28,193.28,-4.27
2025-09-14 00:00:00+00:00,3601.03,3652.11,-51.09,51.09,-1.42
2025-09-14 01:00:00+00:00,4567.61,4707.37,-139.76,139.76,-3.06
2025-09-14 02:00:00+00:00,6100.16,6062.67,37.50,37.50,0.61
2025-09-14 03:00:00+00:00,3625.05,4251.40,-626.35,626.35,-17.28
2025-09-14 04:00:00+00:00,6936.52,6806.92,129.60,129.60,1.87
2025-09-14 05:00:00+00:00,5421.60,5361.82,59.78,59.78,1.10
2025-09-14 06:00:00+00:00,5147.52,5020.51,127.01,127.01,2.47
2025-09-14 07:00:00+00:00,5971.54,5833.96,137.58,137.58,2.30
2025-09-14 08:00:00+00:00,3629.84,3255.31,374.52,374.52,10.32
2025-09-14 09:00:00+00:00,-155.55,358.68,-514.24,514.24,330.59
2025-09-14 10:00:00+00:00,-3723.49,-3680.76,-42.73,42.73,1.15
2025-09-14 11:00:00+00:00,-6469.61,-6019.77,-449.84,449.84,6.95
2025-09-14 12:00:00+00:00,-7694.90,-7267.55,-427.35,427.35,5.55
2025-09-14 13:00:00+00:00,-8972.02,-8768.31,-203.70,203.70,2.27
2025-09-14 14:00:00+00:00,-3875.11,-4203.46,328.36,328.36,-8.47
2025-09-14 15:00:00+00:00,-3684.13,-3809.40,125.27,125.27,-3.40
2025-09-14 16:00:00+00:00,-2830.87,-3184.43,353.56,353.56,-12.49
2025-09-14 17:00:00+00:00,-1736.95,-2128.72,391.77,391.77,-22.55
2025-09-14 18:00:00+00:00,-5559.23,-5818.41,259.18,259.18,-4.66
2025-09-14 19:00:00+00:00,1335.12,531.68,803.44,803.44,60.18
2025-09-14 20:00:00+00:00,1309.93,610.52,699.41,699.41,53.39
2025-09-14 21:00:00+00:00,-219.63,-398.38,178.75,178.75,-81.39
2025-09-14 22:00:00+00:00,478.46,286.76,191.70,191.70,40.07
2025-09-14 23:00:00+00:00,3711.45,4153.77,-442.32,442.32,-11.92
2025-09-15 00:00:00+00:00,3892.16,3885.96,6.20,6.20,0.16
2025-09-15 01:00:00+00:00,3930.06,4387.46,-457.40,457.40,-11.64
2025-09-15 02:00:00+00:00,4273.53,4445.73,-172.20,172.20,-4.03
2025-09-15 03:00:00+00:00,8538.05,8349.90,188.14,188.14,2.20
2025-09-15 04:00:00+00:00,5042.09,5295.96,-253.87,253.87,-5.03
2025-09-15 05:00:00+00:00,3864.29,4254.93,-390.63,390.63,-10.11
2025-09-15 06:00:00+00:00,4730.06,4426.26,303.80,303.80,6.42
2025-09-15 07:00:00+00:00,965.63,1214.44,-248.81,248.81,-25.77
2025-09-15 08:00:00+00:00,-363.10,-486.64,123.53,123.53,-34.02
2025-09-15 09:00:00+00:00,-4967.47,-4167.22,-800.25,800.25,16.11
2025-09-15 10:00:00+00:00,-5180.40,-5133.77,-46.63,46.63,0.90
2025-09-15 11:00:00+00:00,-6347.17,-6507.03,159.86,159.86,-2.52
2025-09-15 12:00:00+00:00,-13102.88,-13920.54,817.66,817.66,-6.24
2025-09-15 13:00:00+00:00,1110.95,734.71,376.24,376.24,33.87
2025-09-15 14:00:00+00:00,-4436.75,-4735.77,299.02,299.02,-6.74
2025-09-15 15:00:00+00:00,-4779.49,-4699.99,-79.50,79.50,1.66
2025-09-15 16:00:00+00:00,-3810.76,-3947.68,136.92,136.92,-3.59
2025-09-15 17:00:00+00:00,-1787.07,-1928.62,141.55,141.55,-7.92
2025-09-15 18:00:00+00:00,-1889.58,-2079.07,189.49,189.49,-10.03
2025-09-15 19:00:00+00:00,-1522.74,-2072.32,549.58,549.58,-36.09
2025-09-15 21:00:00+00:00,46.15,-14.86,61.02,61.02,132.21
2025-09-15 22:00:00+00:00,71.66,50.01,21.64,21.64,30.21
2025-09-15 23:00:00+00:00,117.54,-66.31,183.84,183.84,156.41
2025-09-16 00:00:00+00:00,163.47,37.93,125.54,125.54,76.80
2025-09-16 03:00:00+00:00,2067.78,1243.75,824.03,824.03,39.85
2025-09-16 04:00:00+00:00,12007.49,11774.64,232.85,232.85,1.94
2025-09-16 05:00:00+00:00,2806.77,2938.97,-132.20,132.20,-4.71
2025-09-16 06:00:00+00:00,3793.81,3231.10,562.71,562.71,14.83
2025-09-16 07:00:00+00:00,1317.51,1325.35,-7.84,7.84,-0.60
2025-09-16 08:00:00+00:00,2674.86,2741.00,-66.14,66.14,-2.47
2025-09-16 09:00:00+00:00,-4584.73,-3852.12,-732.61,732.61,15.98
2025-09-16 10:00:00+00:00,-4598.44,-4355.80,-242.64,242.64,5.28
2025-09-16 11:00:00+00:00,-3298.87,-3612.33,313.47,313.47,-9.50
2025-09-16 12:00:00+00:00,-9551.66,-8772.46,-779.20,779.20,8.16
2025-09-16 13:00:00+00:00,-562.08,-1844.22,1282.14,1282.14,-228.11
2025-09-16 14:00:00+00:00,-3711.72,-4186.36,474.63,474.63,-12.79
2025-09-16 15:00:00+00:00,-3194.15,-2938.98,-255.17,255.17,7.99
2025-09-16 16:00:00+00:00,-1685.61,-2125.65,440.03,440.03,-26.11
2025-09-16 17:00:00+00:00,-2036.51,-2320.64,284.14,284.14,-13.95
2025-09-16 18:00:00+00:00,-2176.18,-2260.19,84.02,84.02,-3.86
2025-09-16 19:00:00+00:00,-1480.75,-1685.03,204.27,204.27,-13.80
2025-09-16 20:00:00+00:00,802.20,394.30,407.90,407.90,50.85
2025-09-16 21:00:00+00:00,-137.87,-343.26,205.40,205.40,-148.98
2025-09-16 22:00:00+00:00,-813.48,-612.55,-200.92,200.92,24.70
2025-09-16 23:00:00+00:00,3508.41,3307.45,200.96,200.96,5.73
2025-09-17 00:00:00+00:00,4189.96,4076.88,113.08,113.08,2.70
2025-09-17 01:00:00+00:00,3097.91,3585.33,-487.42,487.42,-15.73
2025-09-17 02:00:00+00:00,7421.99,7395.90,26.10,26.10,0.35
2025-09-17 03:00:00+00:00,6310.25,6686.38,-376.13,376.13,-5.96
2025-09-17 04:00:00+00:00,3950.61,4660.88,-710.27,710.27,-17.98
2025-09-17 05:00:00+00:00,5185.10,5161.79,23.31,23.31,0.45
2025-09-17 06:00:00+00:00,4923.35,4923.08,0.27,0.27,0.01
2025-09-17 07:00:00+00:00,3002.18,3015.10,-12.91,12.91,-0.43
2025-09-17 08:00:00+00:00,-577.89,-414.52,-163.37,163.37,28.27
2025-09-17 09:00:00+00:00,-959.97,-978.39,18.41,18.41,-1.92
2025-09-17 10:00:00+00:00,-4338.87,-4284.91,-53.96,53.96,1.24
2025-09-17 11:00:00+00:00,-1712.45,-1866.81,154.37,154.37,-9.01
2025-09-17 12:00:00+00:00,-9732.29,-9115.62,-616.67,616.67,6.34
2025-09-17 13:00:00+00:00,517.40,-672.27,1189.68,1189.68,229.93
2025-09-17 14:00:00+00:00,-4369.46,-4083.81,-285.65,285.65,6.54
2025-09-17 15:00:00+00:00,-4154.77,-4012.14,-142.63,142.63,3.43
2025-09-17 16:00:00+00:00,-5125.32,-5124.70,-0.62,0.62,0.01
2025-09-17 17:00:00+00:00,-706.10,-1094.91,388.80,388.80,-55.06
2025-09-17 18:00:00+00:00,-2135.72,-2532.53,396.81,396.81,-18.58
2025-09-17 19:00:00+00:00,-6757.11,-6585.25,-171.85,171.85,2.54
2025-09-17 20:00:00+00:00,3865.60,3405.37,460.23,460.23,11.91
2025-09-17 21:00:00+00:00,-1334.86,-1910.48,575.62,575.62,-43.12
2025-09-17 22:00:00+00:00,-1026.79,-1047.55,20.76,20.76,-2.02
2025-09-17 23:00:00+00:00,3286.07,2897.43,388.64,388.64,11.83
2025-09-18 00:00:00+00:00,1045.00,1449.62,-404.62,404.62,-38.72
2025-09-18 01:00:00+00:00,3946.65,4043.10,-96.45,96.45,-2.44
2025-09-18 02:00:00+00:00,6706.11,6622.60,83.51,83.51,1.25
2025-09-18 03:00:00+00:00,4210.97,4423.69,-212.73,212.73,-5.05
2025-09-18 04:00:00+00:00,2772.02,3348.83,-576.81,576.81,-20.81
2025-09-18 05:00:00+00:00,4607.65,4570.49,37.16,37.16,0.81
2025-09-18 06:00:00+00:00,4583.49,4398.67,184.82,184.82,4.03
2025-09-18 07:00:00+00:00,5308.44,4829.90,478.54,478.54,9.01
2025-09-18 08:00:00+00:00,4676.35,4219.27,457.08,457.08,9.77
2025-09-18 09:00:00+00:00,-1720.71,-1471.72,-248.99,248.99,14.47
2025-09-18 10:00:00+00:00,-5767.41,-5858.40,90.99,90.99,-1.58
2025-09-18 11:00:00+00:00,-12621.88,-12060.92,-560.97,560.97,4.44
2025-09-18 12:00:00+00:00,-3185.35,-3826.66,641.31,641.31,-20.13
2025-09-18 13:00:00+00:00,-5072.02,-5335.20,263.18,263.18,-5.19
2025-09-18 14:00:00+00:00,-2198.29,-3064.66,866.37,866.37,-39.41
2025-09-18 15:00:00+00:00,-5348.52,-5304.11,-44.41,44.41,0.83
2025-09-18 16:00:00+00:00,2601.91,1591.42,1010.50,1010.50,38.84
2025-09-18 17:00:00+00:00,2219.50,1472.09,747.40,747.40,33.67
2025-09-18 18:00:00+00:00,419.30,2235.04,-1815.74,1815.74,-433.04
2025-09-18 19:00:00+00:00,-625.98,-818.26,192.28,192.28,-30.72
2025-09-18 20:00:00+00:00,-3809.27,-3841.13,31.86,31.86,-0.84
2025-09-18 21:00:00+00:00,4226.75,3987.64,239.12,239.12,5.66
2025-09-18 22:00:00+00:00,1084.26,1662.17,-577.91,577.91,-53.30
2025-09-18 23:00:00+00:00,1821.15,1837.24,-16.09,16.09,-0.88
2025-09-19 00:00:00+00:00,3053.10,3576.81,-523.71,523.71,-17.15
2025-09-19 01:00:00+00:00,-1907.58,-746.48,-1161.09,1161.09,60.87
2025-09-19 02:00:00+00:00,3050.72,2833.79,216.93,216.93,7.11
2025-09-19 03:00:00+00:00,11064.78,11160.28,-95.51,95.51,-0.86
2025-09-19 04:00:00+00:00,4491.92,4733.15,-241.23,241.23,-5.37
2025-09-19 05:00:00+00:00,4626.91,4690.26,-63.35,63.35,-1.37
2025-09-19 06:00:00+00:00,4242.54,4037.94,204.60,204.60,4.82
2025-09-19 07:00:00+00:00,5101.15,4720.12,381.04,381.04,7.47
2025-09-19 08:00:00+00:00,3190.68,3132.97,57.71,57.71,1.81
2025-09-19 09:00:00+00:00,-108.33,-24.57,-83.76,83.76,77.32
2025-09-19 10:00:00+00:00,-6199.33,-5582.33,-617.00,617.00,9.95
2025-09-19 11:00:00+00:00,-7707.85,-7527.28,-180.58,180.58,2.34
2025-09-19 12:00:00+00:00,-14902.38,-15357.23,454.85,454.85,-3.05
2025-09-19 13:00:00+00:00,790.78,344.90,445.87,445.87,56.38
2025-09-19 14:00:00+00:00,-4095.09,-4433.87,338.78,338.78,-8.27
2025-09-19 15:00:00+00:00,-2484.38,-3197.64,713.26,713.26,-28.71
2025-09-19 16:00:00+00:00,-1513.15,-2149.77,636.61,636.61,-42.07
2025-09-19 17:00:00+00:00,-2894.74,-3305.38,410.64,410.64,-14.19
2025-09-19 18:00:00+00:00,-907.41,-1751.18,843.77,843.77,-92.99
2025-09-19 19:00:00+00:00,1505.70,989.39,516.30,516.30,34.29
2025-09-19 20:00:00+00:00,-149.71,-220.41,70.70,70.70,-47.23
2025-09-19 21:00:00+00:00,333.28,-36.69,369.97,369.97,111.01
2025-09-19 22:00:00+00:00,1296.47,1488.62,-192.15,192.15,-14.82
2025-09-19 23:00:00+00:00,2259.96,2629.71,-369.75,369.75,-16.36
2025-09-20 00:00:00+00:00,3250.38,3114.06,136.32,136.32,4.19
2025-09-20 01:00:00+00:00,3188.96,3464.24,-275.28,275.28,-8.63
2025-09-20 02:00:00+00:00,4532.95,4914.35,-381.40,381.40,-8.41
2025-09-20 03:00:00+00:00,4838.84,4868.14,-29.30,29.30,-0.61
2025-09-20 04:00:00+00:00,4664.85,4822.78,-157.92,157.92,-3.39
2025-09-20 05:00:00+00:00,5294.77,5152.65,142.12,142.12,2.68
2025-09-20 06:00:00+00:00,4796.40,4622.51,173.89,173.89,3.63
2025-09-20 07:00:00+00:00,4161.75,3862.47,299.28,299.28,7.19
2025-09-20 08:00:00+00:00,-509.83,-176.09,-333.74,333.74,65.46
2025-09-20 09:00:00+00:00,2190.99,1399.92,791.07,791.07,36.11
2025-09-20 10:00:00+00:00,-1364.89,-1561.14,196.25,196.25,-14.38
2025-09-20 11:00:00+00:00,-2866.89,-2685.78,-181.11,181.11,6.32
2025-09-20 12:00:00+00:00,-4434.32,-4507.85,73.53,73.53,-1.66
2025-09-20 13:00:00+00:00,-4857.15,-4660.56,-196.59,196.59,4.05
2025-09-20 14:00:00+00:00,-4463.56,-4709.83,246.27,246.27,-5.52
2025-09-20 15:00:00+00:00,-4013.95,-4138.91,124.96,124.96,-3.11
2025-09-20 16:00:00+00:00,-2872.59,-3157.73,285.13,285.13,-9.93
2025-09-20 17:00:00+00:00,-1512.47,-2066.16,553.69,553.69,-36.61
2025-09-20 18:00:00+00:00,-1148.66,-1813.32,664.66,664.66,-57.86
2025-09-20 19:00:00+00:00,-612.30,-742.94,130.64,130.64,-21.34
2025-09-20 20:00:00+00:00,-2868.04,-2947.56,79.52,79.52,-2.77
2025-09-20 21:00:00+00:00,-412.59,-729.11,316.53,316.53,-76.72
2025-09-20 22:00:00+00:00,2689.41,2485.80,203.61,203.61,7.57
2025-09-20 23:00:00+00:00,1176.11,1523.54,-347.43,347.43,-29.54
2025-09-21 00:00:00+00:00,-231.38,729.23,-960.61,960.61,415.17
2025-09-21 01:00:00+00:00,5128.27,4880.25,248.02,248.02,4.84
2025-09-21 02:00:00+00:00,1224.86,1379.05,-154.19,154.19,-12.59
2025-09-21 03:00:00+00:00,5805.86,5773.01,32.85,32.85,0.57
2025-09-21 04:00:00+00:00,1027.90,1170.02,-142.12,142.12,-13.83
2025-09-21 05:00:00+00:00,5180.16,5163.23,16.93,16.93,0.33
2025-09-21 06:00:00+00:00,3802.32,3533.33,268.99,268.99,7.07
2025-09-21 07:00:00+00:00,3734.55,3544.48,190.06,190.06,5.09
2025-09-21 08:00:00+00:00,-4810.56,-4280.20,-530.36,530.36,11.02
2025-09-21 09:00:00+00:00,1789.55,1089.61,699.94,699.94,39.11
2025-09-21 10:00:00+00:00,-3814.43,-4001.59,187.16,187.16,-4.91
2025-09-21 11:00:00+00:00,-8719.22,-8916.72,197.50,197.50,-2.27
2025-09-21 12:00:00+00:00,-10437.26,-11207.54,770.29,770.29,-7.38
2025-09-21 13:00:00+00:00,-10977.57,-11701.71,724.15,724.15,-6.60
2025-09-21 14:00:00+00:00,-5522.41,-6919.86,1397.45,1397.45,-25.31
2025-09-21 15:00:00+00:00,-5090.87,-6218.70,1127.83,1127.83,-22.15
2025-09-21 16:00:00+00:00,-3026.45,-2954.97,-71.48,71.48,2.36
2025-09-21 17:00:00+00:00,-2817.90,-2956.72,138.82,138.82,-4.93
2025-09-21 18:00:00+00:00,-957.05,-611.22,-345.83,345.83,36.14
2025-09-21 19:00:00+00:00,-125.12,-560.02,434.89,434.89,-347.57
2025-09-21 20:00:00+00:00,-3150.85,-3306.26,155.41,155.41,-4.93
2025-09-21 21:00:00+00:00,904.62,661.98,242.64,242.64,26.82
2025-09-21 22:00:00+00:00,880.67,841.25,39.42,39.42,4.48
2025-09-21 23:00:00+00:00,2820.84,2221.42,599.42,599.42,21.25
2025-09-22 00:00:00+00:00,3168.37,3412.02,-243.65,243.65,-7.69
2025-09-22 01:00:00+00:00,5924.88,5962.71,-37.82,37.82,-0.64
2025-09-22 02:00:00+00:00,8402.03,8581.16,-179.13,179.13,-2.13
2025-09-22 03:00:00+00:00,5872.04,6239.96,-367.92,367.92,-6.27
2025-09-22 04:00:00+00:00,3930.94,4349.83,-418.88,418.88,-10.66
2025-09-22 05:00:00+00:00,2242.65,2502.59,-259.95,259.95,-11.59
2025-09-22 06:00:00+00:00,4428.01,3884.23,543.78,543.78,12.28
2025-09-22 07:00:00+00:00,1140.63,1466.05,-325.42,325.42,-28.53
2025-09-22 08:00:00+00:00,-2652.29,-2370.64,-281.64,281.64,10.62
2025-09-22 09:00:00+00:00,-1800.60,-1598.75,-201.85,201.85,11.21
2025-09-22 10:00:00+00:00,-2421.15,-2806.94,385.79,385.79,-15.93
2025-09-22 11:00:00+00:00,-4408.71,-4668.29,259.58,259.58,-5.89
2025-09-22 12:00:00+00:00,-5582.09,-5523.93,-58.16,58.16,1.04
2025-09-22 13:00:00+00:00,-4502.43,-4318.68,-183.75,183.75,4.08
2025-09-22 14:00:00+00:00,-3314.18,-3364.67,50.49,50.49,-1.52
2025-09-22 15:00:00+00:00,-3138.49,-2985.91,-152.58,152.58,4.86
2025-09-22 16:00:00+00:00,-5918.76,-5773.98,-144.78,144.78,2.45
2025-09-22 17:00:00+00:00,2886.89,2627.08,259.80,259.80,9.00
2025-09-22 18:00:00+00:00,-3656.23,-3817.86,161.63,161.63,-4.42
2025-09-22 19:00:00+00:00,-434.65,-221.95,-212.69,212.69,48.94
2025-09-22 20:00:00+00:00,-2596.73,-2333.60,-263.13,263.13,10.13
2025-09-22 21:00:00+00:00,-1264.59,-1409.08,144.50,144.50,-11.43
2025-09-22 22:00:00+00:00,-5964.75,-5277.14,-687.62,687.62,11.53
2025-09-22 23:00:00+00:00,9661.46,8478.88,1182.59,1182.59,12.24
2025-09-23 00:00:00+00:00,2500.72,3231.11,-730.40,730.40,-29.21
2025-09-23 01:00:00+00:00,6995.87,6848.34,147.53,147.53,2.11
2025-09-23 02:00:00+00:00,4522.51,4850.87,-328.36,328.36,-7.26
2025-09-23 03:00:00+00:00,7907.46,8147.85,-240.40,240.40,-3.04
2025-09-23 04:00:00+00:00,4842.58,5076.98,-234.40,234.40,-4.84
2025-09-23 05:00:00+00:00,4168.68,4578.03,-409.35,409.35,-9.82
2025-09-23 06:00:00+00:00,2410.13,2413.63,-3.50,3.50,-0.15
2025-09-23 07:00:00+00:00,-1557.38,-1538.94,-18.44,18.44,1.18
2025-09-23 08:00:00+00:00,2374.07,1042.84,1331.23,1331.23,56.07
2025-09-23 09:00:00+00:00,-1052.81,-973.73,-79.08,79.08,7.51
2025-09-23 10:00:00+00:00,-1844.29,-1486.13,-358.16,358.16,19.42
2025-09-23 11:00:00+00:00,-3133.96,-3013.34,-120.62,120.62,3.85
2025-09-23 12:00:00+00:00,-3863.47,-3499.64,-363.82,363.82,9.42
2025-09-23 13:00:00+00:00,-4114.14,-4116.79,2.64,2.64,-0.06
2025-09-23 14:00:00+00:00,-3896.49,-3676.50,-219.99,219.99,5.65
2025-09-23 15:00:00+00:00,-3106.54,-2782.57,-323.97,323.97,10.43
2025-09-23 16:00:00+00:00,-1725.38,-2295.29,569.91,569.91,-33.03
2025-09-23 17:00:00+00:00,-1492.76,-1902.61,409.86,409.86,-27.46
2025-09-23 18:00:00+00:00,-1839.53,-2180.37,340.84,340.84,-18.53
2025-09-23 19:00:00+00:00,-2033.65,-2541.35,507.71,507.71,-24.97
2025-09-23 20:00:00+00:00,-2196.44,-2353.87,157.43,157.43,-7.17
2025-09-23 21:00:00+00:00,-1260.84,-1816.57,555.73,555.73,-44.08
2025-09-23 22:00:00+00:00,-50.30,-555.07,504.77,504.77,-1003.58
2025-09-23 23:00:00+00:00,-1520.76,-1398.35,-122.41,122.41,8.05
2025-09-24 00:00:00+00:00,3696.83,3641.05,55.78,55.78,1.51
2025-09-24 01:00:00+00:00,9281.90,9496.42,-214.53,214.53,-2.31
2025-09-24 02:00:00+00:00,6599.23,6798.05,-198.82,198.82,-3.01
2025-09-24 03:00:00+00:00,6804.77,6900.22,-95.45,95.45,-1.40
2025-09-24 04:00:00+00:00,1442.24,1676.76,-234.52,234.52,-16.26
2025-09-24 05:00:00+00:00,7076.73,6775.47,301.25,301.25,4.26
2025-09-24 06:00:00+00:00,3380.22,3455.34,-75.12,75.12,-2.22
2025-09-24 07:00:00+00:00,-456.07,-594.89,138.83,138.83,-30.44
2025-09-24 08:00:00+00:00,-408.85,-728.32,319.46,319.46,-78.14
2025-09-24 09:00:00+00:00,-2951.15,-2825.90,-125.25,125.25,4.24
2025-09-24 10:00:00+00:00,-4158.95,-4090.65,-68.30,68.30,1.64
2025-09-24 11:00:00+00:00,-4035.32,-4179.22,143.90,143.90,-3.57
2025-09-24 12:00:00+00:00,-5268.24,-4957.00,-311.24,311.24,5.91
2025-09-24 13:00:00+00:00,-5417.59,-5395.65,-21.94,21.94,0.40
2025-09-24 14:00:00+00:00,-2425.14,-2920.63,495.48,495.48,-20.43
2025-09-24 15:00:00+00:00,-2101.87,-2342.48,240.62,240.62,-11.45
2025-09-24 16:00:00+00:00,-3714.97,-4063.87,348.90,348.90,-9.39
2025-09-24 17:00:00+00:00,-2700.66,-3357.73,657.07,657.07,-24.33
2025-09-24 18:00:00+00:00,-263.54,-939.67,676.13,676.13,-256.55
2025-09-24 19:00:00+00:00,-1888.41,-2277.39,388.98,388.98,-20.60
2025-09-24 20:00:00+00:00,-2394.46,-2708.15,313.68,313.68,-13.10
2025-09-24 21:00:00+00:00,-1844.44,-2439.79,595.35,595.35,-32.28
2025-09-24 22:00:00+00:00,400.21,-292.23,692.45,692.45,173.02
2025-09-24 23:00:00+00:00,2846.19,2508.18,338.01,338.01,11.88
2025-09-25 00:00:00+00:00,4115.03,4004.86,110.17,110.17,2.68
2025-09-25 01:00:00+00:00,6148.78,6284.06,-135.29,135.29,-2.20
2025-09-25 02:00:00+00:00,5428.55,5379.02,49.53,49.53,0.91
2025-09-25 03:00:00+00:00,5916.94,6038.73,-121.79,121.79,-2.06
2025-09-25 04:00:00+00:00,5015.30,5234.26,-218.96,218.96,-4.37
2025-09-25 05:00:00+00:00,4406.42,4511.28,-104.86,104.86,-2.38
2025-09-25 06:00:00+00:00,1180.74,1402.10,-221.36,221.36,-18.75
2025-09-25 07:00:00+00:00,717.21,643.11,74.10,74.10,10.33
2025-09-25 08:00:00+00:00,-17573.12,-13741.15,-3831.97,3831.97,21.81
2025-09-25 10:00:00+00:00,-1662.42,-2752.65,1090.23,1090.23,-65.58
2025-09-25 11:00:00+00:00,-2816.70,-3250.09,433.39,433.39,-15.39
2025-09-25 12:00:00+00:00,-2302.65,-3279.79,977.15,977.15,-42.44
2025-09-25 13:00:00+00:00,-2524.26,-2723.52,199.26,199.26,-7.89
2025-09-25 14:00:00+00:00,-1927.19,-2230.90,303.71,303.71,-15.76
2025-09-25 15:00:00+00:00,-1980.64,-2466.57,485.93,485.93,-24.53
2025-09-25 16:00:00+00:00,-577.50,-811.82,234.32,234.32,-40.57
2025-09-25 17:00:00+00:00,-803.07,-958.76,155.70,155.70,-19.39
2025-09-25 18:00:00+00:00,-2941.02,-2896.38,-44.64,44.64,1.52
2025-09-25 19:00:00+00:00,488.27,77.27,411.00,411.00,84.17
2025-09-25 20:00:00+00:00,-1551.98,-1577.45,25.47,25.47,-1.64
2025-09-25 21:00:00+00:00,-628.00,-731.40,103.40,103.40,-16.46
2025-09-25 22:00:00+00:00,597.73,583.23,14.51,14.51,2.43
2025-09-25 23:00:00+00:00,1519.04,1703.06,-184.02,184.02,-12.11
2025-09-26 00:00:00+00:00,3045.37,3023.53,21.84,21.84,0.72
2025-09-26 01:00:00+00:00,4177.10,4078.89,98.21,98.21,2.35
2025-09-26 02:00:00+00:00,3048.92,3321.10,-272.18,272.18,-8.93
2025-09-26 03:00:00+00:00,7067.95,6852.15,215.80,215.80,3.05
2025-09-26 04:00:00+00:00,3508.73,3591.84,-83.10,83.10,-2.37
2025-09-26 05:00:00+00:00,2864.34,3125.44,-261.10,261.10,-9.12
2025-09-26 06:00:00+00:00,1759.00,1670.39,88.61,88.61,5.04
2025-09-26 07:00:00+00:00,-6.16,-560.72,554.56,554.56,-9003.51
2025-09-26 08:00:00+00:00,-736.42,-1008.59,272.16,272.16,-36.96
2025-09-26 09:00:00+00:00,-3621.46,-3558.55,-62.91,62.91,1.74
2025-09-26 10:00:00+00:00,-813.29,-1736.60,923.31,923.31,-113.53
2025-09-26 11:00:00+00:00,-3178.69,-2380.49,-798.20,798.20,25.11
2025-09-26 12:00:00+00:00,-2143.14,-1955.32,-187.83,187.83,8.76
2025-09-26 13:00:00+00:00,-2555.28,-2650.41,95.13,95.13,-3.72
2025-09-26 14:00:00+00:00,-3909.51,-3976.25,66.74,66.74,-1.71
2025-09-26 15:00:00+00:00,-2062.10,-2321.89,259.79,259.79,-12.60
2025-09-26 16:00:00+00:00,-2549.53,-2710.21,160.68,160.68,-6.30
2025-09-26 17:00:00+00:00,-2231.17,-2718.23,487.06,487.06,-21.83
2025-09-26 18:00:00+00:00,-8692.87,-9003.83,310.95,310.95,-3.58
2025-09-26 19:00:00+00:00,4238.79,3572.80,666.00,666.00,15.71
2025-09-26 20:00:00+00:00,-2295.45,-2420.52,125.07,125.07,-5.45
2025-09-26 21:00:00+00:00,-1337.81,-1846.62,508.81,508.81,-38.03
2025-09-26 22:00:00+00:00,-1613.70,-1919.39,305.69,305.69,-18.94
2025-09-26 23:00:00+00:00,-3089.74,-3166.76,77.02,77.02,-2.49
2025-09-27 00:00:00+00:00,2420.93,1634.75,786.18,786.18,32.47
2025-09-27 01:00:00+00:00,6622.17,6239.43,382.74,382.74,5.78
2025-09-27 02:00:00+00:00,4455.95,4563.99,-108.04,108.04,-2.42
2025-09-27 03:00:00+00:00,5002.98,5045.18,-42.20,42.20,-0.84
2025-09-27 04:00:00+00:00,2799.93,2647.68,152.25,152.25,5.44
2025-09-27 05:00:00+00:00,4484.31,4308.53,175.78,175.78,3.92
2025-09-27 06:00:00+00:00,7478.89,7112.18,366.71,366.71,4.90
2025-09-27 07:00:00+00:00,4507.66,4340.85,166.81,166.81,3.70
2025-09-27 08:00:00+00:00,872.72,1093.64,-220.92,220.92,-25.31
2025-09-27 09:00:00+00:00,-4649.97,-4156.52,-493.45,493.45,10.61
2025-09-27 10:00:00+00:00,-5438.60,-5174.14,-264.47,264.47,4.86
2025-09-27 11:00:00+00:00,-5896.12,-5634.14,-261.98,261.98,4.44
2025-09-27 12:00:00+00:00,-8202.79,-8532.77,329.98,329.98,-4.02
2025-09-27 13:00:00+00:00,-6729.42,-6782.75,53.34,53.34,-0.79
2025-09-27 14:00:00+00:00,-6008.41,-5321.07,-687.34,687.34,11.44
2025-09-27 15:00:00+00:00,-5113.06,-4806.28,-306.78,306.78,6.00
2025-09-27 16:00:00+00:00,-4457.05,-4371.26,-85.79,85.79,1.92
2025-09-27 17:00:00+00:00,-235.00,-267.57,32.57,32.57,-13.86
2025-09-27 18:00:00+00:00,-2125.93,-2993.68,867.75,867.75,-40.82
2025-09-27 19:00:00+00:00,-7739.59,-7239.03,-500.56,500.56,6.47
2025-09-27 20:00:00+00:00,6942.73,7206.09,-263.36,263.36,-3.79
2025-09-27 21:00:00+00:00,677.53,688.33,-10.80,10.80,-1.59
2025-09-27 22:00:00+00:00,1303.12,1522.59,-219.47,219.47,-16.84
2025-09-27 23:00:00+00:00,1754.26,2315.62,-561.36,561.36,-32.00
2025-09-28 00:00:00+00:00,4179.23,4217.71,-38.48,38.48,-0.92
2025-09-28 01:00:00+00:00,5182.18,5102.20,79.98,79.98,1.54
2025-09-28 02:00:00+00:00,6327.79,6639.30,-311.51,311.51,-4.92
2025-09-28 03:00:00+00:00,3091.95,3843.59,-751.63,751.63,-24.31
2025-09-28 04:00:00+00:00,6502.72,6389.41,113.30,113.30,1.74
2025-09-28 05:00:00+00:00,6731.85,6842.66,-110.81,110.81,-1.65
2025-09-28 06:00:00+00:00,5907.43,5918.13,-10.70,10.70,-0.18
2025-09-28 07:00:00+00:00,5479.04,5166.63,312.41,312.41,5.70
2025-09-28 08:00:00+00:00,3344.48,3208.05,136.43,136.43,4.08
2025-09-28 09:00:00+00:00,469.71,1365.53,-895.82,895.82,-190.72
2025-09-28 10:00:00+00:00,-9061.21,-8146.42,-914.79,914.79,10.10
2025-09-28 11:00:00+00:00,-1074.19,-1302.08,227.89,227.89,-21.22
2025-09-28 12:00:00+00:00,-7649.01,-7139.56,-509.45,509.45,6.66
2025-09-28 13:00:00+00:00,-6944.40,-6370.04,-574.35,574.35,8.27
2025-09-28 14:00:00+00:00,-6616.01,-6370.09,-245.91,245.91,3.72
2025-09-28 15:00:00+00:00,-4221.54,-4311.49,89.95,89.95,-2.13
2025-09-28 16:00:00+00:00,-6483.92,-6211.00,-272.91,272.91,4.21
2025-09-28 17:00:00+00:00,1125.80,805.96,319.84,319.84,28.41
2025-09-28 18:00:00+00:00,-1359.91,-2027.78,667.87,667.87,-49.11
2025-09-28 19:00:00+00:00,-1451.68,-2375.71,924.03,924.03,-63.65
2025-09-28 20:00:00+00:00,-3133.28,-3199.09,65.82,65.82,-2.10
2025-09-28 21:00:00+00:00,-93.95,-309.55,215.60,215.60,-229.48
2025-09-28 22:00:00+00:00,804.79,377.89,426.90,426.90,53.05
2025-09-28 23:00:00+00:00,2653.90,2295.54,358.36,358.36,13.50
2025-09-29 00:00:00+00:00,5291.82,5307.59,-15.77,15.77,-0.30
2025-09-29 01:00:00+00:00,5624.19,5785.26,-161.07,161.07,-2.86
2025-09-29 02:00:00+00:00,6025.39,6070.96,-45.57,45.57,-0.76
2025-09-29 03:00:00+00:00,5882.41,5664.88,217.54,217.54,3.70
2025-09-29 04:00:00+00:00,5795.65,5874.92,-79.27,79.27,-1.37
2025-09-29 05:00:00+00:00,4352.32,4542.05,-189.73,189.73,-4.36
2025-09-29 06:00:00+00:00,-252.01,204.84,-456.85,456.85,181.28
2025-09-29 07:00:00+00:00,2409.17,1641.05,768.12,768.12,31.88
2025-09-29 08:00:00+00:00,-681.59,-1063.71,382.12,382.12,-56.06
2025-09-29 09:00:00+00:00,-881.60,-1070.20,188.60,188.60,-21.39
2025-09-29 10:00:00+00:00,-4524.55,-4366.05,-158.50,158.50,3.50
2025-09-29 11:00:00+00:00,-10601.25,-10736.75,135.49,135.49,-1.28
2025-09-29 12:00:00+00:00,3351.92,2660.94,690.99,690.99,20.61
2025-09-29 13:00:00+00:00,-5620.63,-5560.43,-60.20,60.20,1.07
2025-09-29 14:00:00+00:00,-2353.53,-2494.31,140.78,140.78,-5.98
2025-09-29 15:00:00+00:00,-2586.14,-2713.51,127.37,127.37,-4.93
2025-09-29 16:00:00+00:00,-3876.82,-3588.18,-288.64,288.64,7.45
2025-09-29 17:00:00+00:00,-852.31,-1059.09,206.78,206.78,-24.26
2025-09-29 18:00:00+00:00,530.47,-111.67,642.14,642.14,121.05
2025-09-29 19:00:00+00:00,-1304.93,-1312.97,8.04,8.04,-0.62
2025-09-29 20:00:00+00:00,-780.11,-1184.36,404.25,404.25,-51.82
2025-09-29 23:00:00+00:00,1197.33,1317.47,-120.14,120.14,-10.03
2025-09-30 00:00:00+00:00,4006.15,3734.45,271.70,271.70,6.78
2025-09-30 01:00:00+00:00,5476.90,5294.15,182.75,182.75,3.34
2025-09-30 02:00:00+00:00,7987.30,6927.85,1059.44,1059.44,13.26
2025-09-30 03:00:00+00:00,4828.51,5081.63,-253.12,253.12,-5.24
2025-09-30 04:00:00+00:00,3815.55,4090.11,-274.57,274.57,-7.20
2025-09-30 05:00:00+00:00,3633.57,3956.95,-323.38,323.38,-8.90
2025-09-30 06:00:00+00:00,2083.78,1865.62,218.16,218.16,10.47
2025-09-30 07:00:00+00:00,362.52,119.90,242.62,242.62,66.93
2025-09-30 08:00:00+00:00,-3654.35,-3260.83,-393.52,393.52,10.77
2025-09-30 09:00:00+00:00,-11895.42,-12756.13,860.71,860.71,-7.24
2025-09-30 10:00:00+00:00,5664.21,4154.72,1509.48,1509.48,26.65
2025-09-30 11:00:00+00:00,-5717.78,-5561.79,-155.99,155.99,2.73
2025-09-30 12:00:00+00:00,-8260.16,-8271.51,11.35,11.35,-0.14
2025-09-30 13:00:00+00:00,4966.82,5540.91,-574.09,574.09,-11.56
2025-09-30 14:00:00+00:00,-3335.46,-3221.48,-113.98,113.98,3.42
2025-09-30 15:00:00+00:00,-2353.22,-2032.14,-321.07,321.07,13.64
2025-09-30 16:00:00+00:00,-998.87,-909.81,-89.06,89.06,8.92
2025-09-30 17:00:00+00:00,-1588.26,-1437.91,-150.35,150.35,9.47
2025-09-30 18:00:00+00:00,-2476.32,-2494.85,18.53,18.53,-0.75
2025-09-30 19:00:00+00:00,-1378.53,-1544.74,166.21,166.21,-12.06
2025-09-30 20:00:00+00:00,-1608.66,-1752.68,144.02,144.02,-8.95
2025-09-30 21:00:00+00:00,-849.12,-1168.32,319.20,319.20,-37.59
2025-09-30 22:00:00+00:00,-127.65,-310.58,182.93,182.93,-143.31
2025-09-30 23:00:00+00:00,-137.07,-126.96,-10.12,10.12,7.38
