timestamp,demanda_real_m3,pred_xgboost_v3.0_(actual)_m3,pred_randomforest_m3,pred_lightgbm_m3
2025-06-26 22:00:00,10440.691400811993,10099.300903320312,10331.512119149345,10387.007036798575
2025-06-26 23:00:00,8944.572323282311,8906.9841796875,8777.234250075986,8785.883352326613
2025-06-27 00:00:00,8475.977365193794,8296.851953124999,8160.764796800075,7756.647226521158
2025-06-27 01:00:00,8082.780897610097,7979.078417968751,7864.522462987145,7851.814570499265
2025-06-27 02:00:00,7149.668205142298,7140.4072265625,6877.834637405687,6934.581982078853
2025-06-27 03:00:00,7276.876983358603,7229.93515625,7150.205494644086,7384.324686703174
2025-06-27 04:00:00,6292.618387403407,6293.067675781251,6134.1899697822355,6403.086434518744
2025-06-27 05:00:00,8263.460880402898,8077.646728515625,8196.909853061503,8285.783359113288
2025-06-27 06:00:00,9199.120273434024,9304.627783203125,8969.954415494329,9202.90651934349
2025-06-27 07:00:00,11069.329151320268,11159.320690917968,10429.249676787036,10705.976531027085
2025-06-27 08:00:00,11961.11642182421,11995.531591796875,12350.947260684465,12159.93772705976
2025-06-27 09:00:00,14045.205264925,13786.5935546875,13963.762066544648,14192.730432273795
2025-06-27 10:00:00,22785.140323305,22966.483984375,22293.426616801175,22951.7324448195
2025-06-27 11:00:00,15560.952022164793,16002.62685546875,15570.425608934886,16037.313202173464
2025-06-27 12:00:00,10872.7475209136,11235.240795898437,11311.6530198068,10783.307227876228
2025-06-27 13:00:00,15277.726492908798,15154.718505859375,15252.080170978752,15239.113525641518
2025-06-27 16:00:00,13515.95672641221,13196.93837890625,13476.659820912013,12943.484780366456
2025-06-27 17:00:00,13114.81750491001,12586.683471679688,13281.290382550793,13034.149083200718
2025-06-27 18:00:00,12092.70154919372,12259.76528930664,12296.087092255577,12310.38179786375
2025-06-27 19:00:00,12601.270514943873,12576.754626464844,12797.281274234447,12744.519513059628
2025-06-27 20:00:00,23732.682789700088,24033.0451171875,23529.810619434815,24439.463895598798
2025-06-27 22:00:00,10224.803648169705,12343.806640625,11840.434870492347,11829.395795902827
2025-06-27 23:00:00,9202.847698339381,10362.222583007813,11031.258555512335,10332.793035696099
2025-06-28 00:00:00,8866.896179270138,8558.505761718749,8809.686540527602,9294.813916262156
2025-06-28 01:00:00,8451.172532045082,8435.047412109376,8198.993236339718,8018.351675042223
2025-06-28 02:00:00,6783.127839807596,7317.2109375,7770.8237641346905,6452.751001705478
2025-06-28 03:00:00,7095.167979709198,6959.14169921875,6660.6285857377225,6712.152322772382
2025-06-28 04:00:00,6338.846136215801,6296.124804687501,6287.378924182172,6204.351301132045
2025-06-28 05:00:00,6490.607979017892,6573.32958984375,6523.591721824003,6631.542214329897
2025-06-28 06:00:00,7991.575506454601,7769.4224609375,7810.403943066542,7847.418109889092
2025-06-28 07:00:00,9895.276966819813,9449.59736328125,8916.641570681799,10040.78097259615
2025-06-28 08:00:00,7370.016770338994,7627.75400390625,8236.032636363298,7850.223231383158
2025-06-28 09:00:00,15124.499425596488,14248.6306640625,13519.85376695776,14242.233182433043
2025-06-28 10:00:00,12834.468822839995,13880.50693359375,13989.630973650177,13031.43504393536
2025-06-28 11:00:00,18222.06261703191,18305.3587890625,18143.59554167368,17854.513701053
2025-06-28 12:00:00,17990.59925544231,17898.6271484375,17804.232226207885,18153.43578586197
2025-06-28 13:00:00,17757.2429048528,17738.017578125,17920.320394774546,17569.99965806087
2025-06-28 14:00:00,17244.06160073961,17105.46083984375,17210.474100265863,16985.383465416497
2025-06-28 15:00:00,16151.392778044785,15577.144287109375,16583.36385015923,16403.472174980416
2025-06-28 16:00:00,14976.726542481201,14741.4232421875,14732.92144441537,14783.025207156868
2025-06-28 17:00:00,14946.6426157643,14440.61181640625,14591.322734556874,14555.375562722116
2025-06-28 18:00:00,13981.966815302905,14349.651123046875,14015.677722174323,13625.881073305854
2025-06-28 19:00:00,7891.991423844189,8070.924853515626,8369.107359394553,8792.081514958867
2025-06-28 20:00:00,11509.1859346956,11274.328686523437,11484.963834606946,11320.85583381868
2025-06-28 21:00:00,11098.484136164881,10923.26455078125,10942.948731386545,10679.94939216515
2025-06-28 22:00:00,11417.363005409818,11079.671447753906,11060.934870073117,11339.61523028872
2025-06-28 23:00:00,11809.204356772407,10863.714709472657,10456.38078695499,11441.350396219015
2025-06-29 00:00:00,10812.734158741972,10025.106347656249,10144.56505392605,10675.603846799484
2025-06-29 01:00:00,5677.535672690723,6559.154589843751,7766.618153280042,6086.018256694261
2025-06-29 02:00:00,6101.219001641701,5757.05029296875,5820.147035824401,6330.996911683291
2025-06-29 03:00:00,7700.205465742305,7493.603125,7194.66422807368,7516.317701101554
2025-06-29 04:00:00,6324.591799412203,6218.970996093751,6221.414437076069,6530.962526287105
2025-06-29 05:00:00,6340.676739829592,6626.06884765625,6555.564300830105,6559.980210447834
2025-06-29 06:00:00,7106.666185276501,6960.0123046875,7150.754808337428,6992.763649478283
2025-06-29 07:00:00,7799.661374904779,7489.573437499999,8067.7107567124385,8062.966152601799
2025-06-29 08:00:00,8818.112318909238,8646.467626953125,8507.475342949354,9094.349562587799
2025-06-29 09:00:00,12384.353126496677,12113.265704345704,12142.723949530515,11781.019991016154
2025-06-29 10:00:00,15695.946368653711,15984.79892578125,15213.914075363358,15743.328188990712
2025-06-29 11:00:00,17095.707931567093,17321.8412109375,17246.17345943353,17265.479629161775
2025-06-29 12:00:00,18368.108660261507,18521.6271484375,18383.86827159611,18448.9613138204
2025-06-29 13:00:00,19394.33721786199,18955.576171875,19470.571104114133,19026.368160707498
2025-06-29 14:00:00,16526.904195057105,16513.16201171875,16693.47215789649,16778.850732178416
2025-06-29 15:00:00,16073.591076225493,15872.167724609375,16109.811124095919,16117.851976904185
2025-06-29 16:00:00,14601.492900089981,14395.66201171875,14430.676625216802,14575.39843373607
2025-06-29 17:00:00,13260.40874729742,13358.783203125,13345.111778320714,13290.242568024645
2025-06-29 18:00:00,12486.55635794763,12662.517333984375,12744.450010020479,12973.414940051238
2025-06-29 19:00:00,22377.997437214075,22575.68828125,23064.364210996624,23141.438825623107
2025-06-29 20:00:00,4701.665822446925,5542.376660156249,6401.766640214827,5434.087051709703
2025-06-29 21:00:00,12583.933555098973,12350.232629394532,12247.863902016225,12390.465857430632
2025-06-29 22:00:00,4511.482878895797,3967.7802734375,4140.79241947411,4075.911884859449
2025-06-29 23:00:00,8409.132207459104,7228.903613281251,7575.8013934100245,6995.956547287707
2025-06-30 00:00:00,7926.741414308104,7786.5074707031235,7752.618274066901,7562.34232266503
2025-06-30 01:00:00,7073.204255203022,6109.399218750001,5801.316777656109,6301.751627574212
2025-06-30 02:00:00,6424.878126934054,5668.03955078125,5683.652580232994,6333.625077149557
2025-06-30 03:00:00,7460.645283937911,7089.40830078125,7401.902924496559,6610.7405629628865
2025-06-30 04:00:00,6199.465545146133,6152.711230468751,5811.87486252249,5905.949899234244
2025-06-30 05:00:00,5988.4359393246705,6493.8740234375,6186.015528863982,6308.3407441732925
2025-06-30 06:00:00,8904.34909612651,8977.769873046875,8625.338803479292,9007.213861662964
2025-06-30 07:00:00,13553.659658200206,13400.086010742187,12428.705139164385,13502.93593723535
2025-06-30 08:00:00,11961.990615609602,12579.32041015625,12423.251666304672,12601.268265068857
2025-06-30 09:00:00,12343.301716492995,13145.779956054688,13267.80431226142,12970.609324116325
2025-06-30 10:00:00,16404.037053884276,16136.46201171875,16400.09526656864,16482.775488054496
2025-06-30 11:00:00,17130.519153366527,16839.4076171875,17162.383371537682,17679.053065109118
2025-06-30 12:00:00,18501.19184550286,18073.80830078125,18097.12643588363,18532.924571061118
2025-06-30 13:00:00,18127.907385448925,17837.62841796875,18185.118388425475,18207.298255914124
2025-06-30 14:00:00,18888.924128733903,18891.988671875,18435.81677996496,18232.224420195307
2025-06-30 15:00:00,16481.9547269061,17468.80908203125,16977.63429959149,17434.246247540777
2025-06-30 16:00:00,17087.387290651903,17870.430078125,17454.20398789884,17095.369470844824
2025-06-30 17:00:00,12843.3194030101,13277.33349609375,13166.203254085893,13145.273741870753
2025-06-30 18:00:00,11998.143208264519,12744.164367675781,12991.959543478371,12312.226115090654
2025-06-30 19:00:00,13502.08813717867,13428.432055664063,13554.549981351058,13519.16556045593
2025-06-30 20:00:00,14495.818089607284,14395.923779296874,14402.30335275779,14374.320877184427
2025-06-30 21:00:00,12195.439123215716,12500.604211425782,12482.174411090753,12624.516607078973
2025-06-30 22:00:00,10426.550044655101,10462.84619140625,10467.828809752558,10540.173513747117
2025-06-30 23:00:00,9363.791077802485,9491.10966796875,9164.77543654627,9741.452216553167
2025-07-01 00:00:00,7525.154398094215,8063.4715820312485,7864.712430421248,7711.683285676077
2025-07-01 01:00:00,7196.183797640395,6649.406054687501,6486.516496014553,6924.6129607424455
2025-07-01 02:00:00,6637.580214755886,6148.35400390625,5964.666076495519,6573.146362911237
2025-07-01 03:00:00,6563.694517150527,6366.04599609375,6286.876935680122,6387.1650106321595
2025-07-01 04:00:00,5578.936930165499,5523.554980468751,5674.778234220268,5466.410460479091
2025-07-01 05:00:00,6285.273232995096,6220.25341796875,6087.767529759913,5957.374398639213
2025-07-01 06:00:00,8093.316140665678,8159.80380859375,8170.774081541342,8033.692220225303
2025-07-01 07:00:00,8879.868479975918,9403.93671875,9027.293012868515,9072.663888719744
2025-07-01 08:00:00,11557.431958559295,11297.223181152343,11442.939862452882,11579.70510925903
2025-07-01 09:00:00,14614.411287345709,14281.633837890626,13529.642944998512,14317.958351175428
2025-07-01 10:00:00,14906.986487350607,14778.248876953125,14932.391083001388,14881.169796688224
2025-07-01 11:00:00,16858.896443546495,16953.40078125,16802.02968147584,16868.61961746829
2025-07-01 12:00:00,17485.238369366398,17513.29072265625,17434.338890351482,17486.07527214616
2025-07-01 13:00:00,16871.797904124003,17123.85400390625,16968.627144128503,16861.764683485937
2025-07-01 14:00:00,16778.7993696977,16470.81435546875,16795.238537911482,17258.882698420355
2025-07-01 15:00:00,15571.6404287364,15555.993408203125,15700.238619827038,15928.931211722964
2025-07-01 16:00:00,14598.532874813589,14275.278466796875,14404.003960636557,14422.340939521611
2025-07-01 17:00:00,13563.639280071104,13516.329345703125,13691.775550923954,13606.821392336042
2025-07-01 18:00:00,13157.455992293399,13541.044799804688,13345.64690438907,13755.733262858228
2025-07-01 19:00:00,14367.138631671889,14368.300341796876,14350.065676433273,14504.33109827071
2025-07-01 20:00:00,14575.301754440614,14565.444775390624,14622.412457420762,14616.929291424123
2025-07-01 21:00:00,12396.2335724003,12805.922631835938,12631.288640029601,12747.903142880123
2025-07-01 22:00:00,10837.289219539103,11073.130187988281,11136.688055290266,10976.49123637603
2025-07-01 23:00:00,10205.9667038066,10088.636157226563,9880.878400765403,9991.764879449742
2025-07-02 00:00:00,8621.765088468273,8066.5892578124985,8120.997560155407,8941.915437936837
2025-07-02 01:00:00,7028.832076026829,6883.868945312501,6984.762283766131,7116.323058767899
2025-07-02 02:00:00,8009.864303027891,7151.3984375,6856.535468016515,7256.135330025681
2025-07-02 03:00:00,3282.0023491076045,3052.1783203124996,3811.9016312638314,3459.968834227797
2025-07-02 04:00:00,5609.440397476315,5534.855273437501,5546.620543711542,5280.115120127038
2025-07-02 05:00:00,6355.299064995212,6433.08544921875,5876.861600771231,6327.821384883771
2025-07-02 06:00:00,9675.318742000969,9415.564306640625,9089.078227205267,9188.193893518695
2025-07-02 07:00:00,13779.811423376199,13611.568920898437,12631.6446848167,13194.30867504886
2025-07-02 08:00:00,15718.197750029509,15498.616064453125,14737.57970652596,15432.493165152397
2025-07-02 09:00:00,5007.142973983286,4772.747851562501,5064.447809583471,5970.279192470956
2025-07-02 10:00:00,18274.63389462421,17779.08212890625,17978.01396422114,17409.74825667721
2025-07-02 11:00:00,17799.587869507384,17652.34365234375,17858.506912150744,17695.709988746054
2025-07-02 12:00:00,17517.00396352792,17579.1271484375,17459.760729748414,17449.22643655666
2025-07-02 13:00:00,17653.00781314519,17697.3515625,17799.047747676716,17489.12533575349
2025-07-02 14:00:00,14984.830641334507,14947.3646484375,15171.229667043874,15379.143298910845
2025-07-02 15:00:00,14823.925987802097,14978.150146484375,14901.592978563556,15029.495088853117
2025-07-02 16:00:00,11767.020443864118,11902.086213684082,12052.805576376186,11822.403895029913
2025-07-02 17:00:00,12056.866498271382,11788.882633209229,12118.60665278979,11911.418479259168
2025-07-02 18:00:00,13299.499495585507,12894.356567382812,13148.07719033585,12976.867538718261
2025-07-02 19:00:00,13381.367964444002,13209.030078125,13222.96533094066,13155.132018766104
2025-07-02 20:00:00,11951.032683729496,12105.107006835937,11992.40816327035,12128.486598344114
2025-07-02 21:00:00,12790.194345337814,12681.86171875,12714.06058630285,12784.987329408297
2025-07-02 22:00:00,11410.508210208907,11260.582824707031,10830.207390428566,10815.334032086794
2025-07-02 23:00:00,10199.573052585973,10010.628588867188,10109.170773584323,9983.353647403515
2025-07-03 00:00:00,7225.172176471206,6805.5125976562485,7210.240706772804,7207.678836614472
2025-07-03 01:00:00,6827.558610985816,6424.366503906251,6282.189185417975,6725.367299911903
2025-07-03 02:00:00,6058.823858546486,5889.2568359375,5954.792665123349,6115.951529337503
2025-07-03 03:00:00,6844.215341634093,6734.90439453125,6719.297881381472,6771.133182868733
2025-07-03 04:00:00,4913.311710459504,4896.458300781251,4817.756204684233,4910.057627945451
2025-07-03 05:00:00,6215.144937299308,6456.26318359375,6417.552985059785,6310.418055863025
2025-07-03 06:00:00,8959.969234578084,8753.99326171875,8774.304656723692,8692.691717866348
2025-07-03 07:00:00,8976.251359037804,9263.77412109375,9300.557762619392,9387.12811911829
2025-07-03 09:00:00,12473.172703018998,12351.25047607422,12408.643380241285,12423.457991032823
2025-07-03 10:00:00,14257.735192949998,14197.442236328125,14458.452802061787,14638.855439206562
2025-07-03 11:00:00,13851.459665650002,12565.61287841797,11839.624668812652,13173.191596260116
2025-07-03 12:00:00,13312.295092245997,13415.667797851562,13548.529057218113,13768.770975272533
2025-07-03 13:00:00,13626.212792650003,13869.983276367188,13781.459440438384,13837.77780249013
2025-07-03 14:00:00,13274.174079073995,13328.071801757813,13665.300244241118,13162.955510747257
2025-07-03 15:00:00,13008.280792250003,13127.331298828125,13296.70870787774,13104.414300711345
2025-07-03 16:00:00,12461.392069,12418.697595214844,12582.522379336551,12695.535980373663
2025-07-03 17:00:00,12066.948350100003,11697.649887084961,11583.575191785088,11675.351940890647
2025-07-03 19:00:00,11648.901373484503,11418.967974853516,11406.381594759345,11708.871450463836
2025-07-03 20:00:00,13201.791539919705,12876.762280273437,12667.051875839954,13132.146896021355
2025-07-03 21:00:00,9743.8189990786,10475.298974609375,10398.657161115532,9821.003968638805
2025-07-03 22:00:00,11768.327104382202,11660.911422729492,11612.110152193025,11741.80983612577
2025-07-03 23:00:00,11269.964615894689,11197.244311523438,11303.000663852961,11074.090490017159
2025-07-04 00:00:00,9439.884269823,10095.182275390624,9160.360962045339,9956.265098850534
2025-07-04 01:00:00,8822.671008097004,8694.6775390625,8472.713739857305,9241.681364072852
2025-07-04 02:00:00,8116.535277907598,8919.504638671875,9603.873297610564,8563.241319702764
2025-07-04 03:00:00,8200.406063300396,7978.401708984375,8040.384977870992,8014.885112307732
2025-07-04 04:00:00,9451.242650053904,9504.975634765626,9092.886776590329,9025.54496547691
2025-07-04 05:00:00,13191.328512906206,13820.114013671875,12948.312169102495,13675.010544136194
2025-07-04 06:00:00,9745.338612678299,10768.81796875,11498.571090583446,10105.78228344642
2025-07-04 07:00:00,11130.589282339697,10807.791577148437,11337.35692342384,11156.503928791251
2025-07-04 08:00:00,12195.469345442592,12260.342321777343,12575.318599644072,12552.437344032898
2025-07-04 09:00:00,11959.492511170003,12054.975268554688,12531.546831927379,12277.029644970251
2025-07-04 10:00:00,14068.639763673307,14353.255712890625,14374.050083510901,14543.426545822445
2025-07-04 11:00:00,22291.9693591462,22714.33828125,23061.89795526887,22200.408525677987
2025-07-04 12:00:00,5573.402347145999,5339.437207031249,6608.775420259334,6509.990141625308
2025-07-04 14:00:00,20538.050179171194,19739.76748046875,20340.80855846008,19928.485567020387
2025-07-04 15:00:00,11621.933341987999,11785.344821929932,11755.661019764308,11936.520016203289
2025-07-04 16:00:00,13057.606248214996,13733.815698242188,12059.673139441073,13350.98250136433
2025-07-04 17:00:00,12213.691871802905,12214.268157958984,12068.42040029512,12038.229252394907
2025-07-04 18:00:00,13241.710389934102,12910.878662109375,13244.066758644947,13182.394249337483
2025-07-04 19:00:00,12038.030127431895,12266.172747802735,12140.43888268873,12141.368846629906
2025-07-04 20:00:00,11757.612445331102,11710.342709350585,11826.158557250632,11849.372115903681
2025-07-04 21:00:00,7869.549365143403,8303.06044921875,8511.614271523296,8379.667575137712
2025-07-04 22:00:00,11411.631299447181,10624.06884765625,10751.093564175982,11078.111122465298
2025-07-04 23:00:00,9159.385789307944,9243.54423828125,8957.883168248569,8895.490101460426
2025-07-05 00:00:00,9205.779756069875,7600.0545898437485,7816.542166183872,8524.742498120426
2025-07-05 01:00:00,9319.777417635403,8672.36015625,8865.73324796398,9055.940386952989
2025-07-05 02:00:00,12468.220326075112,12160.099639892578,12354.34468450166,12283.758552188856
2025-07-05 03:00:00,7756.647923137678,8589.3287109375,9469.948755459829,8125.565828485559
2025-07-05 04:00:00,14753.821369705202,15072.601611328126,15346.762068849906,14780.503799086515
2025-07-05 06:00:00,23997.38478147421,23683.4986328125,24459.192313258318,24112.015083990427
2025-07-05 08:00:00,11367.531961252977,11565.405859375,11597.283780534928,11990.53375623904
2025-07-05 09:00:00,13118.902380610514,14006.231494140626,13348.841948339708,13789.230882690215
2025-07-05 10:00:00,14329.978010366094,15049.889990234375,14332.559087549726,15384.574347716276
2025-07-05 11:00:00,19384.580660465792,19703.65224609375,19077.970468737447,19975.393056130873
2025-07-05 12:00:00,14495.719053593097,15454.520458984374,14547.669740083613,15591.110484108814
2025-07-05 13:00:00,17890.488365396304,18298.3876953125,18198.406957218845,18178.687768157517
2025-07-05 14:00:00,16027.824188160108,16044.74453125,16206.925014654065,16210.055421497236
2025-07-05 15:00:00,15922.871127781793,15673.662841796875,16000.418828720252,15592.928194744265
2025-07-05 16:00:00,14972.194700643327,14715.58681640625,14929.16258032468,14789.291151336136
2025-07-05 17:00:00,13131.079341872974,13076.243530273438,13139.456905846035,13016.392502421204
2025-07-05 18:00:00,12753.959146412628,12542.934509277344,12675.310203328905,11934.878465749609
2025-07-05 19:00:00,12302.821528834396,12229.682788085938,12269.90249117843,11915.58467511625
2025-07-05 20:00:00,12098.090150866203,11723.852284240722,12175.192396686665,11893.931014298794
2025-07-05 21:00:00,11292.104287747958,11078.325891113282,11259.12372019011,10900.092053705157
2025-07-05 22:00:00,10858.163759190924,10525.128662109375,10599.81662236325,10785.199648697977
2025-07-05 23:00:00,13526.343009683496,12770.2625,12659.556743634314,12999.130874012028
2025-07-06 00:00:00,6893.743142194893,7148.8485351562485,7598.382846299569,7066.198590373063
2025-07-06 01:00:00,7958.645752335888,7935.650439453126,7942.204929496177,8031.682496583757
2025-07-06 02:00:00,5495.334184687337,5839.4599609375,5519.149002231196,5580.425076706337
2025-07-06 03:00:00,6688.107534233704,6510.09140625,6626.836996208195,6774.208804247558
2025-07-06 04:00:00,5711.947680775662,5733.948535156251,5694.940157355157,5841.094378124374
2025-07-06 05:00:00,6952.049948705389,6788.83154296875,6902.385552143531,6857.108996396014
2025-07-06 06:00:00,5747.101284755021,5646.13046875,5886.666532975631,5999.778724312882
2025-07-06 07:00:00,8599.176782366772,8287.041455078124,8418.27845307059,8324.940653880867
2025-07-06 08:00:00,10259.088473469315,10257.177587890625,9911.011580352326,10100.623545214508
2025-07-06 09:00:00,26433.289764959907,25288.276171875,25818.223541306823,27285.96109502502
2025-07-06 10:00:00,3565.1771368678073,4889.7505859375,5347.295799893298,2455.0980313151413
2025-07-06 11:00:00,18819.06189163788,19033.273828125,18523.964475154542,19114.246673264413
2025-07-06 12:00:00,19843.97361901092,19725.65205078125,19402.263251373137,20151.02314606261
2025-07-06 13:00:00,19404.72548148659,19443.74951171875,19245.407880297855,19510.451128028322
2025-07-06 14:00:00,17877.927941114707,18030.99306640625,17939.994594571595,18106.518954478684
2025-07-06 15:00:00,17131.639065825584,16865.97802734375,17147.478236511324,17162.88260286835
2025-07-06 16:00:00,14923.218392934617,15162.906640625,15025.817780325679,15020.181510462498
2025-07-06 17:00:00,13971.231733939785,13856.184936523438,14056.931745511094,13696.317046309037
2025-07-06 18:00:00,13369.947711559318,13213.221923828125,13468.874661048761,13208.23338923738
2025-07-06 19:00:00,13175.027445907694,13341.044848632813,13230.670611343601,13033.774590109664
2025-07-06 20:00:00,14053.503189508217,13849.07490234375,13998.193484779076,13947.758173764769
2025-07-06 21:00:00,10879.391066420178,11076.438684082032,11033.946587309894,10486.42712452666
2025-07-06 22:00:00,10083.772279582729,10161.310546875,10075.613763929836,10240.20841849605
2025-07-06 23:00:00,8346.590688320666,8588.249072265626,8501.213887434498,8689.354660496327
2025-07-07 00:00:00,7360.3299954095055,7202.5877929687485,7803.819381648724,7337.363791261748
2025-07-07 01:00:00,4865.5406269948035,4745.334277343751,4947.431930316414,4655.39768745482
2025-07-07 02:00:00,6369.015333588206,6085.650390625,6236.600762905982,6451.4245331785
2025-07-07 03:00:00,6440.83086498107,6392.26572265625,6591.236539313237,6320.470317449365
2025-07-07 04:00:00,4916.40665257593,4890.997363281251,4779.134167426248,4864.78777694728
2025-07-07 05:00:00,6386.670536634396,6370.72119140625,6376.535259618325,6291.396498727489
2025-07-07 06:00:00,10029.928975096298,9980.163549804687,10028.889068233515,10051.169056757333
2025-07-07 07:00:00,11364.541233434004,11396.47202758789,11336.774046929622,11405.531283011587
2025-07-07 08:00:00,12655.21605792261,12731.571813964843,12722.42942043676,12867.546488749862
2025-07-07 09:00:00,14396.146765782487,14414.10576171875,14251.46543121146,14325.353647337222
2025-07-07 10:00:00,17756.5425055108,17402.6802734375,17615.479465903813,17789.73836602081
2025-07-07 11:00:00,15824.159277367822,16007.32998046875,15881.29943989092,16134.934398454236
2025-07-07 12:00:00,17858.99453816877,17914.6662109375,17837.909220002417,17373.234236254357
2025-07-07 13:00:00,17456.306000158715,17470.076171875,17456.683170508113,17870.340836973406
2025-07-07 14:00:00,16951.299067073902,16836.891015625,16945.71133585887,16759.729307735437
2025-07-07 15:00:00,15649.874174741723,15594.7041015625,15679.405990209674,15725.90553364046
2025-07-07 16:00:00,14297.922891614953,14248.238427734375,14274.613950908064,14400.98531569624
2025-07-07 17:00:00,15218.041850290247,14915.43017578125,14865.285084973977,14842.825971260014
2025-07-07 18:00:00,12005.977251687582,12488.763488769531,12824.844907664381,12416.285329838085
2025-07-07 19:00:00,12958.9937828875,12926.094653320313,13225.133572445304,13178.424068746775
2025-07-07 20:00:00,13121.0778470755,13022.383129882812,13091.154120385127,12951.072613059629
2025-07-07 21:00:00,13008.807719973798,12919.543481445313,12891.273543775504,12847.963026114683
2025-07-07 22:00:00,11000.3570904847,10940.669616699219,10951.320962598726,10964.4639577052
2025-07-07 23:00:00,9019.946897426391,8982.53740234375,8874.204965954896,9077.134033984428
2025-07-08 00:00:00,8147.079441066999,8172.9286132812485,7859.879774909297,7858.275576835711
2025-07-08 01:00:00,5848.6238160248795,5967.634570312501,6009.9782780429505,6141.672336300094
2025-07-08 02:00:00,7104.407166246121,7033.486328125,7109.063635797058,6866.791841809451
2025-07-08 03:00:00,7869.590997798199,7902.12900390625,7606.38991572331,7719.496363782107
2025-07-08 04:00:00,3208.6799756307046,3536.0706054687507,3466.2899020167624,3347.3653423905316
2025-07-08 05:00:00,6867.418376620379,6842.74658203125,6703.28693613043,6751.822736822208
2025-07-08 06:00:00,13289.425778205818,13229.89072265625,13157.256514158378,13215.405887294228
2025-07-08 07:00:00,8233.51795409228,8574.28388671875,8832.13731528592,8790.91847762626
2025-07-08 08:00:00,13299.661822908418,13133.164038085937,13036.89744546812,13156.778539348667
2025-07-08 09:00:00,12470.942648733606,12798.811572265626,13447.816541581144,13079.781471472324
2025-07-08 10:00:00,16925.954291443406,16762.75791015625,16940.66841049777,16903.79426418905
2025-07-08 11:00:00,11080.28214454611,11452.984918212891,11635.626931965657,11521.425385126537
2025-07-08 12:00:00,13783.417056578208,13740.912670898437,13959.08299853413,13633.671646590192
2025-07-08 13:00:00,14403.406250050859,14398.852294921875,14457.179745402442,14641.37245488372
2025-07-08 14:00:00,15261.173771126336,15060.46181640625,15319.155776190404,15417.243076931118
2025-07-08 15:00:00,13589.8964072792,13546.298095703125,13560.718091405597,13782.993024188467
2025-07-08 16:00:00,12918.956663558589,12850.799096679688,12822.913121484695,12993.58077899571
2025-07-08 17:00:00,13105.3024218332,12900.47900390625,12687.828132771068,12842.18501997834
2025-07-08 18:00:00,13369.974920529974,13329.430786132812,12992.488823784568,13149.920337672624
2025-07-08 19:00:00,14006.022720458921,13743.0857421875,13593.39163211995,13633.78530368878
2025-07-08 20:00:00,13957.095962766103,13777.720166015624,13802.486649319664,14059.946253854612
2025-07-08 21:00:00,12877.801648998904,12782.699914550782,12874.053533922395,13025.1487537061
2025-07-08 22:00:00,12111.963104098992,12199.516174316406,12135.553159350537,12192.648563870564
2025-07-08 23:00:00,9196.650547505418,9315.613818359376,9271.582132800919,9410.902994077249
2025-07-09 00:00:00,10774.767879094295,10113.646874999999,10406.878380660966,10552.809104053615
2025-07-09 01:00:00,6446.799019232381,6726.497851562501,6854.2783719889885,6830.1101153851805
2025-07-09 02:00:00,7295.107840723023,7254.89208984375,7453.079651628183,7277.227464329161
2025-07-09 03:00:00,6750.843775871885,6739.3609375,6911.354973531564,6693.25791147117
2025-07-09 04:00:00,6255.2379484667945,6213.083300781251,6234.604793306459,6251.443438993805
2025-07-09 05:00:00,8002.734691270307,7619.0263671875,7786.058885431075,7711.781591332308
2025-07-09 06:00:00,10300.948318065004,10392.019506835937,10273.339147227038,10372.660303262428
2025-07-09 07:00:00,12361.273882285994,12410.377209472656,12347.591340156996,12524.41191385761
2025-07-09 08:00:00,12745.399882522708,13506.291479492187,14098.486442214016,13144.888843347322
2025-07-09 09:00:00,14777.428238246594,14878.51103515625,14952.117417973946,14705.779295726781
2025-07-09 10:00:00,13846.067550982994,14210.250830078125,13989.668997305656,14383.225631580088
2025-07-09 11:00:00,14982.2487208068,15111.12783203125,14987.705123193671,15017.272253084982
2025-07-09 12:00:00,15507.0564598796,15383.685986328124,15481.524524942824,15544.791128775949
2025-07-09 13:00:00,15474.880279979698,15414.42333984375,15554.487723497283,15374.517727028879
2025-07-09 14:00:00,17119.799852161777,17027.41201171875,16851.288278460965,16390.989723992865
2025-07-09 15:00:00,16439.15991756493,16007.38671875,16298.134624598686,15970.355138857562
2025-07-09 16:00:00,13974.2125723304,13780.72890625,13952.841475201858,14128.800351404807
2025-07-09 17:00:00,13753.958221027191,13593.299560546875,13676.025447041686,13760.373927515413
2025-07-09 18:00:00,11452.829533638404,11993.46858215332,11662.199242769988,11859.472596736416
2025-07-09 19:00:00,12974.786248678607,12989.549609375,12986.217002481959,12912.436076887816
2025-07-09 20:00:00,13443.018408737316,13423.4015625,13371.620296372315,13412.87004729785
2025-07-09 21:00:00,12450.711014794777,12738.519860839844,12475.980748581287,12517.494994339115
2025-07-09 22:00:00,11060.608462984106,11244.222717285156,11274.616739262094,11152.007964385826
2025-07-09 23:00:00,9625.262918073091,9730.994677734376,9526.748268699448,9591.80281827573
2025-07-10 00:00:00,7433.7459847040955,7928.0133300781235,7764.94491475537,7634.888443922341
2025-07-10 01:00:00,8412.1408304783,8028.983203125001,7974.09429490684,8161.401523732777
2025-07-10 02:00:00,7971.481502144001,7899.1416015625,7835.284223068793,7882.88706636162
2025-07-10 03:00:00,6182.804506419188,6312.0923828125,6354.181898254827,6507.9357651213295
2025-07-10 04:00:00,6160.684017939613,6235.280078125001,6148.205289517792,6101.855384095372
2025-07-10 05:00:00,7760.1378135679115,7504.406005859375,7635.187352956535,7607.759942095052
2025-07-10 06:00:00,17109.155841726788,18600.07724609375,17752.21357918283,17749.363360836756
2025-07-10 07:00:00,5861.457898113102,7586.743359374999,8403.109959797515,7245.538527667294
2025-07-10 08:00:00,13309.6569720256,13211.519750976562,13309.31611833066,13310.180462463148
2025-07-10 09:00:00,14783.985308812003,14851.631396484376,14961.002401840093,15051.252178688434
2025-07-10 10:00:00,24495.310984623306,26445.3580078125,25398.933389179125,26284.1753238506
2025-07-10 11:00:00,8040.674851833473,8549.325830078125,8584.326791726751,8110.929064630751
2025-07-10 12:00:00,16913.051377749038,16939.81025390625,16914.881998460147,16572.34420469325
2025-07-10 13:00:00,17115.050541645585,17154.685546875,17091.8224264332,17080.40992307518
2025-07-10 14:00:00,16477.38201915712,16435.90126953125,16572.117677728427,16318.999641035447
2025-07-10 15:00:00,14726.87215921648,14617.38818359375,14729.060901842542,14709.895437062725
2025-07-10 16:00:00,14973.017702397492,14851.390283203125,15004.011218509304,14852.418729370416
2025-07-10 17:00:00,14235.880299796612,14217.5341796875,14123.661807509256,14134.959680074446
2025-07-10 18:00:00,12555.120136302692,12401.546752929688,12372.106871711343,12450.170620702213
2025-07-10 19:00:00,13055.783217847598,13111.051928710938,13142.572169078732,13187.491753243581
2025-07-10 20:00:00,13522.615238367911,13562.121533203124,13464.680450931422,13453.044757688336
2025-07-10 21:00:00,17012.047539611995,16893.79384765625,17049.068748772526,17314.287450603406
2025-07-10 22:00:00,7059.179280220298,7418.1435546875,8077.1643754631095,7497.467707921462
2025-07-10 23:00:00,9107.648199950698,9141.290087890626,9145.65006931493,9087.761062666304
2025-07-11 00:00:00,5814.089789721205,6009.9076171874985,6654.297823745326,6120.397231948859
2025-07-11 01:00:00,7053.649720225589,7020.705859375001,6949.398214940613,6978.423052653449
2025-07-11 02:00:00,11803.622614079082,10940.009643554688,10307.765170775467,11290.872559211632
2025-07-11 03:00:00,310.77673673612844,995.5962890624996,1131.1758102041222,307.80040058346094
2025-07-11 04:00:00,4474.381014657472,4478.704882812501,4769.234013681868,4474.136771802064
2025-07-11 05:00:00,6210.103710062118,6136.78271484375,6205.254791139226,6169.52394693336
2025-07-11 06:00:00,8522.675486190104,8534.377294921875,8520.565734926133,8371.918718898196
2025-07-11 07:00:00,10628.466611668624,10624.079174804687,10255.056622749975,10297.802514474342
2025-07-11 08:00:00,11507.42906213548,11770.148733520507,11191.22990059572,11484.435565410926
2025-07-11 09:00:00,13394.269193767195,13386.578540039063,13256.610287891228,13308.079444935014
2025-07-11 10:00:00,15451.00021982521,15485.03330078125,15603.359030539006,15789.305172865807
2025-07-11 11:00:00,15740.796582783189,15591.30166015625,15813.243583244323,15896.640167099577
2025-07-11 12:00:00,16803.793170673318,16612.5109375,16862.073932753032,16310.178370954378
2025-07-11 13:00:00,15071.8317587856,15371.77978515625,14967.231924639982,15311.687529698973
2025-07-11 14:00:00,15890.148979735293,15453.519189453125,15881.611973889532,14602.226117096689
2025-07-11 15:00:00,14676.880291644833,14515.31494140625,14981.078484913478,14552.473057696781
2025-07-11 16:00:00,13711.470709888434,13783.492822265625,13500.319053640924,13588.134894835839
2025-07-11 17:00:00,13846.074944943626,13620.12109375,13803.945004657819,13764.98462825344
2025-07-11 18:00:00,12256.531728732894,12270.339477539062,12282.288421854479,12351.351907656735
2025-07-11 19:00:00,15230.974486341005,14979.912158203126,15283.774881907622,15069.048046135238
2025-07-11 20:00:00,10692.150037507276,10932.53046875,10884.11995157201,11171.887255874586
2025-07-11 21:00:00,11909.90187598223,12276.187493896485,11961.797677202378,11840.764641997275
2025-07-11 22:00:00,10679.030473630002,10684.399536132812,10594.204024715216,10756.027885814841
2025-07-11 23:00:00,10251.934178335596,10375.713793945313,10225.914551674738,10465.859878346466
2025-07-12 00:00:00,7577.456345084771,7819.6317382812485,7746.584581990139,7713.9686940542815
2025-07-12 01:00:00,7270.840652792324,7436.054492187501,7193.381947937232,7221.9743852936435
2025-07-12 02:00:00,6686.919796842805,6769.63623046875,6654.2058355723975,6941.710555885366
2025-07-12 03:00:00,6153.496041583994,6349.50107421875,6155.769302023866,6093.645328578274
2025-07-12 04:00:00,5953.0714375555,5896.212695312501,5809.300899936474,5790.63220719476
2025-07-12 05:00:00,11150.976521029195,10780.089111328125,11037.78575570297,11312.552561660486
2025-07-12 06:00:00,6216.396498273831,6557.2388671875,6397.259303985983,6762.598961202952
2025-07-12 07:00:00,9765.851806459872,8549.7130859375,9138.12836070442,9724.85342370611
2025-07-12 08:00:00,9491.025243471819,9539.078955078125,9679.61758264235,10131.261580507042
2025-07-12 09:00:00,12199.113430670888,12255.328143310548,12432.03710130401,12283.738519376138
2025-07-12 10:00:00,15336.236141200998,15360.692724609375,14699.481781826667,15544.835943587845
2025-07-12 11:00:00,16772.785858637195,16605.6673828125,16193.544678925107,16664.188085072994
2025-07-12 12:00:00,18554.107395533498,18670.32001953125,18488.84317785875,18644.26590683825
2025-07-12 13:00:00,19019.331276348603,18767.9375,18777.87221693369,19145.309112541956
2025-07-12 14:00:00,18173.465526448075,18283.82265625,18627.411664259896,18553.98814888434
2025-07-12 15:00:00,16000.301939231518,15945.509765625,16036.732920477854,15914.383517686649
2025-07-12 16:00:00,14686.98365824931,14754.587060546875,14777.812485486542,14808.15902240137
2025-07-12 17:00:00,14067.922572816693,14035.271240234375,14057.550252935285,14061.016373845732
2025-07-12 18:00:00,16015.218258966619,16542.37548828125,16079.203526386777,15804.443475161012
2025-07-12 19:00:00,9752.072734268488,9757.777392578126,10270.480615487282,10592.355358623376
2025-07-12 20:00:00,11408.445070576181,11528.429272460937,11709.84428102011,11665.09200778056
2025-07-12 21:00:00,11457.126347827443,11140.048669433594,11388.195060096929,11444.697793193302
2025-07-12 22:00:00,10497.916909042367,10553.320922851562,10587.297572966567,10462.639584707182
2025-07-12 23:00:00,9806.131185863404,9609.576220703126,9514.956341722507,9648.30039634545
2025-07-13 00:00:00,6810.095244764227,7220.8592773437485,7458.310521276528,6977.95746671226
2025-07-13 01:00:00,8859.68332820028,8582.99638671875,8598.64147918338,8662.31916069512
2025-07-13 02:00:00,5281.6796064010705,5504.439453125,5295.1472067523955,5519.59162847378
2025-07-13 03:00:00,6483.8522347546,6270.54111328125,6444.48886264791,6279.842235187054
2025-07-13 04:00:00,6194.556712022622,6232.692675781251,6256.973612736851,5917.914011281711
2025-07-13 05:00:00,8242.880754859201,7945.015380859375,8213.937626923247,7831.876705371231
2025-07-13 06:00:00,9737.428133730404,9881.852514648437,9949.87107440201,10023.561918866051
2025-07-13 07:00:00,5888.614848416804,6670.296582031249,6569.76651054645,6301.626076124522
2025-07-13 08:00:00,9413.964866082772,9277.025244140625,9358.26809417742,9734.113398247724
2025-07-13 09:00:00,11184.768491884217,9875.568408203126,9224.086937774216,10110.020251207676
2025-07-13 10:00:00,13005.736657952808,13696.812963867187,13714.898902151435,13905.048637317585
2025-07-13 11:00:00,15699.232706202072,15049.345849609375,14907.210566036856,15241.00913449519
2025-07-13 12:00:00,17862.793024997616,17733.628125,17297.929901966454,17350.286146776936
2025-07-13 13:00:00,20217.271452809,19901.5400390625,19869.371798507476,20314.611034945083
2025-07-13 14:00:00,15893.324099641113,16493.4759765625,15994.071540038545,15894.43977145636
2025-07-13 15:00:00,14040.004724685292,14528.30126953125,14077.770597194602,14157.036151811166
2025-07-13 16:00:00,14828.151554975406,14693.623193359375,14834.6194195841,14832.19467635212
2025-07-13 17:00:00,13661.569473847994,13595.715942382812,13707.132104191161,13774.277869566431
2025-07-13 18:00:00,13151.762399767089,13284.086303710938,13194.194072184564,13173.123620013172
2025-07-13 19:00:00,13535.411581341414,13490.293627929688,13446.497743642338,13523.986908532277
2025-07-13 20:00:00,13120.798818328196,13103.9787109375,13124.31308316122,12980.49454581672
2025-07-13 21:00:00,13969.959027376108,14062.23232421875,14067.041823564878,13818.596191984627
2025-07-13 22:00:00,9461.645142051202,10122.476196289062,10204.258791097554,9514.244773415587
2025-07-13 23:00:00,8117.618288963877,8244.825732421876,8507.261318352765,8209.086988741139
2025-07-14 00:00:00,7809.43910631819,7921.8087402343735,7962.54895093479,7769.623942261223
2025-07-14 01:00:00,7706.4061513666275,7686.531054687501,7868.89564020079,7650.565089528985
2025-07-14 02:00:00,7515.001674500105,7380.55517578125,7470.594096622467,7291.6437062534
2025-07-14 03:00:00,7238.312594888199,7227.95029296875,7309.645764946409,7167.407716951544
2025-07-14 04:00:00,5163.6420571515955,5409.562304687501,5234.849840262986,5291.716930947356
2025-07-14 05:00:00,9065.946589656698,8719.096435546875,9029.558227269565,8580.552534904506
2025-07-14 06:00:00,10428.01377672269,10133.38486328125,10237.747336560627,10256.427926471519
2025-07-14 07:00:00,11992.136760772217,11905.022839355468,11819.38798520114,11940.582634189255
2025-07-14 08:00:00,11794.462607633299,11891.437521362304,12337.059250270207,12250.602187718743
2025-07-14 09:00:00,15088.227631052174,14532.63017578125,14569.931346902582,14758.756466914258
2025-07-14 10:00:00,17177.08884445602,16849.0083984375,16973.032225918643,17240.51834586937
2025-07-14 11:00:00,16811.4582013993,16774.715234375,16719.22770533313,16767.034285760852
2025-07-14 12:00:00,19305.921772434605,18968.36689453125,19202.057095355285,19185.12268233628
2025-07-14 13:00:00,14774.547259932515,14930.978515625,14932.33572880642,15333.44144418181
2025-07-14 14:00:00,15191.183228302887,15319.82998046875,15269.024411681296,15408.958482579555
2025-07-14 15:00:00,13293.793508141593,13399.70361328125,13263.551172667863,13399.835888750027
2025-07-14 16:00:00,12226.63512846728,12276.631616210938,12215.111422474803,12378.323917421701
2025-07-14 17:00:00,12496.291332713721,12466.632385253906,12529.42418489369,12305.10980699008
2025-07-14 18:00:00,13014.899482255001,13011.74853515625,13112.23311949659,12871.022090302622
2025-07-14 19:00:00,12766.561807608803,12681.11424560547,12779.327779572188,12551.13882354758
2025-07-14 20:00:00,12220.584499688815,12209.909436035156,12231.342601209932,12332.563931536968
2025-07-14 21:00:00,13604.911956678387,13369.406030273438,13301.17947845664,13696.888371731833
2025-07-14 22:00:00,8969.911207000492,9542.967041015625,9768.357946741955,9633.759970244773
2025-07-14 23:00:00,10869.550336924502,10636.45048828125,10656.203043713305,10852.948118529175
2025-07-15 00:00:00,7359.706671980726,7628.9120117187485,7733.529149981878,7577.330695804069
2025-07-15 01:00:00,2421.9658402543773,2200.9871093750007,2753.547296563389,2424.808843506902
2025-07-15 02:00:00,6179.946813411429,6020.0810546875,6155.948218676917,6080.511125495951
2025-07-15 03:00:00,6040.702398938176,5991.31259765625,5991.623665774788,5686.321259564916
2025-07-15 04:00:00,2291.0714688834305,3132.0510742187507,2993.9439639905304,2556.3023029299693
2025-07-15 05:00:00,7359.86610545835,7019.51318359375,7192.051855600658,6893.614336038814
2025-07-15 06:00:00,5982.6888224918275,5950.60751953125,6063.4687052792,6056.122697562791
2025-07-15 07:00:00,10895.022157136478,10480.299633789062,10010.937939506653,10284.58038298145
2025-07-15 08:00:00,11665.650306195928,11886.408377075195,11291.202909568972,12192.911777987105
2025-07-15 09:00:00,13658.683846729564,13135.14140625,13024.048087395433,13604.818010054874
2025-07-15 10:00:00,14785.012313277903,14735.1412109375,14633.689641683053,14661.110416101332
2025-07-15 11:00:00,15821.210745483719,15726.149072265625,15775.932380888109,15786.2973091896
2025-07-15 12:00:00,15971.741071991022,15841.953564453124,15891.577652128472,15940.2514788557
2025-07-15 13:00:00,16386.567084199676,16449.96435546875,16367.452766851653,16257.140431666434
2025-07-15 14:00:00,16306.302034296497,16311.9251953125,16281.335112144181,16337.354667128993
2025-07-15 15:00:00,14880.667054566497,14906.94580078125,14803.698761040348,15002.585332049053
2025-07-15 16:00:00,14485.781560644211,14430.303857421875,14532.119088257783,14600.950030007298
2025-07-15 17:00:00,12983.546740526595,13196.515991210938,13109.305943838535,13041.837795188942
2025-07-15 18:00:00,13461.22877496628,13513.72802734375,13429.034067412586,13440.083393535906
2025-07-15 19:00:00,12449.14111014162,12511.930895996094,12464.973732955814,12374.492835278035
2025-07-15 20:00:00,14510.639688322797,14255.846875,14468.250856614122,14381.475895329013
2025-07-15 21:00:00,11591.796044910205,11678.572549438477,11688.282789743942,11904.748638538751
2025-07-15 22:00:00,9603.110498425493,9960.88427734375,9890.26320356225,10034.04583065607
2025-07-15 23:00:00,9960.079719902704,9665.2029296875,9636.689119792982,9621.879587022424
2025-07-16 00:00:00,9539.2939727579,9606.244042968749,9377.13155274785,9374.69916408871
2025-07-16 01:00:00,8954.667467262498,8678.99443359375,8788.202301656927,8930.91611357071
2025-07-16 02:00:00,7648.199916095502,7581.1123046875,7641.903701736934,7650.996111388282
2025-07-16 03:00:00,7755.152841110501,7709.838720703125,7739.579989942112,7622.247304464476
2025-07-16 04:00:00,6832.88697232401,6859.007128906251,6854.807508752322,6783.217218166488
2025-07-16 05:00:00,7900.076443809696,8007.3193359375,7774.599695750079,7931.618654234884
2025-07-16 06:00:00,7892.267348649713,8516.37998046875,8105.571313586305,8470.30551801952
2025-07-16 07:00:00,8556.895914368371,9303.170849609374,8981.182462762754,9057.734868621537
2025-07-16 08:00:00,9390.945267294423,9437.73056640625,9137.757468765865,9399.526565504431
2025-07-16 09:00:00,14002.851845876681,13470.715380859376,13080.676950505302,13831.304665580916
2025-07-16 10:00:00,17776.78151701921,17532.62900390625,17508.497104316008,17108.848907778658
2025-07-16 11:00:00,19318.988438992725,18960.5521484375,19041.459219137254,19041.473491627465
2025-07-16 12:00:00,21448.980715452777,21484.8986328125,21640.783336725435,21553.915322057073
2025-07-16 13:00:00,20222.5737227738,20680.7099609375,20643.120864767032,20872.708632624453
2025-07-16 14:00:00,18026.18115666879,18334.11220703125,17996.636482688864,17762.804649415542
2025-07-16 15:00:00,16481.58146605843,16745.16943359375,16438.9252575477,16377.635849874814
2025-07-16 16:00:00,15099.330191660798,15152.413232421875,15039.088935477434,14628.225763818687
2025-07-16 17:00:00,15093.311660192601,14783.444580078125,14837.89841419766,14357.201232001256
2025-07-16 18:00:00,11482.346658562761,12536.642517089844,12576.143847948211,11885.102535725558
2025-07-16 19:00:00,12777.699426403622,12795.682788085938,12931.23954517964,12736.962697516565
2025-07-16 20:00:00,11813.786622420794,11783.530125427245,11796.092325514277,11654.496993259454
2025-07-16 21:00:00,11453.862793526097,11352.34658203125,11464.900896172274,11411.81703753693
2025-07-16 22:00:00,11878.417766621104,11069.552551269531,11237.063308268765,11885.857256780475
2025-07-16 23:00:00,6913.894173000899,7162.763964843751,7379.468602628882,7401.861992547568
2025-07-17 00:00:00,7870.005629080981,7676.3592773437485,7649.670331937898,7793.908491005457
2025-07-17 01:00:00,5915.960116783917,6100.221484375001,6054.584879918815,5942.4422146578445
2025-07-17 02:00:00,5085.645282915095,5213.98291015625,5137.433577658334,4998.34923084149
2025-07-17 03:00:00,6560.972941960999,6390.821875,6549.622337717024,6320.303062663031
2025-07-17 04:00:00,6679.269576392329,6490.621386718751,6622.699269404424,6266.279863786435
2025-07-17 05:00:00,8962.221651704283,8905.319580078125,8831.458796283896,8666.696599279792
2025-07-17 06:00:00,8373.89012942698,8004.340673828125,7343.565253452982,8127.30603366821
2025-07-17 07:00:00,11787.89040145119,11786.941595840453,11810.828331421211,11807.034616025197
2025-07-17 08:00:00,12903.840965410322,12828.7662109375,12917.937985392775,13062.193249103071
2025-07-17 09:00:00,14703.230040816798,14372.696826171876,14156.972704301945,14531.340605553034
2025-07-17 10:00:00,15065.52394077731,13612.502416992187,14330.71581068592,15420.95109629035
2025-07-17 11:00:00,18687.188508950894,18371.9447265625,18504.02597575787,18180.134525852503
2025-07-17 12:00:00,14770.040567883301,15059.7736328125,14743.511451681545,14986.16154801411
2025-07-17 13:00:00,16551.95195356509,16359.4130859375,16519.657468658857,16436.37017011241
2025-07-17 14:00:00,15948.262165353031,15939.70205078125,15908.325684275213,16073.786920499053
2025-07-17 15:00:00,14879.027051545374,14965.299072265625,14887.421955519714,14700.561406005369
2025-07-17 16:00:00,13853.283692080318,13726.678735351563,13906.881290465362,13783.625633034178
2025-07-17 17:00:00,14533.724556095985,14465.963623046875,14595.622809001072,14418.324007118475
2025-07-17 18:00:00,12016.319660328896,12037.15007019043,12115.206387475071,12120.787854362254
2025-07-17 19:00:00,11422.504053561399,11537.867144775391,11507.09631684734,11403.738421344244
2025-07-17 20:00:00,12277.4443522381,12239.213055419921,12254.916101010833,12352.977253277493
2025-07-17 21:00:00,12006.088920595395,11482.041284179688,11292.945985611459,11602.281788570564
2025-07-17 22:00:00,10498.019074735334,10479.676513671875,10546.227812530606,10482.743692462234
2025-07-17 23:00:00,9632.129362957876,9438.66728515625,9380.22345807569,9253.583399306875
2025-07-18 00:00:00,9275.769832312777,8781.609765624999,9170.27703141291,9251.223061817724
2025-07-18 01:00:00,5906.769524672218,5798.833300781251,5980.607251403593,5905.178918944417
2025-07-18 02:00:00,5803.344000697296,5833.359375,5859.07405563044,5890.963377977106
2025-07-18 03:00:00,5388.248701101029,5604.06259765625,6134.790163930827,5246.3275924572135
2025-07-18 04:00:00,7093.322230401671,7015.527636718751,6903.8928690073635,6788.899512685883
2025-07-18 05:00:00,7180.093888883392,7168.740234375,7127.0247673763915,7288.385477015034
2025-07-18 06:00:00,9141.877493062091,9070.94931640625,9071.014260510605,8983.316471741038
2025-07-18 07:00:00,12286.712315175024,12066.31300048828,11916.714419777983,12326.725503892289
2025-07-18 08:00:00,13519.820344711601,13496.268774414062,13424.355476162807,13424.660005378002
2025-07-18 09:00:00,15300.935290332698,14963.530078125,15249.16346261272,15106.225387555081
2025-07-18 10:00:00,25308.48654207032,24139.0865234375,23432.07853910104,25445.555204698758
2025-07-18 11:00:00,7465.766718495879,8743.312158203125,7960.24592347722,8105.138627672924
2025-07-18 12:00:00,15962.993601394784,15953.75751953125,15978.488883615188,16071.226548368182
2025-07-18 13:00:00,16176.673938710534,15853.237060546875,16066.724541442412,16113.349259604185
2025-07-18 14:00:00,14782.036652901888,14833.225732421875,14802.044165861627,14734.129709534427
2025-07-18 15:00:00,15731.93710445847,15436.669921875,15627.812164434876,15576.755570692687
2025-07-18 16:00:00,14156.987799650431,14085.84658203125,14158.117912861715,14131.300434345623
2025-07-18 17:00:00,13581.137701658212,13631.7744140625,13562.52455370874,13738.053785388423
2025-07-18 18:00:00,12996.865715711785,13200.656982421875,13167.77020576935,12989.795160131625
2025-07-18 19:00:00,12104.729547077299,12092.314166259766,12103.064267772776,12247.629529443924
2025-07-18 20:00:00,11978.78369254048,12068.755307006835,11875.295825611372,12010.169723846075
2025-07-18 21:00:00,11551.28587773772,11834.811982727051,11655.86332346398,11698.400904631215
2025-07-18 22:00:00,9832.795382906595,10262.427124023438,10172.777629517968,10292.986299164731
2025-07-18 23:00:00,9457.732574044498,9234.373828125,9174.76973075239,9625.363271753766
2025-07-19 00:00:00,7186.968996073301,7306.4300781249985,7285.565436567575,7280.954919614887
2025-07-19 01:00:00,7124.704226073201,6862.084277343751,7128.752024659054,7030.0074865782735
2025-07-19 02:00:00,6030.26241738048,5943.4111328125,6081.390916983037,6134.388480059892
2025-07-19 03:00:00,6898.955424097721,6812.03037109375,6905.932158161088,6980.870101160384
2025-07-19 04:00:00,7871.526757233809,7761.514697265626,7873.162886659265,8275.78771239323
2025-07-19 05:00:00,6423.791084996483,6386.318359375,6413.212787370858,6603.240337006823
2025-07-19 06:00:00,4362.259208342299,4425.23056640625,4359.335745778453,4708.7683749633725
2025-07-19 07:00:00,7681.569678613315,7177.945507812499,7152.73301006449,7436.302952027806
2025-07-19 08:00:00,11013.801016317802,10608.5640625,10548.69866503273,10733.697008777232
2025-07-19 09:00:00,13809.806547542878,13003.11748046875,13216.183159515014,13600.40887073175
2025-07-19 10:00:00,16444.48178851611,16395.99521484375,15983.526204767964,16562.084872053805
2025-07-19 11:00:00,18753.369597585108,18918.500390625,18870.17396796595,18761.145664370386
2025-07-19 12:00:00,19467.7510375534,19692.5294921875,19215.830141423347,19514.963663004302
2025-07-19 13:00:00,18516.14072615892,18509.82080078125,18601.64566602499,18528.45853815518
2025-07-19 14:00:00,17954.348998923575,17935.76015625,17967.06245993818,17711.35749843308
2025-07-19 15:00:00,16815.259996301626,16652.63330078125,16667.964141354238,16659.01601023876
2025-07-19 16:00:00,15577.886503894777,15533.701318359375,15528.953098193453,15586.736935451449
2025-07-19 17:00:00,13943.622100866298,14012.220458984375,13984.766756076497,14123.012441066798
2025-07-19 18:00:00,13366.957247421,13427.300659179688,13381.839903287344,13398.636938524045
2025-07-19 19:00:00,13114.958360989101,13707.980639648438,13372.245947299307,13552.463294575695
2025-07-19 20:00:00,11480.7304950832,11344.350964355468,11775.072615021018,11389.223488430456
2025-07-19 21:00:00,12023.346685248422,11479.438592529297,11961.074020226817,11883.460782746464
2025-07-19 22:00:00,10358.024919270581,10261.307373046875,10474.301520110574,10143.368964506752
2025-07-19 23:00:00,9423.462872414693,9343.531787109376,9294.74581477698,9344.205899842855
2025-07-20 00:00:00,8782.340571099594,8941.100244140624,8669.10863146334,9003.313909097742
2025-07-20 01:00:00,7884.266720756004,7821.540087890626,7842.653394313074,7822.581603646973
2025-07-20 02:00:00,7089.679675788619,7328.81689453125,7190.2576836326125,7104.7324460662985
2025-07-20 03:00:00,5974.263652200583,6008.5025390625,6126.417969471522,6195.340632655603
2025-07-20 04:00:00,4739.751087427303,4760.354296875001,4704.509179981484,4467.611646513701
2025-07-20 05:00:00,6819.21554457242,6575.5,6686.1762282679065,6535.985973570604
2025-07-20 06:00:00,6385.078736815141,6582.448828125,6363.7485533448225,6554.786823766817
2025-07-20 07:00:00,9279.843920505937,8905.25263671875,8945.473772383775,8917.80766866346
2025-07-20 08:00:00,7867.199362346209,7732.70126953125,8023.471571616446,8389.318111560688
2025-07-20 09:00:00,11729.555646223675,11421.003283691407,11571.998593246362,11761.763825738419
2025-07-20 10:00:00,13804.449958965828,13564.732763671875,13678.189241718981,13317.07907527065
2025-07-20 11:00:00,17470.420081138283,17464.13759765625,17418.371534216407,17159.81325487826
2025-07-20 12:00:00,18998.565542234497,18943.676953125,18726.219921190943,19185.78200448475
2025-07-20 13:00:00,18396.65618754171,18397.66259765625,18113.327364791734,18355.678333273987
2025-07-20 14:00:00,17220.526249254188,17512.81142578125,17069.348623506456,17206.202637029564
2025-07-20 15:00:00,16272.865067149003,16498.521484375,16207.31067616096,16575.392816781266
2025-07-20 16:00:00,15147.1074280696,15029.312646484375,15112.585841274422,15294.895235766646
2025-07-20 17:00:00,28244.186741513797,28819.421875,28624.519875407175,29386.486595349787
2025-07-20 18:00:00,339.78335567971226,4048.8525390625,5025.478460397383,3231.8273444271235
2025-07-20 19:00:00,12739.673560491694,12491.263720703126,12731.740501129585,12689.756947037027
2025-07-20 20:00:00,12236.201621715107,12133.084576416015,12236.324740848719,12326.110676169721
2025-07-20 21:00:00,12696.433205294286,12464.933984375,12656.73870479512,12614.836967026375
2025-07-20 22:00:00,10906.01227528679,10862.911804199219,10958.596080424588,10590.86057153919
2025-07-20 23:00:00,12545.18812021174,12079.177615356446,12259.69326728816,12254.62651424116
2025-07-21 00:00:00,4188.1641954649895,4842.5555664062485,6126.578493898571,4539.616537046148
2025-07-21 01:00:00,7284.305840311765,7224.269335937501,7305.017296601176,7220.751524064367
2025-07-21 02:00:00,5664.520751668329,5782.18359375,5709.728786150329,5707.254081276701
2025-07-21 03:00:00,6643.305211314399,6412.34873046875,6760.318700838273,6575.377596351326
2025-07-21 04:00:00,8797.217433324597,8337.809619140626,9017.9556132691,8749.699354912136
2025-07-21 05:00:00,7549.839879416992,7378.10986328125,7553.084176765969,7566.24717558453
2025-07-21 06:00:00,7141.4915171286175,7665.66318359375,7380.729880243224,7449.17187700493
2025-07-21 07:00:00,12121.142079287976,11166.7736328125,11172.063073515837,11900.33086278215
2025-07-21 08:00:00,12162.935180251288,12151.914129638672,12226.687565710412,12147.688337700225
2025-07-21 09:00:00,14748.52071340752,14469.09892578125,14034.514111586568,14997.408998741472
2025-07-21 10:00:00,16198.594496190306,16519.91904296875,16108.799471812068,16307.841679225272
2025-07-21 11:00:00,18983.796787560095,19123.0521484375,19040.22347775326,18791.407160190658
2025-07-21 12:00:00,14596.992737363904,14986.205517578124,14750.281620578407,14660.364986438315
2025-07-21 13:00:00,17000.160143020577,16916.00732421875,17054.40341486459,16907.72153994051
2025-07-21 14:00:00,15709.372886893538,15964.4251953125,15923.134836213123,15673.840809091223
2025-07-21 15:00:00,13815.562114534478,14175.1982421875,14248.757404470054,13926.895349709535
2025-07-21 16:00:00,14414.603700462709,14502.2064453125,14530.88390962151,14310.403738442015
2025-07-21 17:00:00,13183.660336351895,13156.010375976562,13175.341605298117,13186.431950207885
2025-07-21 18:00:00,13388.7491188907,13174.866821289062,13375.623234190198,13456.7518242602
2025-07-21 19:00:00,12851.342209739702,12995.49248046875,13052.095100155399,12824.073660869804
2025-07-21 20:00:00,12012.582763504699,12035.749630737304,12217.400038971251,12042.582985734463
2025-07-21 21:00:00,11754.465199773005,11661.11092529297,11687.993223961348,11702.039036835582
2025-07-21 22:00:00,11033.857539348814,10860.473205566406,11050.865299512892,11352.434239261574
2025-07-21 23:00:00,8601.45741662168,8496.19853515625,8596.813661285101,8213.435773732415
2025-07-22 00:00:00,6502.648211134023,6794.7816406249985,6995.8217285130395,6651.2186038489945
2025-07-22 01:00:00,8198.127668105579,8272.280078125,8085.440019943161,7239.766320473883
2025-07-22 02:00:00,3026.206793310703,3071.935546875,3059.9923882646253,3023.1590078831596
2025-07-22 03:00:00,6286.910843650801,6251.5806640625,6272.625889677968,6211.901721885434
2025-07-22 04:00:00,5387.299699063693,5612.790820312501,5580.2002201907435,5254.414825137912
2025-07-22 05:00:00,5062.525744564613,5114.6708984375,5062.712842632518,5228.7909203365125
2025-07-22 06:00:00,8258.588421050203,8201.55771484375,8227.331692727688,8313.540600185837
2025-07-22 07:00:00,11458.062563406576,10690.823681640624,10485.775179678682,11119.268414683103
2025-07-22 08:00:00,13533.0540199609,13410.773046875,13202.179579139654,13297.34048588737
2025-07-22 09:00:00,14311.110438599735,14260.711962890626,14290.792920800835,14502.335373326827
2025-07-22 10:00:00,12929.975966139964,13174.632299804687,13104.378413630126,13567.94408649991
2025-07-22 11:00:00,20954.313764555212,20928.4427734375,20994.061528707716,20515.68265547692
2025-07-22 12:00:00,11428.663601541699,11954.583950805663,11460.935126462418,12127.256982848408
2025-07-22 13:00:00,15526.661174261215,15336.597412109375,15560.208473182944,15599.452212737766
2025-07-22 16:00:00,4011.733497471907,5171.928125,6526.815729633147,4505.648026200617
2025-07-22 17:00:00,14501.738188286297,14570.726806640625,13862.438624482622,14103.786398701293
2025-07-22 18:00:00,15016.027618058884,15001.277587890625,14255.25211641337,14609.388861949172
2025-07-22 19:00:00,15163.618988449529,15213.367236328126,15116.32473002762,15151.79001299141
2025-07-22 20:00:00,16012.506283140883,16119.997265625,15976.062930927015,16197.26955563029
2025-07-22 21:00:00,14806.178804100005,15104.503564453125,14790.463965183699,14975.728134613672
2025-07-22 22:00:00,7777.296779237018,8179.876220703125,7690.694013237453,7725.288111873309
2025-07-22 23:00:00,8734.024684800173,8804.044482421876,8771.535344860597,8923.827835877031
2025-07-23 00:00:00,8608.163678112898,8485.378076171874,8240.034026709049,8499.183193709854
2025-07-23 01:00:00,5671.115323597001,5957.302539062501,5870.5420184455925,5561.992936221215
2025-07-23 02:00:00,4738.584566360107,4910.33984375,4757.488181216966,4884.81471875339
2025-07-23 03:00:00,7278.348601371899,6967.94052734375,7080.740745925396,6891.177562631094
2025-07-23 04:00:00,5615.780157460296,5620.435351562501,5663.095973043138,5519.428572906684
2025-07-23 05:00:00,14992.381257593923,14647.2509765625,14922.217587791882,15147.128325294683
2025-07-23 06:00:00,1699.921993836475,2854.1832031249996,2539.359953260755,2047.8413582660742
2025-07-23 07:00:00,12125.635987183818,11787.081297683715,11507.494927379646,12331.910200246157
2025-07-23 08:00:00,12420.51510858938,12523.2115234375,12631.277980555275,12637.12963754704
2025-07-23 09:00:00,12910.39683568721,13232.816088867188,13267.064426245935,13327.7359751159
2025-07-23 10:00:00,14987.8794461056,14905.56845703125,14972.80424698626,15349.225047010636
2025-07-23 11:00:00,14300.298555600393,14608.007470703125,14172.252976962685,14469.708420483363
2025-07-23 12:00:00,14923.697023413097,14616.852001953124,14766.18098855478,14449.195513102502
2025-07-23 13:00:00,27385.205144588923,26635.353515625,25767.91485445109,26565.873804045055
2025-07-23 14:00:00,6822.796337053465,8629.5208984375,9579.175650548628,6535.344589875199
2025-07-23 15:00:00,14757.893617238515,14626.983154296875,14567.282613552872,14595.55479430746
2025-07-23 16:00:00,11746.50855592658,12330.36385498047,11944.261706658914,12620.233682068489
2025-07-23 17:00:00,11050.803121547826,11144.635009765625,11225.390970078899,10332.276384530054
2025-07-23 18:00:00,12928.815512250803,12846.605407714844,12847.77432009827,12778.943834605527
2025-07-23 19:00:00,14058.762572838492,14051.248828125,13798.03007061686,14018.328017998825
2025-07-23 20:00:00,12585.202257716996,12605.33839111328,12484.247793215352,12583.950177599578
2025-07-23 21:00:00,12412.259031732503,12406.786828613282,12353.433270857277,12324.165016753042
2025-07-23 22:00:00,11154.836452013391,11252.131103515625,10893.889628693327,11059.539668276546
2025-07-23 23:00:00,9598.712846324812,9648.20146484375,9597.454768298852,9516.080194450493
2025-07-24 00:00:00,8835.847034253973,8783.752099609374,8761.566882396422,8681.144206503983
2025-07-24 01:00:00,8164.701198840023,8116.159228515626,8004.5647078499715,8008.0360973440365
2025-07-24 02:00:00,8281.6365691518,8286.710205078125,8196.178733306993,8177.294182652962
2025-07-24 03:00:00,7689.4069256502025,7595.20029296875,7581.731631488887,7662.775278325639
2025-07-24 04:00:00,7167.721499894182,6837.548144531251,7028.047065363892,6894.364946724497
2025-07-24 05:00:00,7774.212540163513,7772.28271484375,7663.85447954693,7699.686572817366
2025-07-24 06:00:00,10237.615466135589,10481.870825195312,10315.601673088888,10013.898150541043
2025-07-24 07:00:00,11554.491471393714,11810.083629417419,11988.96791397589,11836.66993833564
2025-07-24 08:00:00,13792.581315146386,13642.141088867187,13577.553036231766,13676.429996244315
2025-07-24 09:00:00,13873.062605569827,13911.387744140626,13925.61922675908,13610.852424190622
2025-07-24 10:00:00,14958.049412818296,15001.736181640625,14980.793203116227,15176.492100917421
2025-07-24 11:00:00,15481.391390810773,15125.434716796875,15312.009087942422,15384.156294571314
2025-07-24 12:00:00,15681.860194662626,15923.63935546875,15793.095880577497,15957.760222097617
2025-07-24 13:00:00,17287.11781904599,16887.35693359375,17135.39800174859,17258.904716728288
2025-07-24 14:00:00,14731.228226497808,14840.68203125,14747.640238838429,14693.853662419282
2025-07-24 15:00:00,16153.417019029395,16057.3173828125,16164.664189531983,15856.565892438532
2025-07-24 16:00:00,12425.152614032902,12472.753686523438,12453.138248865096,12527.014191599379
2025-07-24 17:00:00,13711.034252887897,13799.64892578125,13678.28076056852,13586.895572928475
2025-07-24 18:00:00,13494.464077996803,13579.72900390625,13491.993577523532,13528.74098415042
2025-07-24 19:00:00,15582.766032214004,15560.276904296876,15400.508672954064,15607.098219503972
2025-07-24 20:00:00,13833.817575797595,13745.009594726562,13784.764966126957,13914.171578940666
2025-07-24 21:00:00,11066.729223101001,11227.535424804688,11380.161456791693,11245.17859598395
2025-07-24 22:00:00,10104.885982299005,10126.500244140625,10357.753235904012,10387.899606861698
2025-07-24 23:00:00,9147.506423754301,9041.0720703125,9187.889328388761,9105.549538627745
2025-07-25 00:00:00,10428.160400379893,9158.607568359374,9767.287178058821,9891.760902351321
2025-07-25 01:00:00,4730.877792172807,5200.311328125001,4917.226002229489,5213.653263625375
2025-07-25 02:00:00,6557.4749063644995,6571.24658203125,6532.673433066812,6779.2530493400845
2025-07-25 03:00:00,5640.35429199477,5556.4126953125,5640.185988992813,5791.372520691483
2025-07-25 04:00:00,6371.6945132455185,6038.039843750001,6287.816568738853,5933.64662110674
2025-07-25 05:00:00,7170.120044785435,7133.4248046875,7160.997070519851,6986.818101417475
2025-07-25 06:00:00,12523.683150512783,12149.189672851562,11945.365575758757,11924.847273586625
2025-07-25 07:00:00,7315.584116098511,8233.9904296875,8553.647490447904,7883.272077273756
2025-07-25 08:00:00,12324.313174860965,12119.588995361328,12269.799913259258,12202.86386191452
2025-07-25 11:00:00,14398.32871539429,14460.03798828125,14256.770660568443,13813.386360758737
2025-07-25 12:00:00,25741.58187709501,24245.919140625,24253.240795224527,25001.536000548407
2025-07-25 13:00:00,6510.763811380588,7045.9169921875,7721.332556509768,7340.856465095008
2025-07-25 14:00:00,15243.521767599213,14235.672998046875,14370.61811033194,14201.84914533901
2025-07-25 15:00:00,15184.176220509093,14842.067626953125,15270.282151603607,14820.82311201303
2025-07-25 16:00:00,13553.175460789798,13630.573510742188,13528.104036892248,13374.180380508133
2025-07-25 17:00:00,16109.5035981377,15997.92236328125,15929.905777049396,15855.725224796759
2025-07-25 18:00:00,10216.457192476199,10335.3916015625,10426.432063827904,10509.256585795514
2025-07-25 19:00:00,12284.090320325213,11901.167437744141,12021.589335932826,12004.448758009514
2025-07-25 20:00:00,12313.858303933386,12219.051831054687,12111.195449667997,12104.606038514066
2025-07-25 21:00:00,13247.014058391005,13261.313623046875,13036.788625965333,13121.853224467353
2025-07-25 22:00:00,11068.398790306805,11176.902954101562,10881.25442838074,11324.575333861932
2025-07-25 23:00:00,11036.931055621902,10939.811328125,10847.040167239542,11057.399062639468
2025-07-26 00:00:00,6546.49320250209,6768.9144531249985,7068.494694334226,6820.785553784127
2025-07-26 01:00:00,7506.522210580999,7429.909960937501,7521.153597882235,7502.975129338319
2025-07-26 02:00:00,6554.902195487492,6690.572265625,6535.40738125799,6726.51168487561
2025-07-26 03:00:00,5852.983652199508,5825.97177734375,5953.391994884003,5796.169804475296
2025-07-26 04:00:00,8741.373209382513,8449.946826171876,8680.46711535796,8585.059055077245
2025-07-26 05:00:00,4414.5048403939145,4567.55615234375,4626.996490817118,4818.018912305103
2025-07-26 06:00:00,7929.666871896456,7857.9654296875,7976.991181159681,8394.505744024467
2025-07-26 07:00:00,7596.6940344367285,7928.716992187499,8108.164986771979,7753.5910215272725
2025-07-26 08:00:00,10719.857553977,10999.95401611328,10917.193665617418,11011.138791770121
2025-07-26 09:00:00,17653.196095451993,17336.7546875,16742.02679574295,16931.267128893447
2025-07-26 10:00:00,10228.121131569007,11854.7330078125,13758.873212402643,12275.062297904748
2025-07-26 11:00:00,16858.3716583109,16905.09755859375,16826.413119866764,17066.950718271586
2025-07-26 12:00:00,18145.41491381102,18523.31220703125,18368.95273114377,18433.869019135847
2025-07-26 13:00:00,20041.883804710378,19162.92724609375,19872.95425366679,20094.574700617755
2025-07-26 14:00:00,14650.165601536597,15185.778955078125,14661.056118403074,15087.91148364279
2025-07-26 15:00:00,16620.890942584098,16134.0478515625,16486.820183425327,16363.470601928826
2025-07-26 16:00:00,14097.11962770171,14134.143701171875,14127.016796379357,14139.895227480065
2025-07-26 17:00:00,13868.883579424699,13821.394897460938,13852.62767330766,13677.655646979643
2025-07-26 18:00:00,13025.816154625718,12962.745239257812,12992.314030634972,13223.791974794538
2025-07-26 19:00:00,12046.322991218072,12226.578845214844,12116.176248856147,12403.978194510026
2025-07-26 20:00:00,11803.67504371372,11858.15132408142,11864.495662246896,12022.856053194066
2025-07-26 21:00:00,11810.738223082759,11658.186502075196,11817.063884952258,11691.53995608229
2025-07-26 22:00:00,12319.412386692813,12209.773742675781,12150.108023610896,12138.753413508943
2025-07-26 23:00:00,7699.378412504437,7957.773242187501,7987.66378356288,7863.863183912603
2025-07-27 00:00:00,8145.107785596752,8107.6480957031235,8168.251895403668,8049.354739086217
2025-07-27 01:00:00,7200.501838969842,7088.687304687501,7262.810031863756,7076.84325366902
2025-07-27 02:00:00,7706.406500981757,7631.845703125,7641.754749938113,7497.58230401465
2025-07-27 03:00:00,7676.137809261525,7332.5796875,7563.4455739557325,7469.8079235008445
2025-07-27 04:00:00,6429.656601837476,6308.376269531251,6430.951612947509,6393.481175569172
2025-07-27 05:00:00,8164.735804222131,8132.366455078125,8216.54095399172,8092.2536281921275
2025-07-27 06:00:00,3274.1755929583796,3488.3296874999996,3356.87525216627,3202.5312789515974
2025-07-27 07:00:00,7150.769355069799,7037.265332031249,7453.953026055438,7223.520098122001
2025-07-27 08:00:00,14010.127700214804,12875.332739257812,12082.595938374026,13283.71794651034
2025-07-27 09:00:00,8629.758170240199,8959.72001953125,9570.837116479084,9459.936857684374
2025-07-27 10:00:00,15130.598124876187,14645.07529296875,14571.282458920487,14932.38539021502
2025-07-27 11:00:00,19455.071787986722,19885.6126953125,19425.987983142757,19377.175339132264
2025-07-27 12:00:00,18314.463404699458,18969.17548828125,18311.302922930743,18867.214350111844
2025-07-27 13:00:00,19544.591999307348,19350.595703125,19193.57038148941,19365.94515816209
2025-07-27 14:00:00,18564.531931814992,18712.97646484375,18570.41051139456,18546.63997051084
2025-07-27 15:00:00,16495.801596359903,16777.00390625,16463.229538090254,16588.455078224015
2025-07-27 16:00:00,16709.9049943918,16452.2494140625,16336.257190686507,16287.172999749535
2025-07-27 17:00:00,13928.207410630523,13980.146484375,14143.878842715987,13759.596966029254
2025-07-27 18:00:00,13960.464855881059,14107.148193359375,13972.381697146524,14138.158666408184
2025-07-27 19:00:00,13980.820574242814,14084.15703125,14017.081969028406,13772.011260800577
2025-07-27 20:00:00,13419.692082754507,13621.210034179687,13577.626109852583,13520.028021668912
2025-07-27 21:00:00,12345.593027719568,13261.184350585938,12858.482947681776,13785.579987694275
2025-07-27 22:00:00,11553.346446071126,12789.380798339844,12632.91597774981,11979.177503508896
2025-07-27 23:00:00,8402.413475939906,8393.86552734375,8729.554437656945,8845.632537606336
2025-07-28 00:00:00,7476.032910048489,7756.4146972656235,7677.013701945241,7455.0436203622785
2025-07-28 01:00:00,7180.230324219289,7249.622851562501,7067.232739546941,7295.8618765870715
2025-07-28 02:00:00,6225.722159353914,6250.541015625,6226.491694814014,6249.814932873242
2025-07-28 03:00:00,5657.676525169407,5610.8873046875,5514.37076592475,5693.727695094298
2025-07-28 04:00:00,4871.057117856999,4883.698535156251,5044.9395227099185,4911.228028188477
2025-07-28 05:00:00,6357.136475969906,6454.4521484375,6411.733235937549,6440.690823184349
2025-07-28 06:00:00,9921.08835857659,9655.815771484375,9905.758304567093,10064.886165905305
2025-07-28 07:00:00,10478.864348541898,10622.324536132812,10355.806875452241,10211.867706361365
2025-07-28 08:00:00,11494.842746172484,11640.41259613037,11917.132138258223,11744.389627840193
2025-07-28 09:00:00,13123.772451892513,13174.598071289063,13263.268391406258,13460.434374812397
2025-07-28 10:00:00,18509.969253825613,18010.52060546875,18307.588324273933,18008.8671140022
2025-07-28 11:00:00,17262.660084739087,17002.45302734375,17136.308366863846,17224.619442404608
2025-07-28 12:00:00,17614.418940369007,18014.8927734375,17609.511424807366,17857.108546249867
2025-07-28 13:00:00,16050.929156743892,16036.2265625,15862.533203964871,16269.138950045135
2025-07-28 14:00:00,16421.80277779951,16483.72353515625,16371.181836811513,16417.85576241642
2025-07-28 15:00:00,14980.45748165829,15096.595458984375,15200.542483885707,14965.081163511959
2025-07-28 16:00:00,15792.997138708111,15400.444482421875,15513.644820275578,15758.453788087743
2025-07-28 17:00:00,18578.8985439237,18977.78955078125,19086.734625679223,18327.173433498625
2025-07-28 18:00:00,8894.566136788198,8562.707763671875,8531.814152338127,9385.406996974834
2025-07-28 19:00:00,11039.963909553499,10974.723498535157,11129.449910865178,11136.205266961411
2025-07-28 20:00:00,13101.271297363299,13019.944409179687,13052.256732263713,13123.527783123984
2025-07-28 21:00:00,12091.267524552904,11858.331456756592,12019.68629610407,12096.142889447767
2025-07-28 22:00:00,10313.725412183776,10198.634887695312,10233.35574693038,10337.251020216223
2025-07-28 23:00:00,8794.380696465818,8656.877490234376,8710.881735678951,8820.336267560635
2025-07-29 00:00:00,6324.486914490197,6304.3788085937485,6618.289420508595,6516.8245825697895
2025-07-29 01:00:00,7453.931682450802,7090.143359375001,7238.704404903339,6980.494096969874
2025-07-29 02:00:00,5030.060364091696,5142.48388671875,5050.5678331959225,4873.797291327177
2025-07-29 03:00:00,6992.301184090602,6770.2525390625,6870.842717963883,6600.849146597353
2025-07-29 04:00:00,1879.9317904001964,1808.0154296875007,1980.4018282442412,1720.8790986231888
2025-07-29 05:00:00,7255.079597888573,7168.66650390625,7166.191325721019,7093.6866376396465
2025-07-29 06:00:00,9484.29141100843,9786.93125,8863.987514260047,9222.55647669555
2025-07-29 07:00:00,11945.329338254302,11645.884274291991,11674.338531702773,11935.957536833557
2025-07-29 08:00:00,8416.74655009117,9393.255224609375,9404.94654351491,8945.337920720049
2025-07-29 09:00:00,14294.847533369426,14392.04130859375,14224.619525616137,14423.954138696456
2025-07-29 10:00:00,15276.864310431503,15501.416845703125,15262.791464779044,15621.04421280808
2025-07-29 11:00:00,15822.914098661999,15872.77919921875,15792.860691503989,15913.543958438158
2025-07-29 12:00:00,17024.543094629622,17046.8390625,17050.44875125373,16909.069764607942
2025-07-29 13:00:00,16528.845411691378,16793.1767578125,16650.47308534382,16667.865123346997
2025-07-29 14:00:00,15957.756950001925,16054.0384765625,15998.341449664269,16124.105176256788
2025-07-29 15:00:00,22909.332065811177,22674.5068359375,21831.77783635303,22613.99882963917
2025-07-29 16:00:00,7164.179583348197,7259.09267578125,8455.452661978283,7420.9983574099115
2025-07-29 17:00:00,14321.163092230097,14260.793212890625,14359.196771320017,14120.476442876712
2025-07-29 18:00:00,13860.885438913305,13654.482543945312,14083.951056992364,13215.851909522282
2025-07-29 19:00:00,13469.160741047908,13514.882250976563,13548.850448336958,13581.743251567248
2025-07-29 20:00:00,16502.84954766789,16796.30048828125,16462.278848220347,16468.997159690392
2025-07-29 21:00:00,9596.842994476809,9737.323876953125,9605.603556556638,9457.895566080762
2025-07-29 22:00:00,10635.956376672897,10460.341918945312,10509.107053050337,10726.799627358097
2025-07-29 23:00:00,9767.8745585803,9434.536669921876,9696.152426400255,9463.298323721427
2025-07-30 00:00:00,8019.355505529202,8120.2264648437485,7911.697130314373,8084.451132316166
2025-07-30 01:00:00,6550.258337074996,6443.548144531251,6657.783954004209,6529.105289011253
2025-07-30 02:00:00,6803.416214177501,6702.3466796875,6775.339891710418,6588.050879796095
2025-07-30 03:00:00,5735.103046927403,5876.5669921875,5811.986515446372,5977.652917794753
2025-07-30 04:00:00,6449.523123842595,6505.937304687501,6556.009926022457,6434.354464221357
2025-07-30 05:00:00,7677.219693685271,7484.6572265625,7569.240338075098,7597.432181319971
2025-07-30 06:00:00,12378.572670961532,12572.5201171875,12338.02909263998,12261.410611748906
2025-07-30 07:00:00,9691.98905918658,10262.863354492187,10109.951776638498,9457.63672342486
2025-07-30 08:00:00,7779.3195298851115,9624.138525390625,10536.205308647714,9226.887670005492
2025-07-30 09:00:00,12536.607611573523,12082.695269775391,12400.478826440001,12472.122647849445
2025-07-30 10:00:00,14056.775634824566,13449.536352539062,13571.75128899939,13949.114026275154
2025-07-30 11:00:00,14817.29811909413,14672.292626953125,14807.948158122832,15105.64284247687
2025-07-30 12:00:00,16394.56793451418,16299.75947265625,16278.040129678095,16553.9167673191
2025-07-30 13:00:00,13004.118684175104,12995.0341796875,13298.112261647675,13095.707415965113
2025-07-30 14:00:00,14204.567212716001,14219.567041015625,14334.3291034143,14302.363914804117
2025-07-30 15:00:00,13548.8817921757,13968.071044921875,14807.87487366448,12236.860013435271
2025-07-30 16:00:00,13094.900655004001,12830.53212890625,13069.217754788173,12716.941122962
2025-07-30 17:00:00,12286.571746273403,12331.502532958984,12496.835813473414,12531.026632720788
2025-07-30 18:00:00,15298.98852878729,15004.5048828125,15202.123214887468,14997.450475942016
2025-07-30 21:00:00,12312.142733976123,12181.299829101563,12213.699135820532,12451.022872665053
2025-07-30 22:00:00,11856.372595667606,11927.651184082031,11854.083750090618,11963.802957049962
2025-07-30 23:00:00,7004.99291547637,7304.425097656251,7187.615686751734,6803.582004935066
2025-07-31 00:00:00,10950.57539600011,10767.343896484374,10791.651110266808,10824.009388222412
2025-07-31 01:00:00,8291.126300985696,8198.469775390626,8253.959513343232,8176.528236470682
2025-07-31 02:00:00,8941.322913211596,8751.512451171875,8763.726624564822,8867.39377651399
2025-07-31 03:00:00,7623.91519700991,7476.24033203125,7542.904281409493,7384.588098055963
2025-07-31 04:00:00,8136.161145472277,7336.392871093751,7822.626348946327,7572.09283672984
2025-07-31 05:00:00,8572.338403146743,8418.002197265625,8509.23767257527,8165.6599285173725
2025-07-31 06:00:00,10257.85233598168,10288.323706054687,10242.034016465726,10762.885007617642
2025-07-31 07:00:00,12523.899234842287,12618.024060058593,12528.793897270627,12360.51222001155
2025-07-31 08:00:00,8729.321244904515,9769.163793945312,10204.12587107003,9242.760407284868
2025-07-31 09:00:00,15173.907681755478,14479.937548828126,14495.105218353823,14402.410850290851
2025-07-31 10:00:00,12411.980637784209,12885.0953125,12648.264970249937,12998.498016017458
2025-07-31 11:00:00,15432.240971217741,15275.75625,15456.959323467403,15513.598527718888
2025-07-31 12:00:00,14624.688479613756,14504.7892578125,14701.612495639196,14615.467148365322
2025-07-31 13:00:00,13326.615666135913,13879.67041015625,13986.189985390614,13586.174678098123
2025-07-31 14:00:00,15003.05638938887,14909.9701171875,15131.684703848245,15166.84363701847
2025-07-31 15:00:00,14943.361538221929,14962.15576171875,14964.92913618659,14789.05790746634
2025-07-31 16:00:00,12816.604720575191,12605.955773925782,12847.689630790415,12506.18441892567
2025-07-31 17:00:00,13739.9303831781,13528.975708007812,13637.19242009252,13576.426639622794
2025-07-31 18:00:00,13656.539933465523,13745.345825195312,13673.610260372752,13564.377674605375
2025-07-31 19:00:00,14082.91040225438,14109.28837890625,14009.946290895956,13950.56524927141
2025-07-31 20:00:00,20675.907700465727,20500.028515625,20648.74029074145,21070.378355853674
2025-07-31 21:00:00,7405.384011676602,7853.76845703125,7453.15106401747,7719.2561103835005
2025-07-31 22:00:00,12394.472009991572,12389.986877441406,12391.826476338516,12345.856680896648
2025-07-31 23:00:00,14931.369758328296,14705.348681640626,14602.588099464781,14647.259442424289
2025-08-01 00:00:00,9292.5547920936,10234.397607421874,9590.05567345403,9653.264838784458
2025-08-01 01:00:00,10713.564100003805,10349.50126953125,9962.446033805718,10520.391881364327
2025-08-01 02:00:00,4801.361745542294,5125.8720703125,5738.357885573832,5124.647966553524
2025-08-01 03:00:00,9527.84034159831,9382.765478515625,8996.886224446975,9078.900569014739
2025-08-01 04:00:00,5957.779418253096,6052.022265625001,6263.835819848674,6137.73424210942
2025-08-01 05:00:00,10126.448859669501,9686.338012695312,10133.042620237355,9655.953392711566
2025-08-01 06:00:00,8134.661175365798,8053.422705078125,8055.951136640738,8177.147298545512
2025-08-01 07:00:00,12194.072555211296,11946.260662841796,12223.200840457188,12193.74970193558
2025-08-01 08:00:00,9493.658071013828,9611.347998046875,10151.278024666582,9682.490180326411
2025-08-01 09:00:00,11567.126132021676,11456.628588867188,11478.690381046694,11342.362435347703
2025-08-01 10:00:00,13772.818680696515,13574.160375976562,13245.05107373238,13664.833919136881
2025-08-01 11:00:00,14189.192636590446,14197.86318359375,14216.677655833993,14311.678472800115
2025-08-01 12:00:00,15905.355098301643,15938.54169921875,15938.06364807683,16196.579265154976
2025-08-01 13:00:00,15462.585949848319,15621.01123046875,15517.998208586425,15622.983786587134
2025-08-01 14:00:00,16541.047099540076,15582.312890625,15490.181643846021,15454.297658933181
2025-08-01 15:00:00,12636.296865414799,12476.490417480469,12793.27965071163,12560.977216080095
2025-08-01 16:00:00,15201.946699606395,14770.343896484375,15135.04500624289,14906.585923939396
2025-08-01 17:00:00,12932.598824241708,12886.346313476562,12972.256331258279,12959.159839644566
2025-08-01 18:00:00,13339.088885292425,13366.550659179688,13324.948604121102,13297.421384173898
2025-08-01 19:00:00,13613.728611203278,13688.536059570313,13628.784545594579,13324.894865963084
2025-08-01 20:00:00,12163.656144614997,12168.342114257812,12244.580196634757,12269.30054835434
2025-08-01 21:00:00,13343.680835810805,13268.046411132813,13217.332265698862,13258.290695231703
2025-08-01 22:00:00,10820.1464226237,10940.122131347656,11016.47876315993,11077.710749842916
2025-08-01 23:00:00,11687.114184208189,11421.230700683594,11400.026125308299,11474.801583469121
2025-08-02 00:00:00,9046.047501194604,9065.649072265624,9069.062099448278,9039.708599111089
2025-08-02 01:00:00,8677.8148930942,8709.532763671876,8562.69466247764,8813.4444056126
2025-08-02 02:00:00,8293.643629283979,8176.181640625,8177.017666658353,8567.296245831267
2025-08-02 03:00:00,6440.654185466648,6513.8384765625,6427.153867921939,6507.548585691442
2025-08-02 04:00:00,10428.276571796148,9722.6658203125,10295.352784232871,10099.807576801562
2025-08-02 05:00:00,5719.067237352123,6049.4599609375,5789.866365390193,6071.763908746845
2025-08-02 06:00:00,7283.910607367818,7160.04404296875,7363.379434514226,7404.880071859818
2025-08-02 07:00:00,19372.434201541164,17057.06611328125,15805.719681579005,18585.81504942686
2025-08-02 08:00:00,10671.68990526282,11192.910314941406,11207.19448082256,10669.667317212336
2025-08-02 09:00:00,3158.1834765229323,4419.088183593751,4071.9218951456896,1915.2319496551154
2025-08-02 10:00:00,15992.943263996864,15010.98447265625,13911.390065214266,15404.230506416672
2025-08-02 11:00:00,18520.0060445552,18020.71376953125,17466.46085686945,18691.14632160141
2025-08-02 12:00:00,19147.685245863202,19366.69208984375,19176.867128063444,19095.179563676553
2025-08-02 13:00:00,20654.432173790003,20490.1103515625,20539.472592043814,20695.850247888236
2025-08-02 14:00:00,19536.4651246051,18952.480859375,19245.528445587155,19055.278783593778
2025-08-02 15:00:00,17716.081439022702,17937.40185546875,17702.0768828651,18219.951640772408
2025-08-02 16:00:00,14297.69964634599,14642.69619140625,14446.039263430526,14465.451979654361
2025-08-02 17:00:00,15707.2055376403,15623.97607421875,15730.993789161395,15350.84666633264
2025-08-02 18:00:00,11947.266316163397,12338.906982421875,12170.986786493293,12096.259001962464
2025-08-02 19:00:00,10300.563877239914,10629.9421875,10487.50738346168,10537.010468855096
2025-08-02 20:00:00,20777.95438753439,19890.8791015625,20535.90412119667,20103.450502121592
2025-08-02 21:00:00,7232.888568851698,7794.013330078125,8135.7023096020985,7908.186646151129
2025-08-02 22:00:00,5079.616313233506,5424.625,5754.521281224293,6111.551935818509
2025-08-02 23:00:00,8763.321421478398,8333.596728515626,8364.807782125568,8492.208224690741
2025-08-03 00:00:00,8341.365249261704,8273.753564453124,7941.157394879483,8166.557634680226
2025-08-03 01:00:00,7706.972857599092,7506.974902343751,7309.361858610017,7652.305860916613
2025-08-03 02:00:00,7212.140969806307,6913.177734375,7073.526778858668,7151.85131240789
2025-08-03 03:00:00,8579.477339793992,8333.514501953125,8590.883529672907,8218.293347346826
2025-08-03 04:00:00,5847.170743952087,6126.463671875001,5900.681963325563,5886.772955354135
2025-08-03 05:00:00,3526.8363667480153,3499.89453125,3739.5649544412827,3588.239827485636
2025-08-03 06:00:00,7255.621232682524,6994.56748046875,7282.715934689657,7029.836016072267
2025-08-03 07:00:00,6353.518660934478,6604.557812499999,6252.086967162251,6278.1578572449
2025-08-03 08:00:00,8230.959846980613,7874.547216796875,7757.627963893676,8854.111918439334
2025-08-03 09:00:00,12330.700320120686,12141.746478271485,11730.071497002924,12165.48493185771
2025-08-03 10:00:00,20615.696831064,20659.93515625,20347.77548643794,20188.889644833398
2025-08-03 11:00:00,10452.449405822199,11003.932397460938,11100.459515116656,11034.769751629627
2025-08-03 12:00:00,17768.3133473983,17838.3390625,17708.03046058467,17796.681441441317
2025-08-03 13:00:00,18623.590522884275,18610.85791015625,18646.917532093095,18645.38754306586
2025-08-03 14:00:00,18753.7954366736,18610.7142578125,18645.668118532223,18731.910612980395
2025-08-03 15:00:00,14531.947107618325,14777.3076171875,14889.950885482322,14814.307187815113
2025-08-03 16:00:00,13498.413406367903,13663.084130859375,13524.616554709935,13966.304311676795
2025-08-03 17:00:00,13499.143171363816,13585.3974609375,13522.406369695003,13674.754886192874
2025-08-03 18:00:00,12955.29354308678,12920.771118164062,12865.137000470697,13101.348625178289
2025-08-03 19:00:00,13390.904364948703,13413.716845703126,13397.145513440426,13460.936234188217
2025-08-03 20:00:00,13220.011902140595,13224.698071289062,13188.495853212658,13220.949293357211
2025-08-03 21:00:00,13462.984163337804,13432.038110351563,13399.973575846914,13400.825184089032
2025-08-03 22:00:00,11105.528681278112,11195.599853515625,11174.14776280043,11087.6368767073
2025-08-03 23:00:00,10896.466267927393,10920.096850585938,10747.494550895515,10835.689284890808
2025-08-04 00:00:00,6803.600886584485,7424.1327148437485,7171.221801497244,7297.416754693421
2025-08-04 01:00:00,6675.610065203804,6824.121875000001,6838.7128747941115,6862.853987004519
2025-08-04 02:00:00,5960.134843247681,6059.70849609375,5966.7068277409835,6044.48407303142
2025-08-04 03:00:00,6507.8577415945965,6623.35947265625,6547.466455492231,6594.933535989335
2025-08-04 04:00:00,6371.364382289732,6430.778125000001,6377.760144670802,6169.805192693467
2025-08-04 05:00:00,6153.9070074171905,6307.36865234375,6203.366128320653,6330.095489281083
2025-08-04 06:00:00,10402.555775369101,10291.1841796875,10261.799412642624,10342.217282176447
2025-08-04 07:00:00,24049.398667899597,24666.70234375,24310.99241906299,24253.550391854566
2025-08-04 08:00:00,1571.48953623331,2258.3384765624996,3859.8869587815843,2304.320312069658
2025-08-04 09:00:00,16418.84064255699,15585.7517578125,15374.230184278964,15732.690907763783
2025-08-04 10:00:00,12931.165559678213,13090.148413085937,13219.221289735391,13096.62117762486
2025-08-04 11:00:00,16193.178593705708,16345.29775390625,16153.835834217722,15983.806970708763
2025-08-04 12:00:00,16663.91868186899,16254.86982421875,16662.84606358823,16315.610348793884
2025-08-04 13:00:00,16112.26510231389,15817.009765625,16139.991168109458,16067.065833936509
2025-08-04 14:00:00,15619.636558358014,15483.006005859375,15706.71694745803,15638.459413263075
2025-08-04 15:00:00,14637.17908252259,14564.265869140625,14654.06785268624,14648.536446871258
2025-08-04 16:00:00,14087.733297955108,14136.58583984375,14029.552948406921,14210.034679060453
2025-08-04 17:00:00,15206.65666476429,15188.90771484375,15173.583186449527,15059.472090976305
2025-08-04 18:00:00,11484.90084823531,11791.064960479736,11544.556532432029,11667.065423934699
2025-08-04 19:00:00,13851.8295100219,13688.821826171876,13482.823511983224,13901.294024225906
2025-08-04 20:00:00,12985.401335342289,12760.326306152343,12871.587932403138,13141.958301465711
2025-08-04 21:00:00,10537.405305547329,10763.859155273438,10909.750571937031,10859.84194057137
2025-08-04 22:00:00,11502.98835560157,11313.709381103516,11205.182243196352,11200.52643062423
2025-08-04 23:00:00,7506.744951875113,7649.424121093751,7968.355801572237,7897.514777117921
2025-08-05 00:00:00,6817.5921020755995,6910.6717773437485,7144.154194887596,7271.097201015046
2025-08-05 01:00:00,5922.68595178609,5991.424609375001,6059.806951255439,6022.078228552067
2025-08-05 02:00:00,6460.586536645598,6551.45751953125,6520.867735797436,6576.571373679365
2025-08-05 03:00:00,6265.29498901811,6288.737890625,6299.090774536355,6122.136968279662
2025-08-05 04:00:00,6791.994646167372,6536.873828125001,6678.90702334572,6382.861896945477
2025-08-05 05:00:00,5485.283360965841,5617.46337890625,5547.669402182838,5938.262487403512
2025-08-05 06:00:00,12732.649668232281,10771.01279296875,10204.25666219591,11428.90663782116
2025-08-05 07:00:00,9403.475536038703,9832.727124023437,10092.555511706523,10272.419602351221
2025-08-05 08:00:00,11835.954188203794,12219.180670166015,12370.215474619976,12150.78855996605
2025-08-05 09:00:00,13481.757292966202,13247.31376953125,13476.082166343474,13335.139437245505
2025-08-05 10:00:00,16199.580982208403,16032.44541015625,16130.186281593471,16205.182860084322
2025-08-05 11:00:00,14000.652268919623,14337.602685546875,14099.404356312902,13845.829403019821
2025-08-05 12:00:00,17641.364115914603,17378.4005859375,17435.08770046003,17178.26103845314
2025-08-05 13:00:00,15994.94686873848,16037.43505859375,16056.36953358382,16059.485564093382
2025-08-05 14:00:00,15050.575269204399,15140.32998046875,15035.998325588282,15284.227255691254
2025-08-05 15:00:00,13949.581423931319,13887.89501953125,13960.002115613795,14204.48756854032
2025-08-05 16:00:00,13648.702980610275,13791.027856445313,13679.77834331149,13590.498893904532
2025-08-05 17:00:00,12399.5574018794,12199.170532226562,12778.228994661078,13025.206747522368
2025-08-05 18:00:00,13014.667044886897,12995.77783203125,12906.590953706536,12814.548986419215
2025-08-05 19:00:00,12986.483554878509,12935.119921875,12940.04488085489,12972.792610131497
2025-08-05 20:00:00,14330.6679018822,14163.852978515624,14172.449738421872,14009.98240757764
2025-08-05 21:00:00,14738.406015574199,14631.631005859375,14641.901753856908,14654.060187648962
2025-08-05 22:00:00,6919.9518066801975,7296.625,7373.897313572155,7913.705334084645
2025-08-05 23:00:00,8733.508698162408,8640.957080078126,8600.10085542864,8749.785139616
2025-08-06 00:00:00,8020.545125904471,8158.0272460937485,8020.017371698848,8089.181442347257
2025-08-06 01:00:00,7317.197499253121,7157.390429687501,7145.306135436806,7034.1754897287365
2025-08-06 02:00:00,6827.995892424005,6644.70703125,6746.888837218638,6709.652534506668
2025-08-06 03:00:00,5754.339809726522,5633.1880859375,5691.271632218291,5583.311930460823
2025-08-06 04:00:00,6296.654235393991,6284.780566406251,6313.832749202724,6120.254072708462
2025-08-06 05:00:00,7541.367178484012,7603.14501953125,7497.820545986826,7527.804093225451
2025-08-06 06:00:00,24015.200259739977,24977.74765625,24265.461014222354,23695.69894849109
2025-08-06 08:00:00,13046.897254202113,13796.800390625,12826.991098651542,12987.545835832561
2025-08-06 09:00:00,15726.026201369928,15768.55107421875,15657.290788982107,16337.021911052609
2025-08-06 10:00:00,14790.417409842577,15257.009619140625,14871.118424749719,15056.027424919685
2025-08-06 11:00:00,16156.571222401903,16165.2103515625,15892.892456658301,16409.21324589322
2025-08-06 12:00:00,15850.872228252203,16275.614453125,15837.74345782135,15948.483702528898
2025-08-06 13:00:00,15237.407180850278,15363.84814453125,15065.241514491236,15490.505076139769
2025-08-06 14:00:00,14787.840497561798,15077.834375,14687.451915553342,14637.04412289251
2025-08-06 15:00:00,14671.554432821722,14577.643310546875,14672.433106803921,14605.038392210063
2025-08-06 16:00:00,13584.961840396276,13664.851098632813,13596.510103486104,13803.437753209884
2025-08-06 17:00:00,15790.55376084322,15723.675048828125,15834.85477379054,15539.821697690453
2025-08-06 18:00:00,12195.014377137384,12378.396484375,12239.217656189268,12394.559571301344
2025-08-06 19:00:00,13385.441010672224,13496.50712890625,13378.205465696781,13415.834227784613
2025-08-06 20:00:00,13962.920759725803,14060.191845703124,14012.182903960313,13794.238230904726
2025-08-06 21:00:00,13952.298990403093,14007.212060546875,13946.601231989025,13850.72331658092
2025-08-06 22:00:00,11702.457334944702,11572.44319152832,11698.574009622062,11814.524384780874
2025-08-06 23:00:00,9019.637523707108,9069.368212890626,9424.166928239314,9196.252837817086
2025-08-07 00:00:00,8737.66186029539,8803.437402343749,8600.852177122206,8537.148252551786
2025-08-07 01:00:00,7213.757896829196,7359.606250000001,7472.909570694471,7372.526606666837
2025-08-07 02:00:00,6702.866515056608,6759.17822265625,6733.031247301191,6671.931304840421
2025-08-07 03:00:00,6854.340161887512,6731.31748046875,6787.428414778272,6674.883446351916
2025-08-07 04:00:00,6393.365014281186,6627.638964843751,6468.707130412447,6514.3646849127035
2025-08-07 05:00:00,6356.007436762302,6518.32666015625,6315.045922980256,6530.443782048399
2025-08-07 06:00:00,11562.897111292192,11332.664373779297,11536.967468831384,11788.181815373911
2025-08-07 07:00:00,9262.47382137,9966.7794921875,10276.219983478233,10158.849032587985
2025-08-07 08:00:00,12955.93281142222,12634.1197265625,12835.932737490442,12941.176715986785
2025-08-07 09:00:00,18744.305958357687,17573.30009765625,18302.519727236446,17462.657589425507
2025-08-07 10:00:00,12859.398967638093,13262.363500976562,13375.810061725197,12930.95213327984
2025-08-07 11:00:00,15728.022359248202,15807.052392578125,15639.972524110643,15809.467811976105
2025-08-07 12:00:00,15931.3644492251,15758.6994140625,15935.71298005091,15855.986955703407
2025-08-07 13:00:00,15811.656667023184,15556.1328125,15768.659976332874,15740.25893915669
2025-08-07 14:00:00,13948.081419411925,13985.826318359375,14256.180617025619,14316.224045570993
2025-08-07 15:00:00,17404.90777605209,17185.9423828125,17273.232330891722,16863.981455025274
2025-08-07 16:00:00,12068.718855947032,12007.545892333985,12189.529789863895,12512.016681514351
2025-08-07 17:00:00,13454.021017163468,13375.817749023438,13339.798520128848,13516.505368618578
2025-08-07 18:00:00,12663.107578095223,12779.095092773438,12689.487333915851,12741.364543458329
2025-08-07 19:00:00,12984.562902716065,12970.777026367188,13037.375689362212,13017.947439944726
2025-08-07 20:00:00,13720.153647371622,13652.802685546874,13652.694256686154,13622.782698675845
2025-08-07 21:00:00,10530.163171583898,9989.914453125,10914.120048196583,9580.636492447707
2025-08-07 22:00:00,10682.322783190204,10405.93701171875,10655.2262684605,10388.699764481666
2025-08-07 23:00:00,9549.904427730919,9318.18681640625,9363.907173946389,9229.66846309174
2025-08-08 00:00:00,9664.806563777202,9528.987207031249,9181.352752699964,9370.232020403766
2025-08-08 01:00:00,7428.578159202869,7720.762744140626,7522.729890450518,7560.78879036931
2025-08-08 02:00:00,3617.489430444708,3847.6982421875,4274.150825398229,3955.6726710184184
2025-08-08 03:00:00,7646.08472620919,7490.5630859375,7692.177737853628,7286.70992774731
2025-08-08 04:00:00,13016.493441506307,12662.686694335938,12812.798689566489,12485.376180499949
2025-08-08 06:00:00,10694.91966949561,10291.620825195312,10674.71842509963,10767.910738449516
2025-08-08 07:00:00,10351.146222367282,10548.779614257812,10916.046583240377,10591.636264793158
2025-08-08 08:00:00,12926.244080888026,12682.33359375,12627.088284147378,12694.530610813767
2025-08-08 09:00:00,14738.883115996581,14599.634814453126,14746.978005548504,15170.24921269271
2025-08-08 10:00:00,28559.755061450203,28381.4625,27197.18257056833,28372.067080843495
2025-08-08 12:00:00,14730.114267052497,15126.624462890624,15354.037517568739,15402.546960979142
2025-08-08 13:00:00,14849.946950634694,15182.580322265625,14840.404132862315,15436.377586581259
2025-08-08 14:00:00,14944.146329138292,15243.866845703125,15013.861537909881,15018.993969698755
2025-08-08 15:00:00,15491.57998626001,15363.21240234375,15536.308842661856,15406.324711438967
2025-08-08 16:00:00,13732.795150014203,13816.6888671875,13779.682756494512,13692.633561971443
2025-08-08 17:00:00,13886.904575504406,13917.915771484375,13884.413284720518,13778.938417277317
2025-08-08 18:00:00,13253.911983638594,13313.617065429688,13160.681172137794,13324.470809421893
2025-08-08 19:00:00,14466.338239395704,14375.061572265626,14492.339316163278,14324.163638979117
2025-08-08 20:00:00,10733.156916114818,10910.80714111328,10727.509901400312,10867.584146135894
2025-08-08 21:00:00,11159.643272747673,11084.051721191407,11224.435809776098,11009.779650430562
2025-08-08 22:00:00,11680.543158490284,11415.085540771484,11486.127737555747,11767.091731640496
2025-08-08 23:00:00,10368.461169247941,10071.170825195313,10385.264707845005,10454.011995941737
2025-08-09 00:00:00,14673.917914076585,13722.262109374999,13728.287052433088,14509.359047060116
2025-08-09 01:00:00,7561.723566910721,7993.927783203126,8055.12223628766,7700.982896492322
2025-08-09 02:00:00,9904.14858837417,9500.8466796875,9490.177082608816,9445.111698902117
2025-08-09 03:00:00,1810.3598975860132,1989.8667968749996,2461.3268149272844,1381.408837127381
2025-08-09 04:00:00,7917.7477963930905,7250.568164062501,7719.562296242917,7673.220476590395
2025-08-09 05:00:00,6829.326706056003,6860.455078125,6856.37487219797,6801.8593596760265
2025-08-09 06:00:00,8457.606026411833,8646.99228515625,8400.259401042364,8911.241388226017
2025-08-09 07:00:00,9009.339043214346,8623.9318359375,8596.829004013563,9217.21568146745
2025-08-09 08:00:00,15958.224742882017,14878.62705078125,15223.838396224579,14845.419852095754
2025-08-09 09:00:00,12501.807681350405,12286.196704101563,12688.375713092055,12795.805968273933
2025-08-09 10:00:00,10678.99745129029,10158.332983398437,11359.0507538321,12119.792793695424
2025-08-09 11:00:00,19083.75461782011,19137.85341796875,19103.251023238558,19500.008845101453
2025-08-09 12:00:00,16005.49432791612,17443.54658203125,17234.548212763573,17736.475321335434
2025-08-09 13:00:00,18138.623997650677,18094.369140625,18132.717970474365,18124.64050145827
2025-08-09 14:00:00,16962.569661240304,16855.03212890625,16973.89738819437,16863.376048920836
2025-08-09 15:00:00,16213.017075910771,15963.3095703125,16103.916440268611,15979.133913936957
2025-08-09 16:00:00,14444.619451971617,14380.422265625,14241.12522767364,14161.474961661792
2025-08-09 17:00:00,13806.565788652108,13631.272705078125,13638.418240317766,13261.695385852192
2025-08-09 18:00:00,13203.489598030006,13695.544067382812,13094.661931401539,13137.514264284611
2025-08-09 19:00:00,12555.186103799617,12588.967456054688,12557.298849171642,12642.786800407595
2025-08-09 20:00:00,13105.161495673772,13019.313549804687,13044.56919775358,12983.338249550634
2025-08-09 21:00:00,11261.397827958406,11561.141534423828,11673.861309473781,11407.931979076942
2025-08-09 22:00:00,10206.286621532912,10155.9365234375,10233.535366793923,10290.402857929113
2025-08-09 23:00:00,9477.334544709393,7897.192187500001,8442.137323147817,8980.853318352141
2025-08-10 00:00:00,8719.42124692382,8551.930078124999,8583.907454955757,8837.41901514481
2025-08-10 01:00:00,7247.699609644002,7693.185351562501,7679.545801466539,7331.578317813064
2025-08-10 02:00:00,7343.875633051473,7104.60791015625,7139.255349869305,7053.485588755899
2025-08-10 04:00:00,11715.197452324905,11182.842841339112,11668.85072424152,11464.440164849158
2025-08-10 05:00:00,7234.8336878796035,7207.77197265625,7284.6567792451415,7358.490993651316
2025-08-10 06:00:00,11525.487979380201,11108.067358398437,11423.353679120075,11045.692371543537
2025-08-10 08:00:00,9142.48436957735,10007.94296875,10150.613610680724,9244.635144440474
2025-08-10 09:00:00,11945.380922668632,11986.048510742188,12325.339560916913,11872.272262934883
2025-08-10 10:00:00,17152.010159459904,17002.76474609375,17604.762277521564,17343.030927581232
2025-08-10 11:00:00,21870.673984758898,21849.0365234375,21604.666276481315,21900.55815971078
2025-08-10 12:00:00,18257.530672680597,18493.43623046875,18016.203446735282,18288.8662711646
2025-08-10 13:00:00,19060.22977446513,19364.3212890625,19795.035663608265,19496.571336582525
2025-08-10 14:00:00,16803.859523814193,17028.72060546875,17390.702910529828,17392.05710212417
2025-08-10 15:00:00,16378.702157393156,16422.15576171875,16083.018560573168,16302.238715956446
2025-08-10 16:00:00,13449.280723474521,13586.473901367188,13674.945557243494,13741.496617102817
2025-08-10 17:00:00,13498.599517058203,13434.797485351562,13538.087030189094,13338.279773398259
2025-08-10 18:00:00,12828.923275753114,12920.082763671875,13206.807717086906,12820.767429525664
2025-08-10 19:00:00,14543.792384071585,14102.616748046876,14238.310315220297,14135.495771723414
2025-08-10 20:00:00,11103.571960418496,11164.828869628906,11132.93209057007,10806.764054489338
2025-08-10 21:00:00,11700.798296559728,11647.144464111328,11696.22800416469,11769.934816419227
2025-08-10 22:00:00,10397.338625139077,10313.379028320312,10382.980998230689,10451.83937012911
2025-08-10 23:00:00,8999.390943139286,9060.918994140626,9035.55875948402,8867.345615608132
2025-08-11 00:00:00,6265.053714801987,6388.7904296874985,6288.731406037552,6455.965276818228
2025-08-11 01:00:00,5426.926195718512,5813.411914062501,5886.393631366966,4938.244530126376
2025-08-11 02:00:00,9689.316128628809,9356.951416015625,8568.381359731316,9079.332721192766
2025-08-11 03:00:00,2217.28183762152,2129.0367187499996,1741.4832094232206,2209.0505929663013
2025-08-11 04:00:00,4718.221653520293,4560.275195312501,4667.141874407748,4719.137292224167
2025-08-11 05:00:00,7298.824906894806,7160.228515625,7185.983917864404,6866.487747490811
2025-08-11 06:00:00,9516.342187645763,9590.28232421875,9608.611011718676,9735.724810271811
2025-08-11 07:00:00,11923.58607010102,11932.552395629882,11870.343871197847,12136.585541216578
2025-08-11 08:00:00,11630.395147873473,11646.201849365234,11800.366459446883,12012.696060328773
2025-08-11 09:00:00,14720.093139114138,14707.0818359375,14479.50285939942,14802.198132198708
2025-08-11 10:00:00,16235.232761135898,16217.292578125,16145.013554306477,16296.805858455442
2025-08-11 11:00:00,17185.5314518803,16967.46083984375,17134.47539055796,16811.845413716997
2025-08-11 12:00:00,17690.476836625992,16367.22578125,16474.005890958197,17275.20596146859
2025-08-11 13:00:00,17314.721217028127,17874.74658203125,17289.039263650404,17365.21454267545
2025-08-11 14:00:00,15119.89842439147,15234.1869140625,15133.726592169802,15433.319138687359
2025-08-11 15:00:00,15602.538762654207,15758.367919921875,15618.939981874366,15598.42144575893
2025-08-11 16:00:00,13266.5910481064,13341.697900390625,13248.986655324243,12940.923405931784
2025-08-11 17:00:00,13637.210650371591,13633.546264648438,13636.129251967333,13658.995637067103
2025-08-11 18:00:00,12806.926089823493,12563.795593261719,12923.327177106172,12835.156388899002
2025-08-11 19:00:00,13137.869428108988,12755.612658691407,13127.048120087524,12864.673551560922
2025-08-11 20:00:00,13029.669283845124,12912.997998046874,12996.447586445307,13001.043451646176
2025-08-11 21:00:00,12463.958316714206,12192.566705322266,12440.530752195991,12289.979359174686
2025-08-11 22:00:00,11799.943591562202,11737.572105407715,11430.984681338317,11642.243630570807
2025-08-11 23:00:00,8286.052583184795,8340.53251953125,8415.687931110488,8448.891555349046
2025-08-12 00:00:00,8030.157313475798,7767.2599121093735,7667.332409585146,7879.1664725315095
2025-08-12 01:00:00,5952.310936903075,6329.165332031251,6113.370356290004,5890.338492668351
2025-08-12 02:00:00,4889.408125824819,5022.3447265625,5065.452077770717,4656.622064071528
2025-08-12 03:00:00,3082.2163327994986,2864.2759765624996,2273.811083213406,2606.855296857564
2025-08-12 04:00:00,5447.0401671537875,5185.301562500001,5423.765682661987,5227.196157750717
2025-08-12 05:00:00,6175.200082005991,6046.89208984375,6151.453117990426,5855.302097990659
2025-08-12 06:00:00,10187.819536026951,10389.229956054687,10177.23144566756,10447.607041139048
2025-08-12 07:00:00,12883.066948923672,12755.858166503906,12707.055013297251,13223.138205438034
2025-08-12 08:00:00,10027.889953502488,10275.529638671875,10567.560414935288,10429.45764210121
2025-08-12 09:00:00,14170.049767147913,14470.79033203125,14377.484353295422,14747.194823948717
2025-08-12 10:00:00,14857.675653710414,15129.734228515625,15118.557517044812,15586.311174187631
2025-08-12 13:00:00,15343.18181882413,15474.19677734375,15378.156858467424,15387.785818084685
2025-08-12 14:00:00,14281.698998171074,13964.70546875,14271.660186307301,14174.692258770217
2025-08-12 15:00:00,14443.103327668403,14159.923583984375,14494.137342783231,14349.723542685908
2025-08-12 16:00:00,13090.531499943792,13303.12490234375,13261.563175760904,13260.322966628974
2025-08-12 17:00:00,13655.516298548013,13583.915405273438,13654.152267515396,13916.182972071274
2025-08-12 18:00:00,16178.76213860129,16570.06494140625,16104.204816446265,16640.307547596825
2025-08-12 19:00:00,11928.00136477598,12261.832141113282,12187.274118127507,12174.353685882206
2025-08-12 20:00:00,14323.706239664327,14243.84296875,14365.920450237223,14201.9224980031
2025-08-12 23:00:00,9490.658556592509,9300.126025390626,9311.660691730698,9145.875564908845
2025-08-13 00:00:00,7850.729911179595,8046.5406738281235,8132.189464020504,7744.100371829775
2025-08-13 01:00:00,8159.423660299701,7758.639941406251,7916.31624922103,7714.593916433059
2025-08-13 03:00:00,6315.999389884999,6995.83994140625,6347.541730367182,6355.993267221315
2025-08-13 04:00:00,6780.352328402809,6796.742968750001,6451.109792677011,6477.943547977286
2025-08-13 05:00:00,7218.883360081993,7180.248046875,6966.491857496378,7012.824221024961
2025-08-13 06:00:00,10667.680654573085,10103.525854492187,9197.121866920661,9792.27297776048
2025-08-13 07:00:00,18296.55398059291,19129.83955078125,18109.523642116,18261.78859638819
2025-08-13 08:00:00,7623.2963962882695,8181.69931640625,9824.06831866406,8603.830834122393
2025-08-13 09:00:00,14537.197101600137,14481.536669921876,14535.51253275135,14561.293800435104
2025-08-13 10:00:00,14726.573468201203,15022.4048828125,14819.378445765751,14783.542561005805
2025-08-13 11:00:00,15859.13541984089,16038.16689453125,15816.085034333793,15887.630377909063
2025-08-13 12:00:00,15955.354355736108,15998.79755859375,16033.836324065542,16102.629157860287
2025-08-13 13:00:00,15772.646480441996,15904.989990234375,15821.091619675055,15985.98690047297
2025-08-13 14:00:00,16317.182249196101,16039.43251953125,16327.679157728058,16252.81657886205
2025-08-13 15:00:00,12403.5461444869,12567.852844238281,12563.194356826214,12883.458332051814
2025-08-13 16:00:00,14233.687011276716,13945.008935546875,13629.958300692299,13657.257316032026
2025-08-13 17:00:00,12001.786177326081,12108.899780273438,12133.9369317997,12113.205022130145
2025-08-13 18:00:00,13835.951656267105,13751.40576171875,13710.063605910274,13616.564259590807
2025-08-13 19:00:00,12318.1509505155,12447.894702148438,12387.701242142284,12291.27126028833
2025-08-13 20:00:00,14186.2367839435,14134.727001953124,14040.049032342538,14149.37216145095
2025-08-13 21:00:00,10471.726264184597,10578.3451171875,10392.240447077027,10703.28809504097
2025-08-13 22:00:00,10867.8388382665,10724.655883789062,10731.422821000102,10727.670151147186
2025-08-13 23:00:00,9193.09981838342,8886.33916015625,8800.588258084203,8552.379053965178
2025-08-14 00:00:00,14049.443323008083,13310.265527343749,12626.779579933864,13360.67953729893
2025-08-14 01:00:00,6559.759623554393,7022.100878906251,6864.229195118669,6750.245780874706
2025-08-14 02:00:00,-201.21068557849685,2228.568359375,4187.452210026227,1292.7890517560045
2025-08-14 03:00:00,7177.129500239584,6648.77353515625,7100.587159252867,6836.89999611802
2025-08-14 04:00:00,7166.062788430212,6606.773730468751,6583.757662798596,6780.976210827521
2025-08-14 05:00:00,8124.199060079904,7263.29150390625,7103.463626997313,7481.777702284124
2025-08-14 06:00:00,9344.301650722924,8403.588720703125,8424.518506129942,8604.482640960407
2025-08-14 07:00:00,11442.228085583349,10727.059643554687,11072.503673655496,11527.995816888326
2025-08-14 08:00:00,13211.387665197724,13234.520483398437,13106.078180674927,13321.120380243074
2025-08-14 09:00:00,13703.850672954828,13662.2205078125,13865.910074715888,13810.39296082692
2025-08-14 10:00:00,14407.031081723258,14721.336767578125,14576.02721468886,14952.262933017262
2025-08-14 11:00:00,13212.435773073516,13119.501733398438,13253.021092678362,13304.32941335139
2025-08-14 12:00:00,15079.899044294023,15071.8224609375,15142.103728076707,15616.21072566319
2025-08-14 13:00:00,13395.052221521953,13645.298461914062,13425.649649021305,13787.79672789176
2025-08-14 14:00:00,14625.817376708723,14612.356103515625,14622.28043823996,14690.69783953523
2025-08-14 15:00:00,14725.3739416233,14423.13330078125,14825.649706189964,14680.199517114843
2025-08-14 16:00:00,13610.942424029907,13308.5990234375,13472.709063123073,12981.560595097191
2025-08-14 17:00:00,12890.339851934797,12943.41650390625,12912.193664688937,12834.16893131804
2025-08-14 18:00:00,13026.033483127496,13063.997314453125,12467.242491961051,12924.441997641286
2025-08-14 19:00:00,13132.463278857704,13065.663256835938,13084.684780486128,13198.012666275725
2025-08-14 20:00:00,13031.721293833001,13025.518139648437,12943.339938292122,12710.116566470353
2025-08-14 21:00:00,11570.569133172403,11584.40029296875,11692.163852652113,11426.118234774556
2025-08-14 22:00:00,12189.065502478988,11934.53872680664,11667.392589810417,11958.718665894574
2025-08-14 23:00:00,11139.024957042191,11105.785327148438,11021.876774474,10836.470231024601
2025-08-15 00:00:00,9557.39297521361,9217.851953124999,8315.535077048138,8961.641902097563
2025-08-15 01:00:00,10075.773715591207,9992.490893554688,9984.805846683797,10001.433072021064
2025-08-15 02:00:00,5974.880968432903,6545.73193359375,6345.43324566356,6156.626266727568
2025-08-15 03:00:00,7381.318187255795,7317.4185546875,7448.128603542577,7330.761516943166
2025-08-15 04:00:00,6870.239537454214,6691.750292968751,6467.48324797563,6663.3406754605585
2025-08-15 05:00:00,6692.8994855313795,7083.88720703125,6599.87232851944,6878.992426056296
2025-08-15 06:00:00,6866.109200325596,7239.509375,7250.149873223254,7130.064985727844
2025-08-15 07:00:00,7974.3391658830915,7977.151318359374,7469.838981160521,8008.948940825894
2025-08-15 08:00:00,9070.203366283333,8685.354833984375,9111.970394787017,9032.4046601987
2025-08-15 09:00:00,12326.529399184994,11971.337023925782,12109.794311429392,12344.23913873258
2025-08-15 10:00:00,14831.538499760592,14502.43369140625,14448.155515495437,15316.240408612703
2025-08-15 11:00:00,17032.358350829476,16963.30458984375,17751.067435096793,17249.004105113614
2025-08-15 12:00:00,17758.654687558428,17616.77607421875,17689.260878967085,18142.772440029195
2025-08-15 13:00:00,18531.329113163287,18419.51318359375,18500.044387189497,18535.648764765956
2025-08-15 14:00:00,17723.515151081498,18251.9310546875,17709.764750331582,18178.655914421062
2025-08-15 15:00:00,16376.49525455953,16626.0322265625,16632.16403556066,16374.515161147807
2025-08-15 16:00:00,15814.43788560926,15732.20546875,15875.460711806882,15604.402960291434
2025-08-15 17:00:00,13965.284925800413,14140.294921875,14111.26732900153,14188.806433383867
2025-08-15 18:00:00,19868.440182452076,17378.4228515625,13615.323618415481,17790.382466498457
2025-08-15 19:00:00,7092.371327775403,7472.665820312501,7151.789540794464,8029.407332996578
2025-08-15 20:00:00,12875.469825466116,12750.290173339843,12882.216018208266,12846.038422295955
2025-08-15 21:00:00,12458.726414202009,12425.561975097657,12445.12098715847,12744.65684032642
2025-08-15 22:00:00,11819.032812069898,11796.465579986572,11764.570080548743,11730.04059500436
2025-08-15 23:00:00,10065.674475647105,9949.345874023438,10172.720216620648,10154.765704050717
2025-08-16 00:00:00,11124.086522942795,11022.219323730467,10991.556312429728,10978.634615923047
2025-08-16 01:00:00,7157.002090134807,7515.255664062501,7617.170868901652,7539.42109981257
2025-08-16 02:00:00,5236.845336248269,5469.90234375,5814.774108671142,5759.852697001891
2025-08-16 03:00:00,8674.726292733108,8075.616064453125,8535.70260155412,8362.387599112368
2025-08-16 04:00:00,3628.971593981816,3720.3933593750007,3941.9596180286608,3643.193484130308
2025-08-16 05:00:00,6178.456081118595,6368.92236328125,6393.441711440775,6317.9323971834665
2025-08-16 06:00:00,6499.120368804235,6476.6080078125,6602.6366075637925,6568.13604434884
2025-08-16 07:00:00,8253.35926281726,8078.310253906249,7969.052634687751,8164.351419966414
2025-08-16 08:00:00,10361.410578647925,9968.581396484375,9975.960870968773,9898.158492542769
2025-08-16 09:00:00,15765.440554897377,15731.29912109375,14697.73337661821,15386.496376323958
2025-08-16 10:00:00,20206.772422210117,23018.202734375,21496.863738132895,22171.40017144487
2025-08-16 11:00:00,21202.5698672276,22199.69765625,22139.954788090356,21260.95040751694
2025-08-16 12:00:00,20757.05147910918,22417.78046875,22697.82193893497,20867.42168736773
2025-08-16 13:00:00,21021.20756940059,21187.1787109375,22273.563172211558,21286.856012143584
2025-08-16 14:00:00,16036.197264663419,17549.04384765625,17579.752090794907,17484.184591464524
2025-08-16 15:00:00,17141.51255715071,17152.9560546875,17166.936365657675,16672.263317401354
2025-08-16 16:00:00,19915.141672019898,20412.4251953125,19801.48680458357,20772.986395650412
2025-08-16 17:00:00,7201.306304003301,8695.784912109375,9567.636840147821,7625.87186147689
2025-08-16 18:00:00,12708.643641845396,12789.322448730469,12917.418378664639,12472.443524408136
2025-08-16 19:00:00,12059.653758588498,11914.258624267579,12161.695578934545,11756.861117980432
2025-08-16 20:00:00,11145.761513995498,11270.044689941406,11136.139517992418,11255.175290146388
2025-08-16 21:00:00,12136.033677466805,11483.957055664063,11572.39656038524,11745.349499877791
2025-08-16 22:00:00,8813.8451153356,8644.4658203125,8639.454693514695,8762.676719028748
2025-08-16 23:00:00,8648.279168642202,8496.90263671875,8271.402559163664,8767.01822749231
2025-08-17 00:00:00,7813.931816932389,7396.1424804687485,7524.9804515655305,7593.563728615504
2025-08-17 01:00:00,6157.162712671885,6331.277636718751,6286.662948030119,6158.821350676916
2025-08-17 02:00:00,6154.763852153628,6076.70947265625,5982.555062190749,6156.137509331762
2025-08-17 03:00:00,8883.000890685295,8417.74619140625,8280.611043579129,8663.1348585544
2025-08-17 04:00:00,5683.271655089007,5684.737597656251,5752.132690633773,5629.552756133459
2025-08-17 05:00:00,4085.304796719196,4221.77783203125,4357.183810330715,4302.516305950105
2025-08-17 06:00:00,7647.827883397699,7336.5953125,7454.124628908513,7314.252708249343
2025-08-17 07:00:00,8141.352339445391,8323.904736328124,8293.344596484449,8081.774682276589
2025-08-17 08:00:00,7607.341468951903,8158.78037109375,7979.689525356082,8343.424929664343
2025-08-17 09:00:00,12075.50969418859,12127.067279052735,11945.37653044357,12574.917291528807
2025-08-17 10:00:00,19636.782657741518,19606.83896484375,19507.972601463942,19246.744822816967
2025-08-17 11:00:00,14372.376127957594,14825.104638671875,14525.563597125842,14836.411622395133
2025-08-17 12:00:00,13810.362561836777,14331.62568359375,14058.804184718228,14442.016401734756
2025-08-17 13:00:00,17994.783714112127,18484.74853515625,18087.543489701915,18308.15908318021
2025-08-17 14:00:00,19593.084959284395,19287.75478515625,19241.735377452213,19120.32756257539
2025-08-17 15:00:00,14403.876617819507,14880.10302734375,14496.895240225434,14685.72103033897
2025-08-17 16:00:00,15224.320563329698,14990.384912109375,14303.186914625103,15349.756671894982
2025-08-17 17:00:00,13327.639830304397,13215.857421875,13400.86979661623,13383.01108672181
2025-08-17 18:00:00,13779.440205336912,14129.509521484375,13847.468094326276,13900.200626388763
2025-08-17 19:00:00,14679.309948616083,14825.275439453126,14653.219865245112,14433.321214647414
2025-08-17 20:00:00,13269.257843986223,13494.8234375,13291.92534968192,13499.411326142173
2025-08-17 21:00:00,13198.384113180184,13304.955224609375,13298.599484868368,13459.016716486145
2025-08-17 22:00:00,11105.332879355992,11190.207824707031,11310.885096948956,11205.435375002013
2025-08-17 23:00:00,9669.951747532312,9708.407275390626,9772.840871756713,9753.193251581832
2025-08-18 00:00:00,7743.6002332913995,8062.0118652343735,8013.285389194654,7953.885253179181
2025-08-18 01:00:00,7859.830800433298,8058.022021484376,7840.5706513604055,8073.808389206941
2025-08-18 02:00:00,5257.654856009292,5456.3720703125,5395.133651392087,5771.90122945386
2025-08-18 03:00:00,5525.195236067308,5531.69443359375,5526.131219569993,5796.23227694069
2025-08-18 04:00:00,8243.120387793799,7487.732714843751,7858.563944007952,7820.054735668193
2025-08-18 05:00:00,5583.622374545303,5724.92138671875,5608.50814537569,5682.509337309004
2025-08-18 06:00:00,12036.905279924502,11840.755499267578,12084.675470881055,11931.939932877543
2025-08-18 07:00:00,7485.103413716493,8310.01923828125,7938.1379956827,7681.710972382572
2025-08-18 08:00:00,12169.024231617606,12858.979345703125,12690.525872677948,12060.032503351964
2025-08-18 09:00:00,15990.286525604566,15531.528369140626,15537.642457267853,15527.687154016847
2025-08-18 10:00:00,14807.443125279931,14951.092138671875,14846.958798814012,15001.48389600167
2025-08-18 11:00:00,14309.448914065719,14597.147607421875,14497.347343839292,14593.587981186229
2025-08-18 12:00:00,15548.554829366778,15609.52265625,15658.868183004952,15751.910450252135
2025-08-18 13:00:00,15100.109624312492,15263.22607421875,15271.110286675716,15135.741842851297
2025-08-18 14:00:00,13934.5880892066,13869.557763671875,13943.710923358227,13888.579401131663
2025-08-18 15:00:00,13913.803213124731,13636.330200195312,13966.758602775484,13982.681968057464
2025-08-18 16:00:00,13481.846348226982,13378.376611328125,13401.366215645074,13494.208491899357
2025-08-18 17:00:00,13038.188460523772,12852.393920898438,12848.468578948146,12697.125583878813
2025-08-18 18:00:00,14490.11363437002,14211.431884765625,14186.53467679755,14070.752415355008
2025-08-18 19:00:00,10771.657183368505,10702.275561523438,10891.082206549985,10896.227545176162
2025-08-18 20:00:00,12416.984370304195,12183.22822265625,12154.908684683247,12257.07396249776
2025-08-18 21:00:00,11943.843483382103,12079.970239257813,11961.06693197865,12137.626118434247
2025-08-18 22:00:00,12409.118830592575,12249.60757446289,12180.279989158642,12218.399002085636
2025-08-18 23:00:00,8186.09158833772,8380.022021484376,8606.41882412002,8350.719630345242
2025-08-19 00:00:00,7820.359878302705,7941.3634277343735,7879.011885100723,8031.472059329188
2025-08-19 01:00:00,7159.414559148096,7325.800585937501,7071.20066537703,7133.906723996868
2025-08-19 02:00:00,7040.876291046807,6861.11376953125,6800.868807411041,6925.620389628794
2025-08-19 03:00:00,5495.0283272723955,5569.07919921875,5618.546178725686,5647.292222253417
2025-08-19 04:00:00,5753.225533719586,5869.774218750001,5742.955927856243,5552.649331418519
2025-08-19 05:00:00,7355.358008954703,7229.3388671875,7314.732916173337,7300.147063445348
2025-08-19 06:00:00,10102.192478005314,10189.08310546875,10203.28735235103,10338.86944586543
2025-08-19 07:00:00,13048.493787197582,12632.65205078125,12805.874876101116,12939.766682082387
2025-08-19 08:00:00,13920.882004302524,14632.640234375,15077.442248094689,13396.186328996526
2025-08-19 11:00:00,19066.551792694103,19591.953515625,19322.016754432327,18965.590480079085
2025-08-19 12:00:00,14262.725884438503,14645.234326171874,14419.456418721962,14713.213708332056
2025-08-19 13:00:00,16153.255567951594,16230.7197265625,16212.177600024044,16334.861385886656
2025-08-19 14:00:00,15326.341791988505,15216.385400390625,15338.677665645502,15393.764373726963
2025-08-19 15:00:00,14580.864700657898,14217.736328125,14632.73048596161,14875.624421568677
2025-08-19 16:00:00,13246.507795188498,13150.394189453125,13265.367088653798,13326.51663377633
2025-08-19 17:00:00,14553.1898273962,14411.602783203125,14467.908140592273,14483.026397737975
2025-08-19 18:00:00,10933.57243619203,11366.41567993164,11286.400612780966,11360.85891627361
2025-08-19 19:00:00,14192.45964537327,13893.72490234375,13945.407368636064,13818.141813728782
2025-08-19 20:00:00,11455.54913809671,11394.04868774414,11515.559536837962,11558.114021907091
2025-08-19 21:00:00,13247.076754585994,13136.165551757813,13125.668476151517,13228.87668318429
2025-08-19 22:00:00,11323.758396728095,11270.408935546875,11294.973008521674,11174.96499437583
2025-08-19 23:00:00,10865.666345894006,10277.524951171876,10343.48149168297,10658.816867114178
2025-08-20 00:00:00,5864.433856598196,6134.8031249999985,6813.544728372557,6200.803460247863
2025-08-20 01:00:00,8538.085002289608,8051.054492187501,7748.8049566072605,8117.6810710953905
2025-08-20 02:00:00,4393.444788609195,4470.14794921875,4545.149460704772,4504.290854570355
2025-08-20 03:00:00,5750.572123590295,5683.36923828125,5769.138174303569,5596.447420826137
2025-08-20 04:00:00,6963.539348556882,6944.637011718751,6874.763159214505,6812.329712110032
2025-08-20 05:00:00,6853.956197193445,6899.7197265625,6933.569866071725,6918.37061873677
2025-08-20 06:00:00,11137.708991112862,11425.101751708984,11251.026116469377,11390.60507365406
2025-08-20 07:00:00,13027.228735964407,12930.409497070312,13016.332848728696,12776.86891686556
2025-08-20 08:00:00,15043.64024790572,15056.648046875,14466.029121617688,15061.364381429521
2025-08-20 09:00:00,19862.78208465719,19525.69658203125,19294.38351700439,20710.67247973005
2025-08-20 10:00:00,11015.3122475912,11069.869482421875,11313.09809276484,11527.996252103001
2025-08-20 11:00:00,14530.689419140714,14730.733056640625,14672.77872337247,14556.64428157402
2025-08-20 12:00:00,15422.072745349184,15458.95380859375,15421.88680637677,15704.911949144665
2025-08-20 13:00:00,15485.1764092019,15380.378662109375,15575.595517254515,15465.625713183217
2025-08-20 14:00:00,14803.610823789402,14692.96865234375,14718.760584826618,14708.420554853445
2025-08-20 15:00:00,14623.316959130316,14640.870849609375,14621.108755543244,14570.660726326196
2025-08-20 16:00:00,12787.544741330285,12947.124780273438,12889.516010508942,12724.780768429231
2025-08-20 17:00:00,12435.416193066601,12682.097961425781,12842.867562987685,12421.61742129088
2025-08-20 18:00:00,12776.843551564394,12790.667724609375,12790.284137651988,12782.18959179587
2025-08-20 19:00:00,13259.352438970589,13156.430224609376,13183.357314212297,13201.370829966363
2025-08-20 20:00:00,12785.634291717997,12674.676831054687,12704.702025228447,12702.723926145405
2025-08-20 21:00:00,13523.382004344918,13248.38466796875,13209.681822146586,13254.042046229793
2025-08-20 22:00:00,10873.068618165402,11136.575378417969,10945.81106328094,11186.214449519104
2025-08-20 23:00:00,9043.714578308227,9439.06865234375,9218.925472493094,9226.103577767684
2025-08-21 00:00:00,7879.871293017677,7919.5387207031235,7986.232643041289,8053.795809058543
2025-08-21 01:00:00,6422.541418338897,6566.827929687501,6514.887408548719,6499.887163472267
2025-08-21 02:00:00,8487.500960423495,7895.010009765625,7379.553047035943,7866.965578662609
2025-08-21 03:00:00,5089.572629691398,5133.57041015625,5124.020242071453,4984.934172239437
2025-08-21 04:00:00,5566.721798107294,5781.329882812501,6496.813357505656,5689.043514663665
2025-08-21 05:00:00,9760.29468201322,9353.4697265625,9778.855479570815,9538.026154446736
2025-08-21 06:00:00,8251.7285275487,8497.766943359375,8287.33044991855,8530.489340573014
2025-08-21 09:00:00,12833.537825954369,12725.35692138672,12707.760065933202,12829.715171857846
2025-08-21 10:00:00,16558.504367056456,16160.97470703125,15784.099467597576,16185.250963267878
2025-08-21 11:00:00,13355.99074459886,13493.707543945313,13567.296755011032,13610.793654110854
2025-08-21 12:00:00,13753.22238581182,13715.38544921875,13917.987233268515,13861.826645625219
2025-08-21 13:00:00,18679.60200785767,18198.35107421875,18618.05393426196,18238.254957880832
2025-08-21 14:00:00,8490.12359315705,8730.679345703125,8975.35458624671,8668.901520435867
2025-08-21 15:00:00,14662.224218997493,14252.0439453125,14562.932641032752,14332.199260710215
2025-08-21 16:00:00,19805.8631361254,19882.801171875,20108.46774134944,19580.969858016324
2025-08-21 17:00:00,12452.796203453778,12578.389709472656,12377.774615871936,12666.723276433277
2025-08-21 18:00:00,13769.344303235208,13826.447387695312,13751.857433873474,13839.943675281342
2025-08-21 19:00:00,11844.52633229527,11860.43496246338,11923.515322320824,12049.473227381979
2025-08-21 20:00:00,13407.742489551452,13545.939282226562,13422.333909606217,13452.423373784846
2025-08-21 21:00:00,11989.870168243471,11965.738534545899,12183.27955731928,12047.297492005235
2025-08-21 22:00:00,12506.47195627651,12487.763488769531,12573.821577673272,12584.657163125661
2025-08-21 23:00:00,10105.446438614894,10174.804248046876,9949.080074881203,10260.592517471976
2025-08-22 00:00:00,9103.444947125194,9070.338769531249,9192.318692382896,9330.908773129833
2025-08-22 01:00:00,8822.0234332039,8668.0916015625,8603.536289089714,8923.513436250394
2025-08-22 02:00:00,8913.651096474001,8886.3564453125,8619.35509485174,8873.098523546309
2025-08-22 03:00:00,9065.763545031898,9082.953955078125,8846.926234690265,8893.325377949317
2025-08-22 04:00:00,7354.895971989001,7258.917773437501,7485.101424176898,7272.816764597148
2025-08-22 05:00:00,7918.941044697509,7478.70654296875,7744.8400833357755,7621.791472440544
2025-08-22 07:00:00,22220.0571376988,22092.7111328125,22295.91167685027,22499.695019170143
2025-08-22 08:00:00,12655.157107429104,12654.457250976562,12519.328046104789,12776.676497444972
2025-08-22 09:00:00,13456.606829380577,13718.47001953125,13422.780326990909,13182.961683294172
2025-08-22 10:00:00,12940.215541049814,12992.079931640625,13142.317644633094,13344.96499455206
2025-08-22 11:00:00,13633.546226358807,13784.389428710938,13658.791103180933,13790.010262236923
2025-08-22 12:00:00,31006.27520819709,28411.17109375,28462.450186986014,28617.120666359308
2025-08-22 14:00:00,16266.970859479998,17663.40322265625,18188.782909203237,17049.606583473622
2025-08-22 15:00:00,14928.464700138895,16476.9072265625,16431.843172440313,15614.460223010408
2025-08-22 16:00:00,16220.72337020511,16229.49990234375,16164.45300158371,15544.966664601045
2025-08-22 17:00:00,12174.7071293654,12042.387130737305,12289.188065009443,11998.26241926621
2025-08-22 18:00:00,16089.425172597068,16054.580078125,15914.137251977501,15401.0417288549
2025-08-22 19:00:00,10616.600341146743,10633.664477539063,10828.019265422488,11286.616209429938
2025-08-22 20:00:00,13731.16067919129,12817.442761230468,13065.831233944913,13297.273733788501
2025-08-22 21:00:00,12521.4683941255,12271.8880859375,12356.421628134816,12319.762190487114
2025-08-22 22:00:00,12268.928774135595,11973.905181884766,11928.425838047444,12087.406226848618
2025-08-22 23:00:00,10785.592492679501,10627.165576171876,10698.905375504324,10912.138375019425
2025-08-23 00:00:00,8658.306769618495,8110.9759765624985,8014.757269181757,8479.231591066646
2025-08-23 01:00:00,8085.049621227405,8397.565478515626,8099.194726689792,7958.11496440072
2025-08-23 02:00:00,8318.075161331391,8011.704833984375,7818.402437881484,8103.01803573131
2025-08-23 03:00:00,6443.019775899598,6517.74814453125,6368.433671628115,6400.345008080961
2025-08-23 04:00:00,7317.386286738332,7306.311328125001,7287.019539063545,7142.303417467338
2025-08-23 05:00:00,7269.278126176083,7151.1181640625,7229.493434056248,6886.101356756161
2025-08-23 06:00:00,7616.548631336371,7652.792578125,7522.4941439641225,7629.7281086930225
2025-08-23 07:00:00,8220.807735542952,8036.030224609374,8372.7974456597,8186.877664282012
2025-08-23 08:00:00,11479.539004313066,11444.464514160156,11342.65554758609,11392.115417804049
2025-08-23 09:00:00,16748.02167333641,15733.259814453126,15319.485483639524,15830.076934246894
2025-08-23 10:00:00,16189.430661343102,16297.44833984375,15861.999204010279,16620.66497326809
2025-08-23 11:00:00,20280.42885890739,19954.63857421875,20381.670233073404,20911.5314096631
2025-08-23 12:00:00,17916.985139427572,18323.07734375,17744.15013621298,17863.335112615874
2025-08-23 13:00:00,19079.191010460825,18935.693359375,19445.6911766973,19091.90034871406
2025-08-23 14:00:00,17811.218367325295,18087.164453125,18420.93109421815,18163.82091742686
2025-08-23 15:00:00,16716.265281575805,16600.48876953125,16676.406163850123,16278.76406417981
2025-08-23 16:00:00,15308.600397503595,15270.421044921875,14501.662116530397,15314.75216818618
2025-08-23 17:00:00,13367.970301498004,13470.518676757812,13060.882676578005,13586.538040569027
2025-08-23 18:00:00,12663.7399266524,12585.568908691406,12698.433950223785,12581.110233823714
2025-08-23 19:00:00,12587.988018006075,12432.059619140626,12177.22190749309,12122.452528147178
2025-08-23 20:00:00,10792.083279874929,10829.172436523437,10652.55104287942,11299.339606106723
2025-08-23 21:00:00,10418.69789286241,10278.547509765625,9722.348434208932,10504.511802885563
2025-08-23 22:00:00,9902.91958173408,9344.3330078125,9110.033485535978,9842.558398211764
2025-08-23 23:00:00,10762.89148570401,10526.979418945313,10812.732641851604,10745.69510405408
2025-08-24 00:00:00,6203.937360566219,6436.9427734374985,6617.650558384823,6547.985082194798
2025-08-24 01:00:00,7742.032212611568,7575.208300781251,7530.887491558856,7435.499072425605
2025-08-24 02:00:00,7081.263477720902,7084.72021484375,7205.151106632923,6976.867266270096
2025-08-24 03:00:00,9146.855834294509,8743.390234375,8761.470170945822,8694.08400524548
2025-08-24 04:00:00,4655.897841825372,4792.623828125001,4903.687905043626,4947.248192340175
2025-08-24 05:00:00,6597.206063103018,6689.4931640625,6550.17538539152,6496.625554676474
2025-08-24 06:00:00,6651.949718187598,6637.42587890625,6698.803895557833,6846.390590185886
2025-08-24 07:00:00,9258.09280248133,9146.753369140624,9091.75108102841,9297.041767467608
2025-08-24 08:00:00,7758.169813133403,8197.761328125,8100.577159245463,8461.295423693526
2025-08-24 09:00:00,12877.519233758376,12866.844409179688,12610.238227393264,12719.829700937795
2025-08-24 10:00:00,16040.860615641,15933.0259765625,15918.08834981651,16226.556284411989
2025-08-24 11:00:00,19369.089945555395,18610.05263671875,18566.63731827722,18600.469335166374
2025-08-24 12:00:00,21919.956958663497,21806.0783203125,22302.147709051067,22099.266084483002
2025-08-24 13:00:00,17226.788761689022,17147.36474609375,17566.54519387976,17997.890679095777
2025-08-24 14:00:00,19247.083912064474,18562.01845703125,18633.625671601778,19155.351017016685
2025-08-24 15:00:00,13644.240898919103,13889.1162109375,13989.430298007048,13692.645381862623
2025-08-24 16:00:00,14259.284066433998,14201.82314453125,13990.49672723026,14326.004546508826
2025-08-24 17:00:00,15078.667198087976,15029.896240234375,15069.62968688305,15159.923181773218
2025-08-24 18:00:00,13308.59588825822,13298.9521484375,13369.954615871133,13408.87466638129
2025-08-24 19:00:00,14902.95627397903,14705.59404296875,14678.282296586754,14542.54772944508
2025-08-24 20:00:00,10315.092510027196,11155.45087890625,11889.301421585233,11615.582310590089
2025-08-24 21:00:00,12076.296854169685,12044.224755859375,11994.094708346283,12029.240045891882
2025-08-24 22:00:00,11416.643582592398,11290.464965820312,11235.431512768608,11421.58979741685
2025-08-24 23:00:00,7293.4410646187935,7516.173632812501,7701.7089489968475,7726.382208150656
2025-08-25 00:00:00,6833.292258694222,6766.6874023437485,6863.231051440515,7087.091519656146
2025-08-25 01:00:00,6341.6677701361805,6184.958789062501,6078.222285148459,6343.4480911273495
2025-08-25 02:00:00,7379.975136572524,7226.291015625,7105.117701782033,7101.188078320791
2025-08-25 03:00:00,3488.3827652842792,3426.4771484374996,3959.4139233326514,2572.287516644823
2025-08-25 04:00:00,10468.880458332398,8801.0359375,7623.42108532139,9925.48231347478
2025-08-25 05:00:00,1975.4112101868795,2070.91015625,2643.790660860137,2141.8124377531913
2025-08-25 06:00:00,9331.318473560712,9399.60947265625,9200.221561722132,9309.259875477775
2025-08-25 07:00:00,12790.461795222287,12400.774487304687,12278.542586926282,12715.398058027735
2025-08-25 08:00:00,13135.795053872896,13185.515112304687,13492.769766408152,13490.482538441094
2025-08-25 09:00:00,16950.061480275126,16795.66435546875,17000.511274095676,16612.073389447927
2025-08-25 12:00:00,15678.61160055728,15725.605908203124,15802.806214690434,15943.474990920655
2025-08-25 13:00:00,16245.099517404815,16374.24365234375,16570.08967637169,16456.20399161479
2025-08-25 14:00:00,14934.758032755106,14521.713525390625,14938.281299547034,15024.546918258755
2025-08-25 15:00:00,14548.92829501639,14166.7265625,14752.895313825185,14345.093958579724
2025-08-25 16:00:00,18263.4919000835,17709.25185546875,17878.979664437844,17932.88803780953
2025-08-25 17:00:00,8568.39289968861,8733.49462890625,8373.99770225567,8719.4655445643
2025-08-25 18:00:00,12282.535978776097,12313.671356201172,12259.581956929942,12282.31495633383
2025-08-25 19:00:00,20049.223017860295,20612.2,20612.163473179695,20705.12455592557
2025-08-25 20:00:00,6599.684603341706,7611.476269531249,7090.30276512918,7168.406179015886
2025-08-25 21:00:00,10696.413823165794,10552.066186523438,10632.666649982108,10531.633573427676
2025-08-25 22:00:00,10873.4800422392,10686.30712890625,10625.20426630852,10715.859008636324
2025-08-25 23:00:00,7937.255170062508,7883.517626953126,7855.420772555518,7845.387629273329
2025-08-26 00:00:00,7694.658300546398,7522.3148437499985,7565.247349529299,7485.568280314593
2025-08-26 01:00:00,9005.764792476595,8565.16435546875,8547.293935202859,8600.12207928959
2025-08-26 02:00:00,2064.6090645129007,2423.728515625,2880.8053613205466,2094.5163847112217
2025-08-26 03:00:00,5848.5074727803785,5761.6001953125,5933.596922493796,5743.462136777666
2025-08-26 04:00:00,7998.380296167601,7614.484912109376,7766.940496075078,7421.026889326449
2025-08-26 05:00:00,5357.002604291018,5436.7373046875,5552.501611668344,5362.094314442292
2025-08-26 06:00:00,9165.071547645412,9033.058447265625,8808.510950025377,8852.819812949398
2025-08-26 07:00:00,11369.313093549088,11151.238354492187,11122.665325366517,11564.875050155784
2025-08-26 08:00:00,15534.80668592311,14942.64267578125,14599.285020758207,14988.927662099846
2025-08-26 09:00:00,26880.94586197117,26830.18046875,26819.761062031586,27248.64722697307
2025-08-26 10:00:00,2313.4678659809197,4627.83017578125,5919.092241105571,4106.765178402657
2025-08-26 11:00:00,14247.770421467803,14452.80703125,14735.448324330613,14587.958823481182
2025-08-26 12:00:00,23369.051080988906,22034.7423828125,23681.43825608495,22653.173861355946
2025-08-26 13:00:00,10009.106931374889,10088.901733398438,10604.591434901782,10597.062017685395
2025-08-26 14:00:00,14515.99426969293,14339.328271484375,14677.835261547189,14894.253973195595
2025-08-26 15:00:00,13189.878920089672,13590.07568359375,13745.548624863919,13120.210024541459
2025-08-26 16:00:00,14687.127180326608,14478.918603515625,14621.10281218979,14357.238408961133
2025-08-26 17:00:00,13415.44495047252,13405.850708007812,13174.015437166274,13448.498493311947
2025-08-26 18:00:00,13591.293074359084,13524.549682617188,13442.622718089227,13379.135610230898
2025-08-26 19:00:00,14007.03450254699,14038.35625,13914.35108819309,13917.757792541575
2025-08-26 20:00:00,12418.39739788591,12581.8244140625,12423.770240078149,12604.745753033634
2025-08-26 21:00:00,15064.3307241862,14918.4271484375,15079.790343703025,14864.939025564669
2025-08-26 22:00:00,5302.333591150687,5103.1181640625,5157.311453942632,5548.644120494171
2025-08-26 23:00:00,9676.85963584048,9113.409716796876,8932.979521536612,8960.916569524677
2025-08-27 00:00:00,8097.069979475527,8057.9410644531235,8037.947218189996,8225.679503793266
2025-08-27 01:00:00,6483.002828783112,6602.250781250001,6510.272341794468,6658.487616165832
2025-08-27 02:00:00,6099.007573962503,6275.2470703125,6236.6812108748545,5947.331006361428
2025-08-27 03:00:00,6066.6992485998835,5946.5708984375,6366.716028374867,6110.349477056744
2025-08-27 04:00:00,5523.063275548575,5574.691210937501,5703.256883915931,5094.203680960342
2025-08-27 05:00:00,7925.3822392023285,7599.389404296875,7830.376492542772,7777.180696293541
2025-08-27 06:00:00,11005.738109848497,11014.576452636718,10948.981051472605,11159.048154532184
2025-08-27 07:00:00,14428.34264708262,14454.789501953124,13994.877630774503,14401.541801675397
2025-08-27 08:00:00,9884.703764960379,11078.45792236328,11973.504670964305,11307.465507400542
2025-08-27 09:00:00,14385.626550342702,14057.6140625,14068.13773309802,14509.751743497804
2025-08-27 10:00:00,16115.790243142901,16020.0162109375,16111.9094365444,16115.29718814316
2025-08-27 11:00:00,12747.964440212696,12786.190148925782,13015.232641985082,13216.896765624952
2025-08-27 12:00:00,15103.335619691305,15392.695751953124,15290.93253318386,15541.082496363992
2025-08-27 13:00:00,21982.587541753397,21062.9580078125,21610.810346180966,22066.453478537933
2025-08-27 14:00:00,5947.258755051307,6729.98525390625,6532.740209334929,6388.149039089436
2025-08-27 15:00:00,21411.529977163897,20203.7958984375,20520.620859598082,20289.35756327657
2025-08-27 16:00:00,5031.876222122994,4467.926171875,5749.096690317752,5486.027771145398
2025-08-27 17:00:00,12964.873010918702,12934.808959960938,12694.99191203728,12385.395638178
2025-08-27 18:00:00,14156.125995489085,13881.582275390625,13568.15173003369,14028.36348678142
2025-08-27 19:00:00,14358.708474768518,14302.383837890626,14245.786107161479,14426.68086734563
2025-08-27 20:00:00,13438.032291338804,13383.14228515625,13375.648700482294,13498.607459057308
2025-08-27 21:00:00,15823.498465182589,15563.101220703125,15448.619500577597,15487.392121580076
2025-08-27 22:00:00,9893.100790934404,10027.947509765625,10200.290730253777,9999.025769744812
2025-08-27 23:00:00,10817.4074696762,10716.7009765625,10660.481222011585,10756.16905454313
2025-08-28 00:00:00,9216.510514473084,8973.935693359374,9194.772071315088,9137.85452048967
2025-08-28 01:00:00,7882.542435317595,7869.856738281251,7890.683200364303,7757.83191243914
2025-08-28 02:00:00,9820.990920681215,9710.09716796875,9514.602428541786,9494.323647870619
2025-08-28 03:00:00,4401.875615850591,4905.9595703125,4676.805929336643,4353.288318083334
2025-08-28 04:00:00,10144.285344888911,8360.452685546876,8131.86786250763,9499.055701238645
2025-08-28 05:00:00,18145.667918637206,17007.1552734375,17875.84348043379,16876.29547535481
2025-08-28 07:00:00,15126.814966259099,15232.309033203124,15056.967334906298,15875.60463483204
2025-08-28 08:00:00,11250.797861988807,11124.383581542968,11287.665995429556,11252.10839263217
2025-08-28 09:00:00,14995.256543493004,15137.023486328126,14974.639634874084,14991.5814426788
2025-08-28 10:00:00,24084.181986493197,26340.79453125,24754.494995763904,26784.331618791002
2025-08-28 11:00:00,8250.094660643701,8536.9349609375,9731.781333068033,8615.893357828716
2025-08-28 12:00:00,13701.3254298036,14022.501171875,13953.853475945127,14000.814137991547
2025-08-28 13:00:00,13964.54711673838,14198.93701171875,14265.453120095503,14372.469208331075
2025-08-28 14:00:00,13818.072820383017,14246.722314453125,14021.23849010465,14178.527687331227
2025-08-28 15:00:00,14108.891510772402,13919.21337890625,14152.5892628089,14214.896722611737
2025-08-28 16:00:00,12809.510438413674,12952.110864257813,13093.05886646466,12679.756706596674
2025-08-28 17:00:00,13235.251326800426,13213.216674804688,13271.944221885145,13144.665965102276
2025-08-28 18:00:00,13558.268397806387,13508.890380859375,12924.30004121459,13266.807551334923
2025-08-28 19:00:00,14776.120053873809,14724.22880859375,14652.383316083764,14662.778607582368
2025-08-28 20:00:00,11024.03433401843,11114.729748535156,11124.773780520669,10834.122073465061
2025-08-28 21:00:00,11948.644400352578,11083.121057128907,11063.272442681344,11663.012109017005
2025-08-28 22:00:00,11913.950742813904,11697.172317504883,11732.746947939828,11877.857713474918
2025-08-28 23:00:00,10376.452130253198,10465.01689453125,10339.069170383513,10265.40988809809
2025-08-29 00:00:00,9074.38559720829,8887.119775390624,9035.953734544019,9218.530386006498
2025-08-29 01:00:00,5148.785591985306,5523.018847656251,5230.543924899094,5585.639352006355
2025-08-29 02:00:00,6855.826501658783,6755.61865234375,6815.433638854521,6783.57939716639
2025-08-29 03:00:00,18128.722750233625,17496.515234375,16391.477671212673,16767.596283019186
2025-08-29 05:00:00,10673.759476487292,9855.458984375,9524.703709600462,10835.390278218856
2025-08-29 06:00:00,21287.22716227831,21740.0708984375,21536.421361030894,20032.073885745296
2025-08-29 07:00:00,1471.7139182653864,1996.5343749999993,4218.379900538539,1272.1375498354391
2025-08-29 08:00:00,14064.75699281741,13015.5552734375,13098.237143222472,13681.624806769294
2025-08-29 09:00:00,14885.269774837001,14607.9568359375,14700.240202610921,14119.799699619758
2025-08-29 10:00:00,21874.4392767014,22007.98984375,22480.941000507155,22586.418063040015
2025-08-29 11:00:00,10474.854685453081,11139.624353027344,11148.771019691247,11125.512066794487
2025-08-29 12:00:00,18559.009808195606,17884.753125,17400.806869722874,18310.63108018334
2025-08-29 13:00:00,13612.666889532993,14536.7529296875,13992.581209547838,14225.133986995392
2025-08-29 14:00:00,15876.923690388527,15922.605859375,15935.239512099068,16050.916999514271
2025-08-29 15:00:00,15347.17039150979,15673.330810546875,15307.764088220625,15512.864269162246
2025-08-29 16:00:00,15211.718900652611,15011.901513671875,15189.057352464737,15135.029508512253
2025-08-29 17:00:00,13138.5890801122,11766.303943634033,11540.758127414334,10904.243593700658
2025-08-29 18:00:00,15508.404709694893,15449.756103515625,15657.367201047882,15241.249500192978
2025-08-29 19:00:00,11773.74523896461,12007.371264648438,11720.663194214429,12154.641839091817
2025-08-29 20:00:00,13028.752376859495,13035.079663085937,13070.318257513778,13023.597034433184
2025-08-29 21:00:00,23054.427817279888,23618.1087890625,22751.798927186283,23251.526473800168
2025-08-29 23:00:00,10679.757133307303,10803.970263671876,10791.674587186486,10338.745606153847
2025-08-30 00:00:00,6535.308146662595,6309.6068359374985,7479.115025056653,6516.0072996165245
2025-08-30 01:00:00,6636.046541830616,7126.476855468751,6901.354388897768,7052.813903571956
2025-08-30 02:00:00,5772.481930008289,6123.03076171875,5901.750404365162,5915.716116079981
2025-08-30 03:00:00,5602.393780257471,5602.2408203125,5650.965078548106,5505.681439399762
2025-08-30 04:00:00,5564.637429996019,5663.349414062501,5613.022894108769,5525.42989748732
2025-08-30 05:00:00,5410.1548660490225,5550.0830078125,5453.6585865136085,5607.594617462467
2025-08-30 06:00:00,7088.861000883471,6965.847265625,7109.427714076484,6901.289814118529
2025-08-30 07:00:00,8079.31560175183,7971.918896484374,8214.793359996947,7725.150215841144
2025-08-30 08:00:00,13564.97119383596,13072.4732421875,12464.981929038306,12529.206677666236
2025-08-30 09:00:00,14721.627170872514,14786.228076171876,14354.396550578766,14534.678755543175
2025-08-30 10:00:00,13067.364532128011,13157.306494140625,13688.925360130906,13253.315738016518
2025-08-30 11:00:00,17623.32940303222,17639.32119140625,17517.288412502417,17695.545038010925
2025-08-30 12:00:00,23146.558591745674,21501.3048828125,23399.519841773094,22638.854887358713
2025-08-30 13:00:00,12142.274340700402,12958.21337890625,15139.481391947233,13318.567472868726
2025-08-30 14:00:00,16825.28956677339,16749.57314453125,16721.94293059814,16595.031634244013
2025-08-30 15:00:00,20038.33212870671,19248.58349609375,19893.859699915767,19326.75028943488
2025-08-30 16:00:00,19916.185793403893,19104.11416015625,18617.541655460715,19814.538571017874
2025-08-30 17:00:00,12755.35525514833,13029.684936523438,13493.526144188882,13480.293406613604
2025-08-30 18:00:00,10815.59255883687,10078.079711914062,11920.837267410832,11156.956597830653
2025-08-30 19:00:00,6457.985100666909,5908.531054687501,7680.8711332993635,6860.696858027601
2025-08-30 20:00:00,12301.75196180779,11611.295559692382,11391.388789347495,11860.395295877044
2025-08-30 21:00:00,17075.93111208181,17068.32412109375,16790.19725905297,16795.359895513317
2025-08-30 22:00:00,4115.476662846995,4549.740234375,4104.755506287022,4767.355947698522
2025-08-30 23:00:00,8823.417511935102,8742.124560546876,8608.399589329169,8488.508377719158
2025-08-31 00:00:00,16162.592943053598,15645.774316406249,16116.45121861142,15827.095701933686
2025-08-31 01:00:00,2809.766979393902,2655.5300781250007,2974.307718486125,2458.4995335389376
2025-08-31 02:00:00,5409.986009178479,5596.041015625,5530.107488388045,5642.888348083349
2025-08-31 03:00:00,6683.26844623342,6502.851171875,6632.405032069891,6520.733705597488
2025-08-31 04:00:00,7093.132234208013,7007.122363281251,6927.814475768329,7034.264976659778
2025-08-31 05:00:00,6251.548968892981,6171.74853515625,6247.9772707710135,6279.414087945164
2025-08-31 06:00:00,7657.982919600783,7421.25693359375,7635.358512858627,7876.219154824919
2025-08-31 07:00:00,5938.599503084824,5689.633007812499,6481.784300645811,6256.404822141717
2025-08-31 08:00:00,11723.29526597876,11314.793096923828,10907.797447913003,11377.223704609396
2025-08-31 09:00:00,12588.547343778413,12277.204516601563,12681.080620972498,12757.500304636624
2025-08-31 10:00:00,10757.531874127197,10896.625463867187,11393.231016413336,11247.529909019333
2025-08-31 11:00:00,24026.21023409954,22758.2396484375,23987.588330445054,23024.049894717384
2025-08-31 12:00:00,18500.507068060262,19002.356640625,18531.09155276477,19066.98881399414
2025-08-31 13:00:00,25031.99872870442,25223.9365234375,26327.80216213326,24872.515830941382
2025-08-31 14:00:00,6034.545620334504,6631.187890625,8244.938016793532,5399.112565148306
2025-08-31 15:00:00,16498.910456310303,16259.12548828125,16423.24716238615,16483.964976632247
2025-08-31 16:00:00,17643.781500939098,16714.8548828125,16732.840131145444,17021.515991364933
2025-08-31 17:00:00,14356.197171164997,14226.017822265625,13587.190522660148,14327.947343027594
2025-08-31 18:00:00,13885.2864552549,13825.324462890625,13903.503401332,13855.079015372721
2025-08-31 19:00:00,12019.2675543134,12256.157427978516,12685.01224779214,12152.175733714683
2025-08-31 20:00:00,13750.921408929,13652.265087890624,13663.535750749454,13680.975533007935
2025-08-31 21:00:00,12118.807190126123,12073.438302612305,12081.461661876094,12140.913037925633
2025-08-31 22:00:00,10291.229772116,10078.121948242188,10499.544801496031,10210.888258292982
2025-08-31 23:00:00,11003.329729390975,10855.385974121094,10849.67940879249,10843.504000457166
2025-09-01 00:00:00,4577.019683977378,5155.7328124999985,5593.181653618191,5343.775615673402
2025-09-01 01:00:00,5939.158105261016,5824.503710937501,6012.065058616337,5965.650685936333
2025-09-01 02:00:00,5801.877705599705,5544.28759765625,5854.2011184462835,5734.7873233460095
2025-09-01 03:00:00,6517.110374133326,6265.55234375,6446.592124265894,6524.2585802803815
2025-09-01 04:00:00,5418.371692411678,5412.427539062501,5470.574576107929,5356.152813169925
2025-09-01 05:00:00,6805.017527087984,6812.6328125,6784.407751690587,6745.737283841239
2025-09-01 06:00:00,9410.188353122508,9411.3931640625,9511.417917247443,9275.100709565737
2025-09-01 07:00:00,15540.816480317382,15438.77705078125,14605.95842675347,15081.70378032992
2025-09-01 08:00:00,11283.9220722113,12019.794714355468,12891.497348984612,12351.748437063536
2025-09-01 09:00:00,14330.062048562748,14080.691455078126,14052.108188262497,13997.053808987872
2025-09-01 10:00:00,16075.67262977668,16717.88193359375,17383.554300274845,16919.402651392964
2025-09-01 11:00:00,27456.543526372094,28649.70546875,26852.007083693974,27882.19889737437
2025-09-01 12:00:00,9759.998204898202,11056.497875976562,10476.10562366784,10232.173472681001
2025-09-01 13:00:00,15787.562151222402,16014.02783203125,15819.938677631417,15961.293588984929
2025-09-01 14:00:00,21744.52693284602,21370.8939453125,21701.563496393683,21478.77049279069
2025-09-01 15:00:00,7046.95927460416,7331.35986328125,7795.898023183004,6432.6392179518425
2025-09-01 16:00:00,13718.8331118882,13741.217431640625,13693.086256369894,13683.445673510829
2025-09-01 17:00:00,14101.92255145131,13933.13720703125,14012.238248889022,14007.747932145903
2025-09-01 18:00:00,12989.448917262911,12977.674072265625,12979.974077148416,13027.021893133766
2025-09-01 19:00:00,19766.26713336629,19273.78642578125,19075.238343995505,19886.85171546752
2025-09-01 20:00:00,5771.089608339502,6515.376171874999,8085.4454791830685,5666.024611840004
2025-09-01 21:00:00,12353.537975985697,12252.034387207032,12221.918128328873,12278.038064076225
2025-09-01 22:00:00,10152.942430246127,9554.627197265625,9861.895784080178,10127.672344479335
2025-09-01 23:00:00,7078.633076059577,7268.893847656251,7281.5411735098,7047.543104044721
2025-09-02 00:00:00,8699.784417008377,8509.007470703124,8005.992423062661,8724.084809871742
2025-09-02 01:00:00,15547.379604829028,15314.951708984376,15580.548636846963,15826.875219985268
2025-09-02 02:00:00,5588.400469292392,5856.98974609375,6544.178603006835,6069.148323804949
2025-09-02 04:00:00,3512.7179633312808,3485.0974609375007,3740.0025593265536,3908.041864456408
2025-09-02 05:00:00,6404.153848615228,6519.5341796875,6474.3612188874595,6731.2712634981735
2025-09-02 06:00:00,11970.557720215298,11401.812048339843,9856.786932429943,11330.875258119127
2025-09-02 07:00:00,11531.173609219386,11246.639050292968,12004.391619680437,11278.096956485342
2025-09-02 08:00:00,11095.15477598951,11415.283514404297,11812.379721591442,11529.996707771445
2025-09-02 09:00:00,11268.025543983695,11308.397204589844,12405.028168730089,11292.798337291631
2025-09-02 10:00:00,25224.40060216061,24896.2515625,24206.84568159291,24548.09387460234
2025-09-02 11:00:00,3750.759230503487,4687.88271484375,5747.706913144292,4608.4026942101755
2025-09-02 12:00:00,25149.930279595992,23941.1193359375,23243.76956304585,24361.804610448475
2025-09-02 13:00:00,14120.201211205436,15673.807373046875,15335.591430547795,14743.475706555697
2025-09-02 14:00:00,6844.270552024473,8667.616357421875,10231.769176146228,8235.545632438214
2025-09-02 15:00:00,15906.942838989999,15295.104736328125,15963.798832852073,15517.925584395001
2025-09-02 16:00:00,11344.523303825112,11707.34105834961,12444.240622722304,12140.40945413598
2025-09-02 17:00:00,12956.346481269502,12789.80908203125,12865.714652996749,12698.89282671443
2025-09-02 18:00:00,13978.438025458192,13897.81201171875,13898.697631293566,13839.603347259394
2025-09-02 19:00:00,14072.477529561907,13914.635302734376,13881.560795748997,13863.967793099771
2025-09-02 20:00:00,13233.270598390893,13172.767651367187,13154.025916349963,13313.93798174377
2025-09-02 21:00:00,14492.7807594126,14430.5375,14436.39443018758,14327.488533041029
2025-09-02 22:00:00,11413.500449123501,11442.567901611328,11517.699868846117,11390.527616412719
2025-09-02 23:00:00,7310.749229021578,7532.999804687501,7619.578203970216,7644.695528798112
2025-09-03 00:00:00,7910.948189472016,8158.1610351562485,7951.529236597264,7973.705008061279
2025-09-03 01:00:00,7618.7145240617865,7354.283496093751,7552.030065102192,7199.101147333595
2025-09-03 02:00:00,6836.242790396223,6837.70263671875,6961.717607166584,7028.466925680828
2025-09-03 03:00:00,6673.038296858582,6658.39755859375,6590.693335245967,6426.929834286028
2025-09-03 04:00:00,6627.697302668927,6481.984179687501,6550.859960563641,6525.437891852444
2025-09-03 05:00:00,6918.619351776986,7077.78173828125,6952.416344547926,6867.795114361659
2025-09-03 06:00:00,11372.258497127425,11104.071447753906,11333.48501202686,11157.76878311593
2025-09-03 07:00:00,13136.627971944177,13366.203076171874,13222.894867561277,12946.249818242208
2025-09-03 10:00:00,16331.187282302,16151.25498046875,16419.379800852836,16198.998886298381
2025-09-03 11:00:00,16950.007894995877,17074.1673828125,17056.478381889443,17346.48207464927
2025-09-03 12:00:00,18481.667220898726,18476.1134765625,18461.279294120388,18322.372674096696
2025-09-03 13:00:00,14789.801409449792,15132.269287109375,14942.257858586776,14937.343106644024
2025-09-03 14:00:00,15064.486123734818,15244.17568359375,15013.866422175346,15362.510152099028
2025-09-03 15:00:00,13292.36783886618,13328.130493164062,13563.839932735755,13502.535966312493
2025-09-03 16:00:00,12492.024831986704,12579.865747070313,12471.019451489492,12611.6160825325
2025-09-03 17:00:00,13543.011587368499,13339.626831054688,13402.39183678167,13422.666660951068
2025-09-03 18:00:00,14315.378230294198,14214.14501953125,14247.04660864144,14257.32321809177
2025-09-03 19:00:00,11390.498266118611,12102.913500976563,12125.11063599123,12447.147656112924
2025-09-03 20:00:00,18338.687129221387,18256.67109375,17049.30016977776,18688.521523793363
2025-09-03 21:00:00,7864.740761421601,8665.19716796875,9978.289639595445,7212.785364651578
2025-09-03 22:00:00,9913.55247882953,10035.73681640625,10526.21617830832,10527.682643223896
2025-09-03 23:00:00,9999.818848417479,9834.6091796875,9583.135394227706,9701.086425273485
2025-09-04 00:00:00,8139.003735342594,8252.226708984374,7983.27530577437,8157.232010031741
2025-09-04 01:00:00,7009.055899403382,6799.239062500001,6759.666120040304,6874.561085400817
2025-09-04 02:00:00,6607.376258196935,6720.84521484375,6654.932060193402,6420.78908438797
2025-09-04 03:00:00,7924.39619640538,7626.77451171875,7574.7472491772305,7163.398277487611
2025-09-04 04:00:00,4522.599430666003,4683.221484375001,4426.579828125978,4727.332912278566
2025-09-04 05:00:00,6657.9113581071,6740.603515625,6710.025575481708,6916.397385010608
2025-09-04 06:00:00,10462.584610363416,10514.033422851562,9943.147481333297,10114.660304552583
2025-09-04 07:00:00,13233.030109187977,12873.93330078125,13034.282253809255,13309.588554810203
2025-09-04 08:00:00,16928.43187336361,17063.1822265625,16517.827719578156,16157.01875589326
2025-09-04 09:00:00,20091.056947075096,19544.46904296875,19354.884941922057,19686.609754825346
2025-09-04 10:00:00,8952.4958728439,10444.24814453125,9981.405409830048,8534.827682829713
2025-09-04 11:00:00,15752.570375607998,15511.744287109375,15624.483443668832,15708.277706600693
2025-09-04 12:00:00,15565.314772709007,15784.509716796874,15687.57814426268,15553.70522494097
2025-09-04 13:00:00,15696.671809453794,15676.060546875,15826.816207303475,15872.127465205815
2025-09-04 14:00:00,14438.326752687508,14404.476220703125,14448.62356331788,14335.563893427068
2025-09-04 15:00:00,12777.19770558759,12629.153442382812,13609.928392229041,12841.801518223394
2025-09-04 16:00:00,12726.820117853707,12695.904626464844,12730.365640966775,12733.104670688532
2025-09-04 17:00:00,14775.068463665215,14473.534912109375,14706.389629026897,14419.99978869686
2025-09-04 18:00:00,11730.724837755784,11925.541702270508,11843.250352746862,11858.552362651471
2025-09-04 19:00:00,12694.984190467894,12633.713488769532,12647.779687505501,12663.985916749316
2025-09-04 20:00:00,13001.591334387802,12878.485913085937,12894.322743898425,13007.746564304392
2025-09-04 21:00:00,10488.896104783309,10640.524072265625,10685.136664343356,10708.824541215035
2025-09-04 22:00:00,11216.704193913101,11005.576049804688,11090.665458270774,11425.168407580966
2025-09-04 23:00:00,9604.71065742159,9591.0212890625,9368.482332051197,9453.362620574546
2025-09-05 00:00:00,8756.66336885091,8482.658837890624,8473.157944154309,8627.50030312124
2025-09-05 01:00:00,6278.471203104393,6741.440722656251,6375.97051438513,6345.533009528561
2025-09-05 02:00:00,6699.9328108126065,6687.8759765625,6702.709364634756,6680.330058775509
2025-09-05 03:00:00,6924.409676021072,6790.6392578125,6875.629184195288,6887.228598095861
2025-09-05 04:00:00,6092.805508883716,6002.450976562501,6132.978391434732,6412.638861022725
2025-09-05 05:00:00,7238.737928888499,7168.4462890625,7133.173018237674,7203.614327453756
2025-09-05 06:00:00,9659.899312073807,9601.544775390625,9685.143887362763,9927.376315025424
2025-09-05 07:00:00,12265.498506255983,12292.882214355468,12241.933192639848,12063.381840548238
2025-09-05 08:00:00,13403.490950831509,13350.486059570312,12925.840396303378,13880.143013146886
2025-09-05 09:00:00,13467.917067832885,13502.415942382813,13722.309109359976,13445.036164485467
2025-09-05 10:00:00,23575.812457899818,22787.4947265625,21096.42105048037,23077.785039888102
2025-09-05 11:00:00,15665.250094594981,17208.29384765625,16618.743183608523,17485.671446970286
2025-09-05 12:00:00,6296.73802197343,6812.613964843749,6857.0952095770335,5939.695994209324
2025-09-05 13:00:00,14911.129289524994,14985.84228515625,14886.408140864089,14706.314541239804
2025-09-05 14:00:00,14817.406259478777,14868.677392578125,15354.165419845125,14895.025732884245
2025-09-05 15:00:00,14204.782131065425,13914.40380859375,14463.343171621422,13848.509929014745
2025-09-05 16:00:00,15705.6466423826,15066.183251953125,15169.548633311751,15176.2189266561
2025-09-05 17:00:00,11258.422709016217,11155.222290039062,11251.242679912153,11383.328575389412
2025-09-05 18:00:00,14041.672117193768,13816.611450195312,13985.454967387594,14104.252723667934
2025-09-05 19:00:00,12494.65995745431,12580.47392578125,12588.852797953014,12527.979772163819
2025-09-05 20:00:00,12210.250005450285,11892.019657897948,12188.658937983453,12433.243117763639
2025-09-05 21:00:00,11805.430738977806,11776.053582763672,11865.317261835513,11892.91583533881
2025-09-05 22:00:00,10924.298987058617,10837.169006347656,10773.695498586914,11078.319952182153
2025-09-05 23:00:00,10234.557713972117,10022.261889648438,10114.627988078691,9930.58247013216
2025-09-06 00:00:00,9248.868770527573,9202.934472656249,9354.357297379207,9313.001287168008
2025-09-06 01:00:00,8679.028039490706,8041.238330078126,7910.219214395796,8012.8510082217
2025-09-06 02:00:00,6288.0120069015975,6421.00439453125,6486.3351165111935,6318.8998481552535
2025-09-06 03:00:00,6346.490461647704,6422.3375,6315.093244922543,6473.735971651843
2025-09-06 04:00:00,6180.224170333302,6159.166308593751,6210.154091732479,6120.492853365289
2025-09-06 05:00:00,9059.108111639303,9076.02490234375,9142.450469264475,9064.638199855108
2025-09-06 06:00:00,5944.2261879252965,6166.8892578125,6102.73365130932,6355.981530677888
2025-09-06 07:00:00,8280.4429937754,8465.590283203124,8524.49659923196,8303.020325674868
2025-09-06 08:00:00,13163.901691754587,12794.803930664062,12692.717837959804,12945.38082068909
2025-09-06 09:00:00,13561.276361173328,13687.863696289063,13734.758839947533,13926.397381181405
2025-09-06 10:00:00,15570.975295125687,16113.19833984375,15695.65610733566,15608.42515592251
2025-09-06 13:00:00,15423.855878069822,15458.596435546875,15548.966816533106,15754.262573139971
2025-09-06 14:00:00,16236.388093635274,16022.13564453125,16225.726605651527,16177.627739425083
2025-09-06 15:00:00,15585.425348646706,15345.885498046875,15596.032669553468,15594.968138450815
2025-09-06 16:00:00,14286.808368678694,14238.421533203125,14145.581237542658,14262.700374036034
2025-09-06 17:00:00,13260.61658600613,13373.563720703125,12643.27732579836,13426.00977550736
2025-09-06 18:00:00,12935.952653011875,13224.38818359375,13124.120928701455,12873.284568168347
2025-09-06 19:00:00,12499.178674445899,12697.464282226563,12462.096729677161,12583.698404174811
2025-09-06 20:00:00,12127.814848617807,12363.800915527343,11958.10506093581,12595.853635101903
2025-09-06 21:00:00,11567.568080962921,10861.319482421875,10868.022445772487,10774.593794671655
2025-09-06 22:00:00,10184.795253653094,10340.107299804688,10170.343182000564,10212.482995042372
2025-09-06 23:00:00,9581.16924888868,9790.658374023438,9549.288923411164,9649.598939921834
2025-09-07 02:00:00,8606.258564873875,8773.7451171875,8604.237499919622,8643.659423858851
2025-09-07 03:00:00,6947.27337078122,7455.21689453125,7132.488954178043,7281.48297939585
2025-09-07 04:00:00,6069.546246206799,6115.566699218751,6182.809281228766,6284.077371391936
2025-09-07 05:00:00,6651.658281295298,6863.09912109375,6947.495295803696,6841.3891761815285
2025-09-07 06:00:00,8249.857359378197,7983.24765625,8221.839657928509,8158.61321689513
2025-09-07 07:00:00,6855.383440771326,7117.716015624999,7897.857908356114,7748.395439835822
2025-09-07 08:00:00,9188.545409911958,9902.005102539062,10509.229289340936,8766.269297955598
2025-09-07 09:00:00,8191.617305761309,8775.573291015626,8880.430512669293,8667.291047898863
2025-09-07 10:00:00,12697.123283234227,12679.237158203125,12494.030222755708,12527.962748947388
2025-09-07 11:00:00,16594.016734355384,16143.234765625,15821.836345299802,16642.943114647373
2025-09-07 12:00:00,19006.273275028896,19308.77900390625,18969.995670655637,19095.143213161173
2025-09-07 13:00:00,18636.411651637318,19021.1259765625,18788.93207060871,18522.109696866428
2025-09-07 14:00:00,18502.928557680287,18286.0072265625,18801.234573556423,18075.769788010126
2025-09-07 15:00:00,17782.091314068995,17930.06982421875,17979.950863332037,18260.698717730906
2025-09-07 16:00:00,17824.493444881802,17953.258203125,18028.07768053002,18375.75136331159
2025-09-07 17:00:00,14161.240291836802,14602.848388671875,14358.522858860466,14475.785981442843
2025-09-07 18:00:00,12263.7372431463,13441.387329101562,13032.271020620617,12702.891044944325
2025-09-07 19:00:00,15735.856538395314,15662.73515625,15243.874185444973,15443.531791662637
2025-09-07 20:00:00,12524.07611734018,13571.76337890625,13243.24891255919,12759.767000754431
2025-09-07 21:00:00,18582.545639142925,18692.90859375,17408.888509593733,18714.74894013234
2025-09-07 22:00:00,8367.74011310548,8694.886962890625,8514.070426043194,9308.341333558134
2025-09-07 23:00:00,10086.26374410799,10304.25517578125,10249.6489655332,10010.788641710604
2025-09-08 00:00:00,7861.975778317406,8103.8600097656235,8224.045351804038,7936.202505701322
2025-09-08 01:00:00,7368.869327191995,7609.553027343751,7449.768680841229,7504.483958816288
2025-09-08 02:00:00,5839.424673045709,5868.2421875,5929.969522119634,6209.447728969469
2025-09-08 03:00:00,6298.2743304509695,6189.96005859375,6305.451511391341,6324.192192531086
2025-09-08 04:00:00,6820.3712254618185,6583.958300781251,6688.898455017617,6552.26802245094
2025-09-08 05:00:00,7664.124633955187,7456.903564453125,7631.418176141266,7601.094606748427
2025-09-08 06:00:00,12091.179775915245,11128.14298095703,10765.674887921217,11291.596328516394
2025-09-08 07:00:00,10352.499253042766,10567.497875976562,11369.74926598267,10515.801770435239
2025-09-08 08:00:00,13106.837268372712,13052.004858398437,13305.722718050902,12625.727788385884
2025-09-08 09:00:00,14004.618146996992,13809.33037109375,13973.479220483965,13807.771996542757
2025-09-08 10:00:00,16717.5302216638,16794.3091796875,16597.44009372032,16589.768149095096
2025-09-08 11:00:00,15815.31248547941,15932.37490234375,15734.624901600539,15872.551370907524
2025-09-08 12:00:00,17299.790721423673,17381.93818359375,17310.79193663599,17246.28984436642
2025-09-08 13:00:00,16953.094125007818,16612.81591796875,16977.197918837835,16927.98066039645
2025-09-08 14:00:00,16574.514822973702,16551.365625,16447.725335974636,16472.07469757596
2025-09-08 15:00:00,16094.604748550715,15984.93603515625,15975.140203528843,15686.930076261639
2025-09-08 16:00:00,16862.46766295339,16904.49111328125,16930.442857060043,16948.597629344862
2025-09-08 17:00:00,13507.946983006696,13491.690551757812,13479.0346345311,13434.277231206199
2025-09-08 18:00:00,16630.319703734305,15371.7958984375,13252.58570437513,16117.057914379611
2025-09-08 19:00:00,6433.447065557997,7006.160449218751,8095.50620098875,7342.760466785456
2025-09-08 20:00:00,12189.616522783104,12084.666806030273,11958.367268649905,11919.686297279957
2025-09-08 21:00:00,13502.876409916202,12709.008020019532,12088.527648118672,13539.129243393128
2025-09-08 22:00:00,10764.754624904788,10396.79931640625,10915.617000257786,10659.048953692452
2025-09-08 23:00:00,9002.72900576708,9043.606982421876,8919.324622772117,8872.861241772962
2025-09-09 00:00:00,7555.003809405731,7356.7689453124985,7455.934799571474,7611.675602375712
2025-09-09 01:00:00,4776.056871212775,4832.468066406251,4803.34348752556,4742.7170409843275
2025-09-09 02:00:00,5434.114615401413,5398.18798828125,5276.393065836866,5652.57482331387
2025-09-09 03:00:00,6785.654076569283,6515.40927734375,6681.6406799554725,6618.822407441197
2025-09-09 04:00:00,5793.983217211124,5678.704394531251,5734.382918840462,5611.084251686076
2025-09-09 05:00:00,8292.0587996775,8171.48779296875,8024.686978713083,7901.436868345483
2025-09-09 06:00:00,5864.800409459573,6065.40439453125,5893.366886034986,6012.905272594633
2025-09-09 07:00:00,11339.144693313643,10927.584790039062,11088.654358109403,10952.197715863334
2025-09-09 08:00:00,12668.721931606886,12662.250341796875,12241.38457580835,12845.353104747057
2025-09-09 09:00:00,12997.933865046394,13460.42314453125,13725.391465487883,13197.126311344024
2025-09-09 10:00:00,16632.890012607,16581.95126953125,17113.626846736137,16699.33732078559
2025-09-09 11:00:00,14472.480372980406,14650.829736328125,14577.698865560465,14649.066981603628
2025-09-09 12:00:00,16506.833050769997,16457.04609375,16471.94505479881,16269.080667716107
2025-09-09 13:00:00,15512.283986496608,15542.24462890625,15588.100305574699,15425.182905560132
2025-09-09 14:00:00,16498.154582592477,16337.73330078125,16507.50195325088,16530.572491404306
2025-09-09 15:00:00,13841.680658120313,13964.21435546875,13881.113487029364,13871.929854007796
2025-09-09 16:00:00,13964.394241283206,13269.26455078125,13126.19667310389,14206.64095225047
2025-09-09 17:00:00,13102.132446988398,13097.743041992188,13798.847597515689,12846.647965265567
2025-09-09 18:00:00,13119.968553925894,12869.185791015625,12476.317315004042,13285.020738611913
2025-09-09 19:00:00,14495.86767452001,14373.510546875,14371.003724172457,14474.063529429028
2025-09-09 20:00:00,12900.262962799297,12950.970043945312,12624.34831384886,12828.473413030564
2025-09-09 21:00:00,12960.253032353003,12997.477075195313,12934.009282282452,12967.839923605483
2025-09-09 22:00:00,18050.28398984167,17471.5849609375,17985.360406521526,17593.829749821125
2025-09-09 23:00:00,2580.4893613271306,3534.0115234375007,3089.923082808349,2917.393510015949
2025-09-10 00:00:00,7656.618547971397,7512.2362304687485,7588.512615601468,7506.125378736727
2025-09-10 01:00:00,7994.091469299998,7554.939257812501,7334.546955171295,7412.119163036366
2025-09-10 02:00:00,3387.0761479500943,3568.6552734375,3705.4494610016327,2691.7004211750573
2025-09-10 03:00:00,6251.820241748099,5961.39072265625,5984.235442716398,6165.714467518086
2025-09-10 04:00:00,5902.711139707204,5825.733203125001,5871.092732144138,5743.630407803234
2025-09-10 05:00:00,6379.331262165506,6595.13916015625,6448.569532891685,6561.934114863083
2025-09-10 06:00:00,8652.803138087595,8839.499853515625,8668.400118618816,8811.43113066849
2025-09-10 07:00:00,13104.374835931794,12870.533032226562,12621.700943477164,12558.348009381409
2025-09-10 08:00:00,12284.67701256951,12471.841650390625,12693.386322163438,12699.47820874093
2025-09-10 09:00:00,11990.179022732005,11902.70048828125,12920.207731521496,12657.043037619838
2025-09-10 10:00:00,15137.558722075793,15172.13486328125,15253.922988813789,15041.374620692508
2025-09-10 11:00:00,16350.974378246212,16434.12294921875,16376.368154072188,16347.002386314975
2025-09-10 12:00:00,15773.450686187582,15802.700146484374,15864.528091855147,15811.553677155796
2025-09-10 13:00:00,17412.8160153066,17095.49365234375,17181.509544191977,17047.54325841571
2025-09-10 14:00:00,15716.103686595607,15886.0052734375,15774.844640377174,15789.210880502624
2025-09-10 15:00:00,13753.310059873591,13948.49658203125,13744.602123853492,13823.704988779227
2025-09-10 16:00:00,13063.93247056033,13083.53359375,13178.79069689402,12857.569637554036
2025-09-10 17:00:00,20224.468655063873,20242.93359375,20628.806633772874,21016.45001276237
2025-09-10 18:00:00,8275.069738338003,8360.1591796875,7716.606890234149,8354.199713338494
2025-09-10 19:00:00,12169.233670421807,12370.32518310547,12210.361074292457,12444.994151810812
2025-09-10 20:00:00,13894.302912939278,13758.571484375,13673.892243662984,13579.755119107416
2025-09-10 21:00:00,13018.40329985272,13095.557641601563,13016.949961923321,13183.919420018754
2025-09-10 22:00:00,11005.62544201927,11048.818725585938,11074.961174808279,11279.315741894074
2025-09-10 23:00:00,10505.732167063925,10285.640307617188,10139.953208388903,10271.798642708049
2025-09-11 00:00:00,5862.575651586194,6477.1043945312485,7523.64359711206,6377.972265180048
2025-09-11 01:00:00,8703.632906237082,8265.033251953126,8271.10213578205,8508.012146042362
2025-09-11 02:00:00,4119.5478387580515,4100.41796875,4003.9268362290086,4174.6528015097465
2025-09-11 03:00:00,4120.1591268904795,3887.9664062499996,3998.038832881991,4349.227240882194
2025-09-11 04:00:00,6026.403460712292,5809.610644531251,6006.630854507568,5766.308055029364
2025-09-11 05:00:00,7067.460115616908,7094.859375,7026.624968684435,6996.429022102676
2025-09-11 06:00:00,9394.904982338898,9564.194189453125,9565.785509524501,9748.473492663908
2025-09-11 07:00:00,9739.844670635688,10062.48212890625,10164.358082762265,9815.537687283362
2025-09-11 08:00:00,12757.415051787224,12365.991796875,12907.484611236006,12811.906603436697
2025-09-11 09:00:00,14225.393517500885,14175.41240234375,14544.173690110494,14212.612521341562
2025-09-11 10:00:00,15436.132849693595,15298.45810546875,15454.476086960633,15197.652134911967
2025-09-11 11:00:00,17894.0924483966,17418.46962890625,17724.833305109416,17577.72663893105
2025-09-11 12:00:00,14072.074902528384,14292.30830078125,13994.503030008314,14676.515270545562
2025-09-11 13:00:00,21410.999572565022,21131.77734375,20656.763960476306,21509.508222610257
2025-09-11 14:00:00,10393.607249476694,10695.105004882813,10259.807549827654,10254.350867281626
2025-09-11 15:00:00,14603.991957692924,14514.76953125,14532.926501254065,14602.871464808139
2025-09-11 16:00:00,13207.903108980981,13152.365014648438,13228.195848757008,13079.272129361229
2025-09-11 17:00:00,13911.060978248992,13796.28564453125,13987.151118230739,13806.432751208338
2025-09-11 18:00:00,12826.461989584699,12928.018310546875,12911.81256451876,12783.388452887277
2025-09-11 19:00:00,14181.652926896702,14111.842578125,14055.696020520481,14167.754693526438
2025-09-11 20:00:00,15216.533366433108,15375.255078125,15243.330972614844,15309.982029044146
2025-09-11 21:00:00,11210.364198055899,11511.089196777344,11296.666187329487,11653.292378546308
2025-09-11 22:00:00,11362.353876939596,11491.243133544922,10937.850672910734,11295.715037109812
2025-09-11 23:00:00,9737.470182106397,9558.796435546876,9696.168345913618,9643.586300329047
2025-09-12 00:00:00,8720.6413716249,8870.308740234374,8683.782729983244,8824.350669468276
2025-09-12 01:00:00,7108.949679380301,7157.014453125001,7377.447839336281,7318.853699501741
2025-09-12 02:00:00,6262.321156559003,6317.70068359375,6341.909643429274,6246.747080092486
2025-09-12 03:00:00,6660.522398753301,6520.95419921875,6555.938132717012,6516.9716987784095
2025-09-12 04:00:00,7132.520598159874,7147.828173828126,6976.012723812564,7197.590892122978
2025-09-12 05:00:00,6579.324540972433,6739.43310546875,6595.255145859993,6825.102279271659
2025-09-12 06:00:00,9407.366924073669,9327.69931640625,9384.598101055255,9570.025550690661
2025-09-12 07:00:00,12157.774062783614,12301.882641601562,12089.498423180314,12232.471533645637
2025-09-12 08:00:00,14354.625368527812,14508.2681640625,14059.209352690918,14308.386038462928
2025-09-12 09:00:00,21601.28838645449,22044.428515625,22115.775462169702,22365.997078834982
2025-09-12 10:00:00,10504.621071504405,10830.369116210937,9494.773788404207,10517.315617747565
2025-09-12 11:00:00,16052.632170625899,16107.121484375,16132.462605321989,16245.954774971193
2025-09-12 12:00:00,16864.827312203295,16466.71259765625,16880.436436946504,16627.757972925432
2025-09-12 13:00:00,13569.506968468108,14330.199951171875,14253.403182848699,14141.011021841856
2025-09-12 14:00:00,15848.0453723154,15794.47451171875,15776.959954195861,15340.881256604045
2025-09-12 15:00:00,15275.758514653891,15115.35498046875,15259.993537200247,15267.893150350506
2025-09-12 16:00:00,12827.670531150312,13036.789453125,13305.522530166952,12995.658599516713
2025-09-12 17:00:00,13584.893348749392,13579.411376953125,13577.889334055782,13479.781360302906
2025-09-12 18:00:00,13342.749159568106,13412.885375976562,13261.200292447798,13216.456573369105
2025-09-12 19:00:00,11169.28415518042,11134.35771484375,11301.098411061024,10954.308236586352
2025-09-12 20:00:00,12059.330438016095,11761.16961364746,11936.39458727617,11923.448653170137
2025-09-12 21:00:00,16080.267153979667,15584.43935546875,15920.597203711666,15447.132849871818
2025-09-12 22:00:00,6187.93810586819,6497.73046875,6365.110458487743,5934.86241330649
2025-09-12 23:00:00,9126.046032089627,8906.411181640626,8837.502413356899,8986.200867884703
2025-09-13 00:00:00,7726.7483949692905,7664.9320312499985,7684.813953350901,7722.9118226711
2025-09-13 01:00:00,6050.726112599808,6081.985156250001,6227.163642585074,6330.416060041255
2025-09-13 02:00:00,8105.4922388634,7720.41455078125,7934.279530568687,7943.296679250709
2025-09-13 03:00:00,4831.847160540003,4952.69443359375,4944.658070706154,4663.626438267732
2025-09-13 04:00:00,6712.989426475779,6319.866503906251,6438.174878746482,6282.098538291073
2025-09-13 05:00:00,5494.342745340924,5560.6005859375,5509.854440405176,5863.479026540266
2025-09-13 06:00:00,5167.468526198767,5152.228125,5254.762631353524,5301.170651637425
2025-09-13 07:00:00,6860.711951055517,6869.671093749999,7061.997643727424,6839.729653352023
2025-09-13 08:00:00,10278.750600941426,10258.211889648437,9845.419372318609,10016.775589966528
2025-09-13 11:00:00,17359.964917538593,16601.75283203125,15619.496923107903,16840.03896585944
2025-09-13 12:00:00,19578.173905546613,19249.35078125,19587.024149392233,19216.916219097104
2025-09-13 13:00:00,19269.241850530772,19022.91259765625,19127.458562838317,19048.018321339947
2025-09-13 14:00:00,18228.31579862962,17823.4515625,17982.408318747035,17758.26028407332
2025-09-13 15:00:00,16796.798856085006,16874.4931640625,16825.897652180724,16997.04504279086
2025-09-13 16:00:00,14763.102904798297,14818.76015625,14718.595255470038,14685.672139958275
2025-09-13 17:00:00,15361.543102690805,15157.107421875,15248.380967651676,15281.085746771394
2025-09-13 18:00:00,14369.283176630794,14572.100341796875,14424.246600567809,14443.15490046993
2025-09-13 19:00:00,13746.936153472798,13811.900805664063,13767.914029032932,13778.173351992637
2025-09-13 20:00:00,12475.27553830991,12594.200512695312,12541.046542854545,12645.661025037049
2025-09-13 21:00:00,11143.46091805069,11158.936975097657,11161.737836326813,11298.259651345414
2025-09-13 22:00:00,12231.538728864703,12005.704116821289,12126.996111887693,11963.022509433928
2025-09-13 23:00:00,7301.5405207890035,7235.892382812501,7881.660649682459,7970.832586928393
2025-09-14 00:00:00,8201.57300882649,8204.989160156249,8218.664258785928,8219.871583524786
2025-09-14 01:00:00,7229.59173382752,7084.574023437501,7185.913219172408,7100.3032391611505
2025-09-14 02:00:00,5689.835455610679,5717.48974609375,5760.80429772488,5641.398365687359
2025-09-14 03:00:00,8134.348955980813,7692.831884765625,7839.511113976081,7738.838576860866
2025-09-14 04:00:00,4284.684287325177,4528.465625000001,4461.183162606729,4242.272476570333
2025-09-14 05:00:00,6098.404002567913,6170.78955078125,6106.162860653202,6225.401498204311
2025-09-14 06:00:00,6620.881390512286,6612.960546875,6631.61660956927,6822.881766407341
2025-09-14 07:00:00,5829.26258437322,5819.584667968749,6178.788973638465,5958.519225633961
2025-09-14 08:00:00,8120.56087679562,8447.46689453125,8491.647926479203,8490.67385266396
2025-09-14 09:00:00,11916.752847294982,11439.744982910157,11682.188790138063,11893.502998020427
2025-09-14 10:00:00,15491.893801866687,15660.650244140625,15075.873946572043,15300.495695376798
2025-09-14 11:00:00,18245.211084713716,18128.90615234375,18112.49160250649,18061.77907042177
2025-09-14 12:00:00,19459.703750433513,19231.57685546875,19324.876803513787,19415.730689551096
2025-09-14 13:00:00,20798.016974649072,20591.9501953125,20541.355009124243,20052.102148739108
2025-09-14 14:00:00,15668.705109936529,16016.76455078125,15880.858514874904,15833.486372086949
2025-09-14 15:00:00,15492.128428525582,15536.738525390625,15590.270097901639,15855.905887589224
2025-09-14 16:00:00,14642.471400993973,14719.660302734375,14596.99123928685,14580.634673118435
2025-09-14 17:00:00,13562.953593280326,13552.176025390625,13655.893776324352,13542.581042779531
2025-09-14 18:00:00,17385.22868332491,17631.72607421875,17293.047256971775,16894.791592608093
2025-09-14 19:00:00,10498.084872780692,10784.999682617188,10718.811054864744,10435.868134118455
2025-09-14 20:00:00,10526.872266481801,10487.667797851562,10860.599837952645,11047.864625598047
2025-09-14 21:00:00,12049.232291875795,11964.620416259766,11859.267744084065,12027.160158746272
2025-09-14 22:00:00,11329.542637926395,11144.648803710938,11237.135414820026,11291.48143385252
2025-09-14 23:00:00,8112.747134571506,7499.318652343751,7665.999995462405,7920.745714314795
2025-09-15 00:00:00,7910.43766052022,7996.3526855468735,7814.787131567626,7827.319617431358
2025-09-15 01:00:00,7867.1387452015515,7451.706835937501,7720.720054246958,7381.494127490877
2025-09-15 02:00:00,7516.46994004563,7449.21533203125,7503.778767463842,7394.374929097991
2025-09-15 03:00:00,3221.35465765777,3507.1304687499996,3632.356565614703,3711.321696267116
2025-09-15 04:00:00,6179.109087968336,6058.976855468751,6068.846780779105,5832.959329809361
2025-09-15 05:00:00,7655.708484451374,7334.0263671875,7685.804807310604,7604.201370981851
2025-09-15 06:00:00,7038.33864894961,7399.7330078125,6980.9092505845,7106.779443779896
2025-09-15 07:00:00,10835.171616849704,10680.658520507812,10905.912585065678,10979.744546491947
2025-09-15 08:00:00,12113.503997019585,12082.666876220703,12191.914832162225,12053.86819196059
2025-09-15 09:00:00,16728.669949756226,15947.444140625,15553.65819001023,16316.419218142155
2025-09-15 10:00:00,16948.80380025987,16925.999609375,16825.43876989499,16840.18063261519
2025-09-15 11:00:00,18122.76670251604,18379.45107421875,18032.888103925183,18490.614642751996
2025-09-15 12:00:00,24867.677666638498,25713.0861328125,25555.212287263203,25096.49111405237
2025-09-15 13:00:00,10715.052942522787,11152.915466308594,10660.60966682528,11289.37949521034
2025-09-15 14:00:00,16230.352333928118,16519.97060546875,16233.329439300984,16287.000575662476
2025-09-15 15:00:00,16587.486496408164,16566.779296875,16549.008074577636,16547.60730937186
2025-09-15 16:00:00,15622.362418521292,15598.277734375,15503.64570723749,15383.001910188246
2025-09-15 17:00:00,13613.068932066832,13608.631225585938,13571.039010666964,13506.31618612016
2025-09-15 18:00:00,13715.581240651009,13873.07958984375,13617.872986588502,13631.301602969032
2025-09-15 19:00:00,13355.942728131693,13338.865283203126,13396.177073615372,13417.229948538452
2025-09-15 21:00:00,11783.447443500001,11898.656549072266,12130.430249477184,12144.423251560705
2025-09-15 22:00:00,11736.3438896,11782.51452255249,11673.856090718733,11915.87033186575
2025-09-15 23:00:00,11706.6643969,11356.373767089844,11464.256621154718,11446.393179037519
2025-09-16 00:00:00,11639.127484999999,11876.130189514159,11436.073119031973,11937.67132573096
2025-09-16 03:00:00,9691.623649622203,10946.405432128906,10005.170358586493,10137.319579621191
2025-09-16 04:00:00,-786.2889527941697,-122.61738281249927,553.2289012592682,-566.9029485880965
2025-09-16 05:00:00,8713.232207387467,8733.581298828125,8579.57165316647,8554.103973668589
2025-09-16 06:00:00,7974.591387103608,8572.577734375,8070.614225766627,8366.349311405884
2025-09-16 07:00:00,10483.286538430311,10530.851391601562,10467.772360042565,10575.625189160526
2025-09-16 08:00:00,9075.54322613008,8939.440771484375,9075.049242745525,9167.41173468774
2025-09-16 09:00:00,16345.928327418402,15629.559130859376,15093.812601386317,15365.503557302636
2025-09-16 10:00:00,16366.842654602608,16122.03916015625,16306.967022654542,16152.673602073613
2025-09-16 11:00:00,15074.467397726921,15316.203271484375,15282.438751039548,15477.44270357207
2025-09-16 12:00:00,21316.46489991627,20643.9044921875,20876.827942769152,20870.39198531631
2025-09-16 13:00:00,12388.075493861907,13246.995849609375,13654.038450131691,12641.817877415848
2025-09-16 14:00:00,15505.32399695919,15712.3392578125,15514.790301904914,15594.428288026465
2025-09-16 15:00:00,15002.150269976803,14821.238037109375,15073.132903611746,14841.01072523179
2025-09-16 16:00:00,13497.21487386818,13582.409814453125,13466.590511900564,13575.399912108644
2025-09-16 17:00:00,13862.505081510419,13920.666259765625,13862.1048319524,13787.540473432897
2025-09-16 18:00:00,14002.178389692112,14000.831787109375,13944.587237499312,13761.376753349117
2025-09-16 19:00:00,13313.954945801892,13395.123706054688,13336.35329181668,13545.916521839597
2025-09-16 20:00:00,11034.600136664998,11256.394482421874,11166.927738085757,11302.095223843135
2025-09-16 21:00:00,11967.4682261473,11877.792459106446,11946.425676915424,11707.941094004396
2025-09-16 22:00:00,12621.475548118076,12064.910552978516,12252.720038326814,12431.180605073321
2025-09-16 23:00:00,8315.78847321292,8483.29814453125,8431.601289254435,8581.7762627277
2025-09-17 00:00:00,7612.6362311798075,7796.2386718749985,7772.376125573073,7803.479251820829
2025-09-17 01:00:00,8699.289341760905,8356.561083984376,8230.118721792718,8832.023232745967
2025-09-17 02:00:00,4368.005948607199,4655.23095703125,4842.378477457625,4255.527495849646
2025-09-17 03:00:00,5449.1510754423125,5385.63681640625,5991.985795100653,5338.928083941123
2025-09-17 04:00:00,7270.592016849889,6552.454394531251,7067.493533512986,6465.587145653113
2025-09-17 05:00:00,6334.902064661292,6398.39208984375,6402.98872428006,6451.726086504902
2025-09-17 06:00:00,6845.054476315612,6788.2994140625,6989.192926655935,6853.072253592683
2025-09-17 07:00:00,8798.618752812192,8740.19208984375,8861.316050517511,8738.47577603718
2025-09-17 08:00:00,12328.294156614289,12124.189276123047,11944.342049511091,12297.753122563483
2025-09-17 09:00:00,12721.173647675128,12668.596484375,12853.30825054869,12988.389907748286
2025-09-17 10:00:00,16107.269751763588,15924.49375,16081.497037557503,16353.32055453299
2025-09-17 11:00:00,13488.048191773394,13615.151025390625,13675.248260221122,13600.090745917289
2025-09-17 12:00:00,21497.091962475497,20785.3859375,21016.84659622369,21023.257941778924
2025-09-17 13:00:00,11308.596916632101,12405.130493164062,12524.779520950657,12157.341881943223
2025-09-17 14:00:00,16163.06075664791,15781.327294921875,16079.529899899717,15961.006928602139
2025-09-17 15:00:00,15962.769362047009,15896.904296875,16013.670834148103,15962.427050045906
2025-09-17 16:00:00,16936.92335519428,16888.1146484375,16978.137367255797,17085.797752829792
2025-09-17 17:00:00,12532.104710228901,12607.663635253906,12619.25727495252,12939.54559956092
2025-09-17 18:00:00,13961.72417108898,14318.821044921875,13989.262685599735,14021.500777420326
2025-09-17 19:00:00,18590.306740262316,18633.64189453125,18430.310858181758,18592.939882327963
2025-09-17 20:00:00,7971.200461000084,8157.479687499999,7928.302970215469,8022.759713234102
2025-09-17 21:00:00,13164.462060297907,13109.136254882813,13132.083019768925,13125.063470437546
2025-09-17 22:00:00,12834.790776754482,12222.691131591797,12287.088732661954,12390.492264274966
2025-09-17 23:00:00,8538.126116779229,9009.5330078125,8994.501403885455,9040.493816946375
2025-09-18 00:00:00,10757.6013670834,10409.242944335936,10343.015348473404,10055.626240667998
2025-09-18 01:00:00,7850.5518088222925,7876.879199218751,7846.436260174007,7869.256209934432
2025-09-18 02:00:00,5083.887857733498,5276.7919921875,5327.198693319616,4868.133030999218
2025-09-18 03:00:00,7548.432303092899,7407.480078125,7433.487341880954,7614.144579003389
2025-09-18 04:00:00,8449.177928639507,8007.437792968751,8056.371228266127,8052.300705883389
2025-09-18 05:00:00,6912.345786632824,6990.60107421875,6889.92809063551,7198.798871429727
2025-09-18 06:00:00,7184.91457912648,7360.44248046875,7372.8825820987795,7126.7859604341365
2025-09-18 07:00:00,6492.358475597281,7054.078320312499,7759.559812294846,6594.350506907298
2025-09-18 08:00:00,7074.046073276817,7513.2544921875,7810.823206918765,7162.060101907357
2025-09-18 09:00:00,13481.908626009088,13134.15068359375,12800.105559765598,12743.798471706172
2025-09-18 10:00:00,17535.8087734262,17467.79404296875,17078.95341510327,17335.73433110091
2025-09-18 11:00:00,24397.484608293213,23584.64296875,24293.787424004964,23655.8042552626
2025-09-18 12:00:00,14950.153984765795,15358.55048828125,15001.636707229527,15411.940437280693
2025-09-18 13:00:00,16898.019625001703,17029.08984375,16903.036582201137,17009.933204330424
2025-09-18 14:00:00,13991.8891585295,14488.7572265625,14185.072469655286,14374.25038668923
2025-09-18 15:00:00,17156.52039191639,17055.318359375,17182.079749377383,17050.067848880535
2025-09-18 16:00:00,9209.686333402811,9707.970361328125,9516.52209088951,10151.891973759064
2025-09-18 17:00:00,9606.503635503599,10107.867553710938,10007.05082678008,9387.43552898772
2025-09-18 18:00:00,11406.702506494199,9299.149169921875,9270.291480745163,10413.68460091214
2025-09-18 19:00:00,12459.180209690796,12499.514575195313,12529.729132307151,12517.973655642054
2025-09-18 20:00:00,15646.070905695506,15383.912060546874,14876.612360199055,15447.749147779092
2025-09-18 21:00:00,7602.8455669044,7768.413720703125,7588.541436610157,8204.155326035037
2025-09-18 22:00:00,10723.739882654292,10118.9892578125,9854.800271633627,10025.43926983284
2025-09-18 23:00:00,10003.04891636533,9965.800463867188,9766.534931712358,9647.426828992662
2025-09-19 00:00:00,8749.49950694567,8287.483789062499,7972.771275986894,8094.270500056967
2025-09-19 01:00:00,13704.77555490041,12802.02080078125,11499.167000586978,12425.28251867688
2025-09-19 02:00:00,8739.276131606792,8961.632568359375,8563.294515291886,8751.107280900387
2025-09-19 03:00:00,694.6243726820012,878.8267578124996,830.1916800334857,630.095466983561
2025-09-19 04:00:00,6729.2829435700005,6581.249804687501,6595.852382842779,6717.421241718997
2025-09-19 05:00:00,6893.092616736685,6983.85205078125,6844.529193672464,6780.770529347255
2025-09-19 06:00:00,7525.855418791127,7807.45224609375,7560.219897716687,7532.363850055196
2025-09-19 07:00:00,6699.645552753482,7118.626171874999,7504.45313909431,7094.705803086961
2025-09-19 08:00:00,8559.72336405039,8634.651953125,8713.088705690407,8861.671896687789
2025-09-19 09:00:00,11869.533484050586,11749.924099159241,11998.767860333703,11900.858597184495
2025-09-19 10:00:00,17967.731940982958,17239.43662109375,17066.99510751051,17854.277304067902
2025-09-19 11:00:00,19483.453085850946,19243.7611328125,19413.59942905937,19122.248811390873
2025-09-19 12:00:00,26667.180255160707,26849.628125,26203.237474923757,27026.267226880278
2025-09-19 13:00:00,11035.221914765236,11401.74624633789,11669.108678550003,11891.359673437055
2025-09-19 14:00:00,15888.692103283169,16229.87685546875,16134.508377397015,16300.714801748974
2025-09-19 15:00:00,14292.379560943038,14801.24658203125,14516.982704697235,14515.039692339864
2025-09-19 16:00:00,13324.75449475935,13504.994653320313,13338.421318479775,13336.530127274731
2025-09-19 17:00:00,14720.73817368885,14675.931640625,14700.854443024871,14572.603910622995
2025-09-19 18:00:00,12733.4121174014,12875.1318359375,12671.118345804562,12816.092420640185
2025-09-19 19:00:00,10327.503567172684,10453.611499023438,10370.540358698034,10364.88968278086
2025-09-19 20:00:00,11986.5065728406,11788.932110595702,11951.7349837779,11841.254158424563
2025-09-19 21:00:00,11496.3160711474,11497.588983154297,11468.691089995209,11508.802802362015
2025-09-19 22:00:00,10511.527500651398,10352.445068359375,10446.007515555895,10362.876982653865
2025-09-19 23:00:00,9564.24249760318,9191.572802734376,9345.18373381071,9355.179247557087
2025-09-20 00:00:00,8552.219238034413,8783.549218749999,8387.534425082526,8667.349776937492
2025-09-20 01:00:00,8608.237425438496,8380.370654296876,8189.730423851463,8564.374935202866
2025-09-20 02:00:00,7257.051280736414,7032.115234375,6587.152200525908,7158.848540438226
2025-09-20 03:00:00,6920.55921843049,6998.53671875,6946.094689963654,7045.226174353163
2025-09-20 04:00:00,6556.347503835121,6593.557421875001,6408.646182232913,6513.68729982929
2025-09-20 05:00:00,6225.231040906481,6441.9541015625,6301.9864676400375,6398.647112721311
2025-09-20 06:00:00,6972.000777559884,6891.011328125,7009.795851907739,7125.948233760844
2025-09-20 07:00:00,7639.050625791813,7820.948193359374,8068.013575577665,7585.334100554656
2025-09-20 08:00:00,12260.233716747322,11935.138296508789,11812.350773865677,12085.396721771182
2025-09-20 09:00:00,9570.20837083449,10282.834643554688,10637.15281146098,10040.214197581949
2025-09-20 10:00:00,13133.286405233905,13342.296484375,13868.8814580647,13356.656661513556
2025-09-20 11:00:00,14642.489215270902,14843.283349609375,15109.837763277283,15105.526425569917
2025-09-20 12:00:00,16199.123771065799,16302.7033203125,16241.308240684408,16595.549675404814
2025-09-20 13:00:00,16683.153880912985,16663.02734375,16830.19908095436,16488.002394339688
2025-09-20 14:00:00,16257.160821225692,16525.5765625,16333.532462758998,16364.859159669837
2025-09-20 15:00:00,15821.95183095061,15741.01611328125,15263.517136286533,15494.976694558403
2025-09-20 16:00:00,14684.194662537202,14494.63369140625,14329.707624365168,14671.256000894698
2025-09-20 17:00:00,13338.473086094382,13378.660522460938,13364.660104604252,13450.996914014171
2025-09-20 18:00:00,12974.664459859123,13129.668212890625,13063.883950993979,13349.687018864852
2025-09-20 19:00:00,12445.500742869819,12318.45717163086,12441.684363309369,12426.593519385791
2025-09-20 20:00:00,14704.84142315495,14473.795849609374,14731.420303167022,14435.257513797525
2025-09-20 21:00:00,12242.186131880118,12250.52953491211,12149.236524527028,12245.997737860127
2025-09-20 22:00:00,9118.590533595212,9309.50927734375,9425.529012100456,9488.105034000342
2025-09-20 23:00:00,10648.087713114397,10216.5984375,10366.200101689596,10843.140430131352
2025-09-21 00:00:00,12033.9800389698,11130.558251953124,11044.92478884402,11993.963715920212
2025-09-21 01:00:00,6668.934833597323,6983.203906250001,7444.209594058486,7133.200247310836
2025-09-21 02:00:00,10565.136590386188,10456.749389648438,10431.102405301624,10228.255847113378
2025-09-21 03:00:00,5953.540023217391,6112.7681640625,6072.796775210982,5951.952822257716
2025-09-21 04:00:00,10193.304394108989,10084.559008789063,10158.982221109232,10543.795879243185
2025-09-21 05:00:00,6339.839997947536,6438.46240234375,6328.648622712898,6535.835324814565
2025-09-21 06:00:00,7966.084671402676,7996.810400390625,8116.2949699767905,8406.228368816803
2025-09-21 07:00:00,8066.2541477520535,8204.513623046874,8207.475681700022,8056.910416214379
2025-09-21 08:00:00,16560.955966250658,15982.12314453125,15378.350357212446,16161.732722771983
2025-09-21 09:00:00,9971.654884209496,10727.889575195313,11472.705614158665,10610.061925996863
2025-09-21 10:00:00,15582.826161111274,16060.976171875,15573.455743813127,16232.94118920448
2025-09-21 11:00:00,20494.824710162407,20666.3548828125,20632.855308505576,21093.8304906873
2025-09-21 12:00:00,22202.059578298107,22763.06953125,22158.207782299098,22929.08648662691
2025-09-21 13:00:00,22803.565042728194,23456.1396484375,23391.942504467508,23079.695395923278
2025-09-21 14:00:00,17316.008308859506,18626.69716796875,17396.024377450267,17700.100566510795
2025-09-21 15:00:00,16898.874678364795,17659.78857421875,16731.221556098528,17088.00364524107
2025-09-21 16:00:00,14838.046500264007,14464.118798828125,14724.015262057197,15431.561803631466
2025-09-21 17:00:00,14643.8980762625,14489.9609375,14536.697601605661,14556.4959905647
2025-09-21 18:00:00,12783.04886159637,12584.574951171875,12919.120274132058,12783.084874672697
2025-09-21 19:00:00,11958.324973682527,11996.240451049805,12063.516402377265,12138.574005915909
2025-09-21 20:00:00,14987.648932854205,14733.28291015625,14942.795620070472,14913.671841252455
2025-09-21 21:00:00,10924.978193292869,10843.661462402344,11320.850818460854,11403.7635264413
2025-09-21 22:00:00,10927.328021283218,10680.520263671875,11040.18495156919,10819.227199893716
2025-09-21 23:00:00,9003.360255644107,9670.52421875,9466.826639293753,9128.031886412859
2025-09-22 00:00:00,8634.229216623899,8427.733789062499,8359.828202403445,8268.290014416816
2025-09-22 01:00:00,5872.315442322597,5867.137500000001,6053.18020383198,5333.814876332552
2025-09-22 02:00:00,3387.97249616278,3238.2861328125,3244.7273114136624,3568.811145498772
2025-09-22 03:00:00,5887.360996622438,5663.85068359375,5837.787613481392,5592.20020080448
2025-09-22 04:00:00,7290.256985804288,7017.638964843751,7094.483444868045,6990.844830806382
2025-09-22 05:00:00,9277.353032651183,9083.099853515625,9099.71040540837,8927.205314159914
2025-09-22 06:00:00,7340.387411700611,7883.258642578125,7162.855515665882,7764.06346473222
2025-09-22 07:00:00,10660.171976334004,10298.912915039062,10619.421263350647,10291.684837993014
2025-09-22 08:00:00,14402.685718366794,14035.615087890625,13725.586501433963,14060.400462124628
2025-09-22 09:00:00,13561.799790715904,13312.254321289063,13841.364058232308,13298.409334372896
2025-09-22 10:00:00,14189.547187540496,14438.065283203125,14237.199420327228,14272.422089092577
2025-09-22 11:00:00,16184.3063487696,16370.0306640625,16097.723869485279,16340.392032851965
2025-09-22 12:00:00,17346.889314283788,17339.3361328125,17207.701310773322,17083.116336593288
2025-09-22 13:00:00,16328.430522668918,16196.85693359375,16385.349714753884,16459.434133832045
2025-09-22 14:00:00,15107.7787074194,15250.189111328125,15274.996522802789,14982.640880913812
2025-09-22 15:00:00,14946.48731449712,14856.373291015625,14854.02982090247,15073.423180269607
2025-09-22 16:00:00,17730.35501191616,17267.66396484375,17244.16547719256,17499.703514836696
2025-09-22 17:00:00,8939.114854453423,8931.620849609375,8693.146753067105,9171.328099036888
2025-09-22 18:00:00,15482.2294908021,15486.0029296875,15262.30528355447,15053.600470879408
2025-09-22 19:00:00,12267.846107857582,12296.198809814454,12237.034941088543,12328.156489559835
2025-09-22 20:00:00,14433.531388773215,14285.618359375,14351.211656103764,14256.42866856993
2025-09-22 21:00:00,13094.1861497265,13229.636010742188,13179.085317066401,13190.546479281329
2025-09-22 22:00:00,17772.7520147607,17184.3037109375,17797.516718146595,17628.538985390747
2025-09-22 23:00:00,2162.736240240776,3499.2458984375007,3075.889796618654,3010.0086801916677
2025-09-23 00:00:00,9301.884039613324,8617.408837890624,8226.845986554898,8933.402102222874
2025-09-23 01:00:00,4801.3304467424205,5036.882128906251,4918.112243803461,5178.2151693040405
2025-09-23 02:00:00,7267.4867200712615,6975.34912109375,7188.2474009674215,7018.081348535334
2025-09-23 03:00:00,3851.941224301516,3761.5884765624996,3808.415861504598,4264.559994132865
2025-09-23 04:00:00,6378.623914675194,5738.646777343751,5923.577479316623,5550.130491031907
2025-09-23 05:00:00,7351.324977701224,7030.76318359375,7066.286065799615,7025.338324413898
2025-09-23 06:00:00,9358.27458019318,9487.523291015625,9156.725998931995,9388.634422908402
2025-09-23 07:00:00,13358.181563956907,13227.034497070312,12840.594726303381,13276.889053332474
2025-09-23 08:00:00,9376.3345959317,10537.186743164062,10783.136022312854,10201.738180927712
2025-09-23 09:00:00,12814.01325954928,12678.26414794922,12970.783873796312,13075.415134026758
2025-09-23 10:00:00,13612.68954955512,13233.819189453125,13511.37412719741,13407.858244713156
2025-09-23 11:00:00,14909.559703742221,14761.4681640625,14652.984063480317,14883.005671806513
2025-09-23 12:00:00,15628.2652347691,15353.396923828124,15916.6737324921,15382.227050892241
2025-09-23 13:00:00,15940.142496633867,15966.7138671875,15968.678150046164,15938.455483791053
2025-09-23 14:00:00,15690.08735317761,15563.247216796875,15727.218569816225,15623.351659757293
2025-09-23 15:00:00,14914.544658721294,14728.135986328125,14881.24875492206,14584.32779592021
2025-09-23 16:00:00,13536.978990367827,13611.152612304688,13509.163113157172,13590.310828923102
2025-09-23 17:00:00,13318.755274590876,13398.854125976562,13368.07843350486,13554.60334020996
2025-09-23 18:00:00,13665.526389439983,13716.853149414062,13566.679062792959,13699.0404174494
2025-09-23 19:00:00,13866.847596032825,13958.16533203125,13810.861119469353,14067.193970617842
2025-09-23 20:00:00,14033.240778552889,13990.51728515625,14074.954520686408,13954.233420956876
2025-09-23 21:00:00,13090.443554966501,13244.708520507813,13203.768295991582,13192.69112112639
2025-09-23 22:00:00,11858.297173962317,11903.468063354492,11805.220990384752,11875.138967983405
2025-09-23 23:00:00,13344.957503631293,13032.317919921876,12937.286376164557,12753.64605500098
2025-09-24 00:00:00,8105.767854971396,8246.226464843749,8338.286458476412,8168.997158017826
2025-09-24 01:00:00,2515.3028152019015,2367.5564453125007,2642.3938958020135,2165.4446826753974
2025-09-24 02:00:00,5190.765937744101,5161.015625,5320.861911911579,5289.420857320912
2025-09-24 03:00:00,4954.634418905471,4917.93564453125,5135.212105573552,4945.801310642813
2025-09-24 04:00:00,9778.960383198344,9719.749194335938,9537.227788666487,9149.14017088857
2025-09-24 05:00:00,4443.274991752172,4889.31396484375,4574.683507918329,4875.3007477693745
2025-09-24 06:00:00,8388.176349650521,8378.4546875,8501.793712955174,8511.102339710906
2025-09-24 07:00:00,12256.866414342087,12383.585339355468,11949.856593696331,12328.390660123681
2025-09-24 08:00:00,12159.25246071688,12075.253240966797,12522.327154274319,12428.829565847152
2025-09-24 09:00:00,14712.348349417316,14484.559375,14384.93416146358,14692.008357782915
2025-09-24 10:00:00,15927.34907944888,15868.96982421875,15858.701382996385,15741.890280008342
2025-09-24 11:00:00,15810.92413768003,15921.641015625,15834.906107388479,16010.629027743878
2025-09-24 12:00:00,17033.03989251739,16631.62275390625,16454.45349102008,16453.395252627954
2025-09-24 13:00:00,17243.591214880405,17171.31787109375,17150.620628955505,17059.22541370715
2025-09-24 14:00:00,14218.7445560547,14509.845849609375,14255.951035909837,14306.29469901609
2025-09-24 15:00:00,13909.866054913873,14000.614501953125,14036.986717920925,13979.280939039196
2025-09-24 16:00:00,15526.570581684931,15438.66689453125,15318.20981982005,15396.854124181162
2025-09-24 17:00:00,14526.66375145092,14386.468017578125,14552.411266295905,14179.853688543719
2025-09-24 18:00:00,12089.540576314073,12134.769226074219,12251.735767879909,12259.49804605612
2025-09-24 19:00:00,13721.6082345574,13721.267749023438,13479.094702370037,13964.655243197454
2025-09-24 20:00:00,14231.262498070715,14382.898388671874,14412.380409109111,14338.961925928
2025-09-24 21:00:00,13674.042466580804,13625.338037109375,13605.106030586565,13595.234848855867
2025-09-24 22:00:00,11407.786654457275,11510.007751464844,11377.192673852345,11464.067820175807
2025-09-24 23:00:00,8978.013921090711,9394.3513671875,9039.31126869269,9397.40623300464
2025-09-25 00:00:00,7687.569275188398,7851.3878417968735,7854.959909623776,7919.676650332329
2025-09-25 01:00:00,5648.422328215023,5599.350878906251,5759.395789158835,5628.050107023915
2025-09-25 02:00:00,6361.451115171672,6541.8935546875,6319.204340727918,6460.6909221059
2025-09-25 03:00:00,5842.459903950008,5900.1177734375,5885.771770405694,5880.900447358359
2025-09-25 04:00:00,6205.8990603020975,6170.394335937501,6177.669433731647,6043.6602308757465
2025-09-25 05:00:00,7113.580336209096,7099.537109375,7080.676686281697,7067.3067078864515
2025-09-25 06:00:00,10587.656779960604,10347.161474609375,10515.15344198079,10625.87376623541
2025-09-25 07:00:00,11083.593888572166,11131.82178955078,11341.41517101492,11392.044270913446
2025-09-25 08:00:00,29323.521095791926,25934.4205078125,27344.710762628973,26773.481884144996
2025-09-25 10:00:00,13430.822858673977,14324.075048828125,13951.623129126272,13960.493412804171
2025-09-25 11:00:00,14592.30173826402,14862.7044921875,14739.586882897325,14987.3603671457
2025-09-25 12:00:00,14067.448141230689,14939.006787109374,14792.543829487719,14987.465956367556
2025-09-25 13:00:00,14350.26295881471,14425.7822265625,14470.64902495592,14397.141206515778
2025-09-25 14:00:00,13720.790085731505,13905.206689453125,13730.78445801514,13832.46761207651
2025-09-25 15:00:00,13788.639915944485,14121.8212890625,13959.629826981718,13821.533036816321
2025-09-25 16:00:00,12389.097508430315,12426.15828857422,12603.113364302133,12208.562273494852
2025-09-25 17:00:00,12629.066004164008,12633.529052734375,12791.329484043863,12590.157074713998
2025-09-25 18:00:00,14767.018566454091,14559.811279296875,14480.705514489733,14248.979835887612
2025-09-25 19:00:00,11344.93438568911,11387.938586425782,11663.846434315334,11496.993331396086
2025-09-25 20:00:00,13388.776369811396,13119.124340820312,13129.778146399764,13280.130523959122
2025-09-25 21:00:00,12457.601404341602,12323.001031494141,12228.048437070016,12299.56071918826
2025-09-25 22:00:00,11210.269434820497,11053.574645996094,11248.828122025523,11017.394708432246
2025-09-25 23:00:00,10305.164136990195,10056.855029296876,10155.804305139707,10294.61061947097
2025-09-26 00:00:00,8757.234360661176,8821.139306640624,8745.255755573266,8321.912052025607
2025-09-26 01:00:00,7620.101222990652,7839.434130859376,7972.1786596735055,7733.61350081986
2025-09-26 02:00:00,8741.084855830471,8649.17724609375,8667.668271231089,8642.330952695555
2025-09-26 03:00:00,4691.454025669393,4934.23642578125,4912.825557473137,5012.693270396205
2025-09-26 04:00:00,7712.465059698694,7481.087451171876,8010.52319002706,6201.503768611167
2025-09-26 05:00:00,8655.662685911026,8408.876953125,8579.39271235234,8578.119826403934
2025-09-26 06:00:00,10009.401548255502,10049.952612304687,10049.475763236142,9873.556096943743
2025-09-26 07:00:00,11806.959402053075,12289.174755859374,12073.296829301513,11854.30187464204
2025-09-26 08:00:00,12486.824730545492,12670.804907226562,12683.790667382455,12900.646656230276
2025-09-26 09:00:00,15382.66174669324,15281.38115234375,15408.20700548534,15102.184358397179
2025-09-26 10:00:00,12581.692307458265,13244.569555664062,13146.212083284388,12661.387917170663
2025-09-26 11:00:00,14954.292693448218,14144.511865234375,14288.941349693227,14073.879947294517
2025-09-26 12:00:00,13907.943132992772,13742.809399414062,13845.87535081747,13602.05993545523
2025-09-26 13:00:00,14381.283115814003,14415.85107421875,14620.962775638567,13029.125050319812
2025-09-26 14:00:00,15703.111291423129,15661.834375,15832.483359598238,15508.976915038176
2025-09-26 15:00:00,13870.101947528296,14020.359619140625,14005.956138122077,13963.852461131126
2025-09-26 16:00:00,14361.128352329217,14175.409814453125,14217.043372887054,14274.0655188632
2025-09-26 17:00:00,14057.168574993208,13963.430908203125,13963.040550718857,13966.688575143713
2025-09-26 18:00:00,20518.871489303972,21096.4951171875,20762.706421485604,21078.403855542958
2025-09-26 19:00:00,7594.405848414903,8024.192919921876,7945.039584415632,7905.001300227041
2025-09-26 20:00:00,14132.252511874885,14006.4181640625,14058.55675723824,13953.236833571093
2025-09-26 21:00:00,13167.4147192021,13188.716333007813,13108.77937750121,13074.345465624094
2025-09-26 22:00:00,13421.700447336509,13259.64306640625,13446.557419641069,13488.36054837556
2025-09-26 23:00:00,14913.940089730404,14719.504931640626,14942.775223668237,14701.436258897902
2025-09-27 00:00:00,9381.667662855609,10410.998193359374,10236.19784736141,9332.652414997916
2025-09-27 01:00:00,5175.030402264896,5677.321582031251,6793.973821374381,5769.36780714627
2025-09-27 02:00:00,7334.048269678882,7287.3505859375,7264.949203071297,7285.591576543987
2025-09-27 03:00:00,6756.423050580232,6692.70126953125,6849.113132234116,6896.434655079503
2025-09-27 04:00:00,8421.265765158478,8577.157275390626,8363.333504154349,8285.793159760942
2025-09-27 05:00:00,7035.685447604803,7175.580078125,7046.635902242566,7183.443828124773
2025-09-27 06:00:00,4289.505715771933,4479.89755859375,4343.464563815803,4532.096455795411
2025-09-27 07:00:00,7293.138462419662,7273.429394531249,7410.833893588194,7215.9293271846545
2025-09-27 08:00:00,10877.677162798826,10584.85751953125,10199.491055457742,10159.063205165556
2025-09-27 09:00:00,16411.173932278576,15740.053759765626,14268.098569661708,16052.067343153109
2025-09-27 10:00:00,17207.002565092414,17227.62607421875,17024.12796159483,17016.66219914912
2025-09-27 11:00:00,17671.71990557269,17695.3001953125,17721.965529639114,17615.5979567709
2025-09-27 12:00:00,19967.58932236541,20492.534375,20362.307569406545,20519.06655255058
2025-09-27 13:00:00,18555.41889954271,18613.6533203125,18831.64669088921,19097.176975773713
2025-09-27 14:00:00,17802.010781862984,17095.021875,17617.335562185006,17647.178331585073
2025-09-27 15:00:00,16921.0615629269,16429.0712890625,16950.002726928768,17031.27633787479
2025-09-27 16:00:00,16268.649676544295,15782.17080078125,16001.553738089988,16013.611506362286
2025-09-27 17:00:00,12060.995808770109,11825.587777197361,12105.671447897214,12375.774340649568
2025-09-27 18:00:00,13951.927989098593,14156.22314453125,13965.234314475743,14022.102406893688
2025-09-27 19:00:00,19572.78521314869,18857.88310546875,19382.304108970064,18969.13703996101
2025-09-27 20:00:00,4894.0693019179125,4655.597363281249,5225.456237386989,4489.366241174172
2025-09-27 21:00:00,11152.07186669342,11023.22469482422,11021.209775206928,11190.928715951504
2025-09-27 22:00:00,10504.884159961875,10174.28466796875,10353.27873700997,10584.470269859969
2025-09-27 23:00:00,10069.9395903812,9511.4333984375,9551.866653613333,9487.370185742668
2025-09-28 00:00:00,7623.3695957484815,7634.3910156249985,7806.050429435081,7887.998961941194
2025-09-28 01:00:00,6615.018499038593,6593.974414062501,6628.420666979556,6725.5878053865235
2025-09-28 02:00:00,5462.208837511629,5157.50341796875,5414.180980008471,5593.774927346842
2025-09-28 03:00:00,8667.446652770295,7832.868017578125,8423.43502969854,8216.476807895075
2025-09-28 04:00:00,4718.482807094308,4772.955371093751,4842.979547338716,4894.894130858109
2025-09-28 05:00:00,4788.147964850417,4800.33349609375,4906.048208285306,4931.327399246449
2025-09-28 06:00:00,5860.973284086684,5845.85068359375,5821.27643886639,5648.150376650443
2025-09-28 07:00:00,6321.761941037705,6257.616406249999,6323.240167421936,6389.228607912754
2025-09-28 08:00:00,8405.917885926878,8475.963720703125,8390.387872560583,8640.07478925419
2025-09-28 09:00:00,11291.4900684333,10197.806689453126,8765.280241226194,11327.86612458417
2025-09-28 10:00:00,20829.613256783057,20151.878515625,20510.097488570682,20129.894951883958
2025-09-28 11:00:00,12849.787573962147,13321.582788085938,13219.674893297215,13471.556217553729
2025-09-28 12:00:00,19413.809481270186,19332.141796875,19397.23435442565,19580.965219416295
2025-09-28 13:00:00,18770.397243483923,18103.67919921875,18081.27928921436,18507.553243138667
2025-09-28 14:00:00,18409.605974206577,18232.61171875,16748.0814548074,18149.04069355475
2025-09-28 15:00:00,16029.541965067823,16073.30078125,16066.017802139693,16389.349250604188
2025-09-28 16:00:00,18295.516568210696,17827.23720703125,17828.84469995519,18444.284931877555
2025-09-28 17:00:00,10700.196212059702,10695.383422851562,10937.912171845615,11201.151488560761
2025-09-28 18:00:00,13185.912576830699,13504.890258789062,13245.116351360804,13255.210847073035
2025-09-28 19:00:00,13284.881997851993,13424.267626953126,13359.159318406912,13396.635926972684
2025-09-28 20:00:00,14970.075762043223,14712.555859375,14971.38604128967,14719.833615533138
2025-09-28 21:00:00,11923.551500044889,11902.59861907959,11866.445888054257,12415.139628175906
2025-09-28 22:00:00,11003.213505257867,10969.53125,11319.835764693455,10953.726661756376
2025-09-28 23:00:00,9170.296415791734,9476.2,9694.327409381269,9373.796963703146
2025-09-29 00:00:00,6510.779897343185,6620.4574218749985,7290.734707178916,6761.117539551831
2025-09-29 01:00:00,6173.010733817329,6160.006152343751,6207.411900417035,6127.933246127835
2025-09-29 02:00:00,5764.606853130681,5742.72216796875,5787.215959662111,5891.433719413411
2025-09-29 03:00:00,5876.986312284095,6093.22177734375,6064.20441310684,6107.2489885651175
2025-09-29 04:00:00,5425.551539596974,5323.613574218751,5430.11887487977,5166.505266755498
2025-09-29 05:00:00,7167.682923748536,7017.126953125,7245.760034439413,7054.414279272137
2025-09-29 06:00:00,12020.410936782084,11552.377905273437,11738.998310553952,11643.146437232826
2025-09-29 07:00:00,9391.6323451803,10167.6662109375,10161.700215452627,9869.94315092018
2025-09-29 08:00:00,12431.990368385106,12589.354711914062,12604.316375293209,12375.335805914558
2025-09-29 09:00:00,12642.800159030001,12622.474230957032,12665.843087799283,12067.389173219426
2025-09-29 10:00:00,16292.952510793102,16150.86875,16196.231256976182,16004.994455450791
2025-09-29 11:00:00,22376.852946948093,22467.53359375,22409.328546599816,22637.54724306339
2025-09-29 12:00:00,8412.8788707616,9048.22333984375,8507.343040809914,8313.640236639676
2025-09-29 13:00:00,17446.631251391096,17444.75146484375,17407.45095296798,17497.69097146674
2025-09-29 14:00:00,14147.132022385102,14417.14150390625,14090.821580170697,14278.729182131245
2025-09-29 15:00:00,14394.141247554406,14617.646728515625,14460.063313440227,14377.908450478237
2025-09-29 16:00:00,15688.415506313695,15401.699365234375,15584.388107732046,15560.611448170555
2025-09-29 17:00:00,12678.31088032441,12847.155151367188,12710.384658328532,12472.479771114746
2025-09-29 18:00:00,11295.532999134593,11646.764175415039,11607.657650795474,11555.252894820931
2025-09-29 19:00:00,13138.127716207706,13030.630908203126,12982.574113238168,13005.765479616064
2025-09-29 20:00:00,12616.914673299292,12832.081372070312,12733.069977013633,12791.610255459846
2025-09-29 23:00:00,10626.873551694694,10465.8328125,10462.517012306944,10437.354603738762
2025-09-30 00:00:00,7796.4478761352,8131.9471679687485,8126.756436277836,8064.666912004191
2025-09-30 01:00:00,6320.303738761391,6644.926074218751,6658.681643966731,6181.504762669817
2025-09-30 02:00:00,3802.7019756890077,4886.53076171875,4783.007895278451,4305.874557577794
2025-09-30 03:00:00,6930.887355516597,6738.23740234375,6789.063581305733,6727.874673263338
2025-09-30 04:00:00,7405.652968563231,7129.748583984376,7427.739746715555,6829.022076527708
2025-09-30 05:00:00,7886.431642169075,7604.830078125,7818.143744150309,7591.160313882005
2025-09-30 06:00:00,9684.61624805269,9836.31259765625,9594.078407704617,10146.223102658903
2025-09-30 07:00:00,11438.282260253774,11550.237225341796,11504.844925085,11716.657952532803
2025-09-30 08:00:00,15404.753678789659,14884.148779296875,14806.625104260365,15141.725244252873
2025-09-30 09:00:00,23656.619798973177,24025.5466796875,23776.557046408274,24355.916104821594
2025-09-30 10:00:00,6104.192940942003,7686.72861328125,7822.643100543195,5822.368820259239
2025-09-30 11:00:00,17493.382314477298,17284.12734375,17580.715406064635,17496.12546683693
2025-09-30 12:00:00,20024.95931581588,19913.24287109375,19834.693507616408,19780.954405468972
2025-09-30 13:00:00,6859.180327067821,6337.74462890625,7274.65249038957,6155.561938677385
2025-09-30 14:00:00,15129.058304535001,15128.92275390625,15120.291348608458,15244.66301305696
2025-09-30 15:00:00,14161.21581042507,14071.697265625,14200.620327330296,14176.737156422894
2025-09-30 16:00:00,12810.470568482526,12686.055871582032,12830.128996453614,12779.250878199617
2025-09-30 17:00:00,13414.255563528117,13246.780395507812,13318.723834625347,13330.953292926994
2025-09-30 18:00:00,14302.319330628758,14332.26220703125,14325.250910697101,14307.42672696304
2025-09-30 19:00:00,13211.730393575523,13343.89775390625,13263.841684029656,13287.735647710679
2025-09-30 20:00:00,13445.4646432618,13465.005810546874,13406.548992692442,13453.953303983504
2025-09-30 21:00:00,12678.717539665895,12675.248193359375,12690.798524754595,12643.521838737104
2025-09-30 22:00:00,11935.645017567382,11930.301414489746,11867.058864740626,11797.271612656763
2025-09-30 23:00:00,11961.272504569108,11675.218157958985,11654.81957447907,11573.78719117597
