timestamp,demanda_real_m3,pred_xgboost_v3.0_(actual)_m3,pred_randomforest_m3,pred_lightgbm_m3
2025-06-26 20:00:00,10973.19073615602,12509.862820681084,12412.892542092908,12548.652299042633
2025-06-26 21:00:00,11721.356201501698,12411.708842624652,12223.91319183864,12662.470997695034
2025-06-26 22:00:00,10536.091400811994,11505.311577317714,11490.943330544309,11043.473850508444
2025-06-26 23:00:00,9021.97232328231,9219.410724409998,9121.16650490744,8863.277571798448
2025-06-27 00:00:00,8569.577365193796,9514.020814787644,8641.02024105592,9096.391299801517
2025-06-27 01:00:00,8183.580897610096,8535.840429684344,8461.032829512777,8801.058818310472
2025-06-27 02:00:00,7257.668205142298,7986.445018352704,7773.116854126224,7898.531895750145
2025-06-27 03:00:00,7411.876983358603,7373.980137598117,6841.366250126501,6627.098501654202
2025-06-27 04:00:00,6861.418387403406,7250.578703570767,6700.449105360941,6620.5061861188315
2025-06-27 05:00:00,8546.060880402896,7856.930976597071,7603.342542141555,6954.993761095366
2025-06-27 06:00:00,9272.920273434025,9908.147756531536,10657.11040080662,9609.133432220638
2025-06-27 07:00:00,11141.329151320268,10204.331261541309,10129.298272254691,10407.563840186547
2025-06-27 08:00:00,12043.916421824211,13593.581295887943,13573.89471867918,12580.24033286027
2025-06-27 09:00:00,14126.205264925,15395.014060737687,15531.227217208561,14294.376965286578
2025-06-27 10:00:00,22873.340323304998,16586.99700942512,15840.284169438874,16909.01791554886
2025-06-27 11:00:00,15643.752022164792,19090.65062626216,17873.129133090537,18230.609757671325
2025-06-27 12:00:00,10980.7475209136,18586.6105074338,18175.582008552745,18900.606710911008
2025-06-27 13:00:00,15351.526492908797,19011.90577717257,18433.64934580307,18648.04818780494
2025-06-27 16:00:00,13611.35672641221,13951.331981117046,13741.805870337801,13574.203810111278
2025-06-27 17:00:00,13215.61750491001,13197.159530986342,13259.315260583697,12974.233914030936
2025-06-27 18:00:00,12171.90154919372,12648.797280590783,13214.871860821459,12278.028963541867
2025-06-27 19:00:00,12673.270514943873,12635.47231611009,13084.25298042687,12425.957027324594
2025-06-27 20:00:00,23808.28278970009,14242.637408719958,15722.355550235912,13371.019312032833
2025-06-27 22:00:00,10320.203648169707,11613.206578509522,11107.631215560656,11105.51554172855
2025-06-27 23:00:00,9280.24769833938,9693.853319804726,9530.919521886884,9744.944172195286
2025-06-28 00:00:00,8960.49617927014,8792.371010355524,8553.172611840275,8718.08144952142
2025-06-28 01:00:00,8551.972532045082,8266.927324651275,8058.205566828593,8078.863977042719
2025-06-28 02:00:00,6891.127839807596,7988.058447681355,8029.770783735274,7717.174991926482
2025-06-28 03:00:00,7230.167979709198,7201.234955662413,6816.752523366047,7253.355555660686
2025-06-28 04:00:00,6907.646136215801,7077.034555697378,6500.569317157546,6378.495009913773
2025-06-28 05:00:00,6773.2079790178905,7390.253731378209,6809.234306959823,6730.132811907899
2025-06-28 06:00:00,8065.375506454602,7728.080746595872,7150.484617294758,7776.627300756585
2025-06-28 07:00:00,9967.276966819813,8214.371191184677,7558.248939206719,7992.882705679502
2025-06-28 08:00:00,7452.816770338995,10308.433810000024,10738.474679940593,9953.025115365483
2025-06-28 09:00:00,15205.499425596488,12000.019901695186,12079.095062417271,11675.868370498469
2025-06-28 10:00:00,12922.668822839994,14152.1192677753,14296.30766319249,13991.599830420155
2025-06-28 11:00:00,18304.86261703191,16004.049267037044,14400.802444935856,15000.089384094084
2025-06-28 12:00:00,18098.59925544231,17378.13700060539,18388.14063396387,17553.68461247637
2025-06-28 13:00:00,17831.0429048528,18299.20576189678,19029.92457615616,18441.230225368912
2025-06-28 14:00:00,17373.66160073961,17810.878637616956,17227.205033735154,16788.26070520457
2025-06-28 15:00:00,16270.192778044784,15591.420425583625,15954.576806121335,15379.351899454767
2025-06-28 16:00:00,15072.1265424812,13852.640408728013,14444.59101288185,13692.34117801608
2025-06-28 17:00:00,15047.4426157643,13113.925390209839,13321.515649571707,12646.28358265047
2025-06-28 18:00:00,14061.166815302906,12651.50071822126,12903.238192573948,12237.971345478853
2025-06-28 19:00:00,7963.991423844189,12263.857533352406,12428.952140581343,11614.766043883381
2025-06-28 20:00:00,11584.785934695601,11908.85771115437,12187.63387512748,11553.233737095401
2025-06-28 21:00:00,11192.084136164882,11605.733553141568,12321.553216126033,11332.164402377926
2025-06-28 22:00:00,11512.763005409819,10840.2865769461,11637.792685030749,10891.483052626576
2025-06-28 23:00:00,11886.604356772406,9632.286237643071,9706.797133507303,9692.761096505019
2025-06-29 00:00:00,10906.334158741975,9476.32166536459,9011.014978393245,9241.622395141887
2025-06-29 01:00:00,5778.335672690722,8754.781940704617,7714.337304643133,7894.275221131629
2025-06-29 02:00:00,6209.219001641701,7548.664508029275,6769.470405922201,6661.502686705976
2025-06-29 03:00:00,7835.205465742305,7581.973419187529,6759.471022035504,6806.746251213345
2025-06-29 04:00:00,6893.391799412202,7561.077710350625,6642.604641862473,6543.526514827086
2025-06-29 05:00:00,6623.276739829591,7688.064345159646,6758.7803129023605,6927.999647285279
2025-06-29 06:00:00,7180.466185276502,8000.245424954841,7403.506283308209,7892.706071542691
2025-06-29 07:00:00,7871.661374904779,8345.680868002564,7960.486492666892,8466.182327794068
2025-06-29 08:00:00,8900.912318909239,9574.69709754766,8864.957098999072,9411.271074138696
2025-06-29 09:00:00,12465.353126496677,11720.033126435837,12358.784553814867,11520.438894261933
2025-06-29 10:00:00,15784.14636865371,14298.403771327668,15284.300159231712,15099.181642471462
2025-06-29 11:00:00,17178.507931567096,15813.530414928728,17012.104486556964,17169.015342371415
2025-06-29 12:00:00,18476.108660261507,17855.08138402196,19404.776501738677,18452.018882342873
2025-06-29 13:00:00,19468.13721786199,18038.33956503915,19369.969259719735,18559.55729021287
2025-06-29 14:00:00,16656.504195057107,17575.271772842905,17356.22369782286,17205.201907603445
2025-06-29 15:00:00,16192.391076225493,16012.127536619462,16359.859018260217,16026.261082130251
2025-06-29 16:00:00,14696.89290008998,13701.41207399989,14414.007524169432,14065.25355939184
2025-06-29 17:00:00,13361.20874729742,12838.767728199398,13372.058187709563,12842.252122967524
2025-06-29 18:00:00,12565.75635794763,12363.996345295542,12475.550248509817,11696.388121310536
2025-06-29 19:00:00,22449.997437214075,12528.319976351188,12529.096340646352,12528.952992464672
2025-06-29 20:00:00,4777.265822446925,11932.859291120616,12112.054860689128,11436.184490844618
2025-06-29 21:00:00,12677.533555098973,11296.77870180521,11855.307172958812,11046.504203147779
2025-06-29 22:00:00,4606.882878895798,10404.02138631092,10686.415883084377,10099.540118189714
2025-06-29 23:00:00,8486.532207459104,9057.045865541037,8702.069534976226,8505.11163784519
2025-06-30 00:00:00,8020.341414308106,8005.129664792346,6635.311417268092,8131.015971822073
2025-06-30 01:00:00,7174.004255203021,8077.834462052066,6338.0087626909735,7991.576164820359
2025-06-30 02:00:00,6532.878126934054,8074.035770831208,6493.9386407408965,7962.8716745994225
2025-06-30 03:00:00,7595.645283937911,8042.223089170473,6713.85524918897,8276.63763243574
2025-06-30 04:00:00,6768.265545146132,7639.685133711799,6784.397537090264,7727.386795677037
2025-06-30 05:00:00,6271.035939324669,7701.487209632147,6533.029975461459,7449.4279300320995
2025-06-30 06:00:00,8978.149096126512,8985.700979418594,9304.386262491455,8960.04773705032
2025-06-30 07:00:00,13625.659658200206,10540.058936990485,9994.735871256997,10483.967520586226
2025-06-30 08:00:00,12044.790615609603,11660.873285734762,11815.648410837986,11022.854661861451
2025-06-30 09:00:00,12424.301716492995,12434.788019599624,12838.973509682026,11716.685437447977
2025-06-30 10:00:00,16492.237053884273,14817.507495379177,15928.503713068987,15043.370839825555
2025-06-30 11:00:00,17213.31915336653,16096.36717554898,17732.905130131323,16377.811720490527
2025-06-30 12:00:00,18609.19184550286,15661.643272698757,17092.964702874815,15562.413899841971
2025-06-30 13:00:00,18201.707385448924,16523.5409898636,16791.107886256363,16131.33894309685
2025-06-30 14:00:00,19018.524128733905,14310.175220347013,13614.666705851738,14775.717639062837
2025-06-30 15:00:00,16600.7547269061,15095.463867139675,14401.693509851386,14835.164175208261
2025-06-30 16:00:00,17182.787290651904,14079.665671669689,13991.453457371466,13879.396374972202
2025-06-30 17:00:00,12944.1194030101,13589.440908450477,13533.248192291763,13488.446967515141
2025-06-30 18:00:00,12077.34320826452,12490.261151413395,12800.482780729926,12715.686395332888
2025-06-30 19:00:00,13574.08813717867,12601.430657975285,12744.33268341489,12932.27607624402
2025-06-30 20:00:00,14571.418089607285,12679.235848852984,12420.538387348184,13002.918024199933
2025-06-30 21:00:00,12289.039123215716,12357.26605578289,11892.742706758585,12926.819692612977
2025-06-30 22:00:00,10521.950044655103,10972.0135122714,11318.104371121082,11420.816471415328
2025-06-30 23:00:00,9441.191077802485,9382.63779836074,8857.310741287856,9421.420295135344
2025-07-01 00:00:00,7618.754398094217,8389.071207884272,9489.621297556088,8151.87287564074
2025-07-01 01:00:00,7296.983797640394,8328.635215578775,9389.475358921893,8656.572126283561
2025-07-01 02:00:00,6745.580214755886,7903.798050453708,6984.415971895629,8033.736126270936
2025-07-01 03:00:00,6698.694517150527,6531.512132489974,5650.51700418535,6849.745241612739
2025-07-01 04:00:00,6147.736930165498,7206.627325312039,6061.273518419348,6793.676070734729
2025-07-01 05:00:00,6567.873232995094,7034.9198837185495,5955.092348896326,6844.290910219764
2025-07-01 06:00:00,8167.116140665679,9700.464032142452,9245.408047734974,9131.244032822078
2025-07-01 07:00:00,8951.868479975918,10789.642606951618,9801.175540303535,10472.283648921208
2025-07-01 08:00:00,11640.231958559296,11498.215036354612,12069.726253784796,11100.622633484043
2025-07-01 09:00:00,14695.411287345709,13985.401447555654,14077.606261712825,14751.704349527476
2025-07-01 10:00:00,14995.186487350606,14929.613903904688,15512.78358173214,15284.399305010349
2025-07-01 11:00:00,16941.696443546498,16044.09670495951,17487.886168720095,15603.402962340131
2025-07-01 12:00:00,17593.238369366398,15479.852354243149,16528.520390224825,15861.181861075753
2025-07-01 13:00:00,16945.597904124003,16644.48673102715,16750.19242232411,17004.122931255835
2025-07-01 14:00:00,16908.3993696977,14643.091769610442,14129.488550165575,14290.467503608805
2025-07-01 15:00:00,15690.4404287364,14972.729111350889,14758.140218058357,14884.270509969683
2025-07-01 16:00:00,14693.932874813589,13727.505027256053,14248.683492921042,14018.33182897503
2025-07-01 17:00:00,13664.439280071103,13512.740963303582,12668.615680966604,13462.126268119366
2025-07-01 18:00:00,13236.6559922934,13044.996358874323,12423.946959929606,12989.59319527388
2025-07-01 19:00:00,14439.138631671889,12904.285406366627,12232.71781927166,13659.673278251597
2025-07-01 20:00:00,14650.901754440614,13512.681719712235,12080.28055038742,13886.388385732338
2025-07-01 21:00:00,12489.8335724003,12763.4658660935,11551.499734886702,13739.09527185743
2025-07-01 22:00:00,10932.689219539105,11471.410801679569,11749.744296178455,11961.809693152443
2025-07-01 23:00:00,10283.3667038066,10151.409435497297,8844.121456581008,10539.339700293342
2025-07-02 00:00:00,8715.365088468276,11057.798396896056,10888.861709638646,11234.128952290992
2025-07-02 01:00:00,7129.632076026828,8557.587079286373,9950.112633232351,8586.910237940072
2025-07-02 02:00:00,8117.864303027891,9819.111960181544,10926.739209467436,9660.088527858978
2025-07-02 03:00:00,3417.0023491076045,7287.53276013538,7112.313338705566,7433.772917242591
2025-07-02 04:00:00,6178.240397476315,6662.054402856828,6217.207022963968,6782.823483855426
2025-07-02 05:00:00,6637.89906499521,7104.387927188452,6667.190176743125,7927.193532466861
2025-07-02 06:00:00,9749.11874200097,10290.859714476244,9922.709242719317,10183.1741026673
2025-07-02 07:00:00,13851.811423376199,11363.028123206568,10308.969428257584,11418.311341907933
2025-07-02 08:00:00,15800.99775002951,13119.648140382455,15326.36996312131,12853.425809122717
2025-07-02 09:00:00,5088.142973983286,14829.28585668829,16659.424629771598,14560.456749504245
2025-07-02 10:00:00,18362.833894624207,15513.666694526917,15894.168603742259,14698.207855469
2025-07-02 11:00:00,17882.387869507387,15797.43316547086,15577.315628126617,15416.999236250493
2025-07-02 12:00:00,17625.00396352792,16634.30551938878,15900.076859276924,17000.7143303625
2025-07-02 13:00:00,17726.807813145188,16778.481687116015,16213.151752567535,17539.14629571025
2025-07-02 14:00:00,15114.430641334508,14834.639107995818,14935.093350594312,14729.221061547269
2025-07-02 15:00:00,14942.725987802096,14845.516385287057,15197.122875057965,15501.298722462627
2025-07-02 16:00:00,11862.420443864117,13591.326041834458,14084.946111378347,13430.12304213467
2025-07-02 17:00:00,12157.666498271381,13281.56535442491,13215.237062684235,12873.047321930826
2025-07-02 18:00:00,13378.699495585508,13320.069784941223,12717.652370976844,13299.796441817372
2025-07-02 19:00:00,13453.367964444002,13367.78499576334,12086.089580695907,13439.467866535873
2025-07-02 20:00:00,12026.632683729496,12632.008312056425,10954.768748341166,12752.016316510762
2025-07-02 21:00:00,12883.794345337814,12901.738595095629,11247.347383578068,12538.419745631843
2025-07-02 22:00:00,11505.908210208909,11552.629799385231,11495.99077608688,11712.915528304715
2025-07-02 23:00:00,10276.973052585972,9428.30937233552,8910.78536904358,8854.653765873252
2025-07-03 00:00:00,7318.772176471208,8231.271656143523,8952.72763129033,7885.155813199766
2025-07-03 01:00:00,6928.358610985815,8077.1987078027905,8820.345434521285,8226.239157696238
2025-07-03 02:00:00,6166.823858546486,7780.619509599578,7801.432765133017,8055.510280589993
2025-07-03 03:00:00,6979.215341634093,8143.101915095336,7707.149817378401,8018.606094092531
2025-07-03 04:00:00,5482.111710459503,6930.006869889055,6476.5422554771285,6771.040771788295
2025-07-03 05:00:00,6497.744937299307,7154.720757839406,6712.443528722406,7042.266647053698
2025-07-03 06:00:00,9033.769234578085,9762.643417054973,9503.055854058879,9451.3268717369
2025-07-03 07:00:00,9048.251359037804,10672.320205675293,9666.920849199805,10390.944353550713
2025-07-03 09:00:00,12554.172703018998,20053.33968371989,17890.408450082978,21024.18874053577
2025-07-03 10:00:00,14345.935192949997,19643.695451159583,21040.13484004855,22094.36931434283
2025-07-03 11:00:00,13934.25966565,20958.529815353482,20602.869842619148,23228.185468176303
2025-07-03 12:00:00,13420.295092245997,20645.925256168855,20880.557812903964,24188.181716380226
2025-07-03 13:00:00,13700.012792650003,20134.831403076314,20517.037406837826,23457.31448425378
2025-07-03 14:00:00,13403.774079073995,18751.746672031695,20110.484491773397,20621.076964266067
2025-07-03 15:00:00,13127.080792250003,17661.36981720697,19018.337860193067,19817.8494752879
2025-07-03 16:00:00,12556.792069,19437.827332470937,19317.565110562482,19640.2528129189
2025-07-03 17:00:00,12167.748350100002,17955.994010246486,21115.9510628954,18877.090992939353
2025-07-03 19:00:00,11720.901373484503,15724.47655989592,16678.695381626618,17683.533541136523
2025-07-03 20:00:00,13277.391539919705,15510.397542279745,16384.995029566315,15823.817232156905
2025-07-03 21:00:00,9837.4189990786,14554.926978447505,16452.90121908635,15996.792730689807
2025-07-03 22:00:00,11863.727104382204,12110.165452426963,11399.374786485994,15122.294668412662
2025-07-03 23:00:00,11347.364615894689,10610.958944433547,8940.62825293991,12138.44708679991
2025-07-04 00:00:00,9533.484269823002,12022.93966288662,15943.216112280212,13199.68886137965
2025-07-04 01:00:00,8923.471008097004,11794.890567408866,15496.399526738198,12439.28759076033
2025-07-04 02:00:00,8224.535277907598,13156.735632975011,15582.79901158952,12178.634713355874
2025-07-04 03:00:00,8335.406063300396,15449.928304902507,15404.805847306729,15742.350292127841
2025-07-04 04:00:00,10020.042650053903,16370.472397837635,15507.863894607674,16903.48846476956
2025-07-04 05:00:00,13473.928512906205,17938.288138210995,16089.853166135372,19502.515342502455
2025-07-04 06:00:00,9819.1386126783,17913.129903512705,18135.638331953174,20002.83893408478
2025-07-04 07:00:00,11202.589282339697,16590.875213473766,17942.6955253375,15719.843547133061
2025-07-04 08:00:00,12278.269345442593,16355.349399996594,18630.085899683367,16642.677683260506
2025-07-04 09:00:00,12040.492511170003,18365.49781752939,17942.896081855175,18598.18097209809
2025-07-04 10:00:00,14156.839763673306,18853.863708255376,17931.453119710754,19422.851828854684
2025-07-04 11:00:00,22374.7693591462,20420.219310256427,17685.468550267913,20833.266973121466
2025-07-04 12:00:00,5681.402347145999,20442.842349843533,18298.65620251024,22323.587055958968
2025-07-04 14:00:00,20667.650179171196,14642.936898877648,11830.945466227833,14358.024796549511
2025-07-04 15:00:00,11740.733341987998,14150.101819181713,12686.13261684675,14309.983019901694
2025-07-04 16:00:00,13153.006248214995,13969.516164393324,12806.626115591636,13694.690741156908
2025-07-04 17:00:00,12314.491871802904,12661.148937054437,14074.705257320873,13172.038689952102
2025-07-04 18:00:00,13320.910389934103,13086.420111622036,14738.311707919755,13279.537336052503
2025-07-04 19:00:00,12110.030127431895,13018.904828655963,14436.035756075267,13545.136254683039
2025-07-04 20:00:00,11833.212445331103,12946.256299285813,14362.645759207227,13071.231706378325
2025-07-04 21:00:00,7963.149365143403,13041.30640126689,14262.37721870102,12835.676049315272
2025-07-04 22:00:00,11507.031299447182,12271.955608682398,13024.989451866215,12270.317544008458
2025-07-04 23:00:00,9236.785789307944,10190.648609704736,9664.45659044367,10218.02998479779
2025-07-05 00:00:00,9299.379756069877,8591.781398903353,8979.222998405648,8290.260561929668
2025-07-05 01:00:00,9420.577417635403,8078.304806706559,9314.704781428554,8158.975797172214
2025-07-05 02:00:00,12576.220326075112,8380.521906612972,9115.368964585346,8397.021736497847
2025-07-05 03:00:00,7891.647923137678,7825.227679029013,9088.767053199826,7725.854258052703
2025-07-05 04:00:00,15322.6213697052,7943.241411611653,9359.445313939215,7621.454258052703
2025-07-05 06:00:00,24071.18478147421,10814.028582002898,11449.498102020907,11671.26456790844
2025-07-05 08:00:00,11450.331961252978,10603.416295581295,9674.269701934732,10559.941590882336
2025-07-05 09:00:00,13199.902380610514,12914.747880538062,12551.441249773019,13047.486012934909
2025-07-05 10:00:00,14418.178010366093,15030.767420036758,14305.854637279914,15595.972410754714
2025-07-05 11:00:00,19467.380660465795,17645.12079559699,16927.841213119875,17659.133294313437
2025-07-05 12:00:00,14603.719053593097,18167.542252956337,17849.20117999403,18045.727125989528
2025-07-05 13:00:00,17964.288365396304,17943.977696207185,17931.012294086955,18380.87082923549
2025-07-05 14:00:00,16157.424188160108,17486.82401031589,17660.17121317927,17400.77487420709
2025-07-05 15:00:00,16041.671127781792,15946.046249792353,15579.87144776625,16286.258714733343
2025-07-05 16:00:00,15067.594700643327,14156.78928991575,14449.69467164702,13972.135510299446
2025-07-05 17:00:00,13231.879341872973,13181.349311145363,13471.794243385662,13076.875381511505
2025-07-05 18:00:00,12833.159146412629,13154.756980743057,13264.544935493213,13065.631176392402
2025-07-05 19:00:00,12374.821528834396,12887.645352188492,12725.234594689146,12653.937709727812
2025-07-05 20:00:00,12173.690150866203,12765.506626149941,12663.106628102045,12410.901357241995
2025-07-05 21:00:00,11385.704287747958,12785.914281954114,12754.649925418775,12525.892501362094
2025-07-05 22:00:00,10953.563759190925,11801.735643530046,10502.812860821476,11762.521799616323
2025-07-05 23:00:00,13603.743009683496,10170.91252231183,9570.332509596621,9958.261756803135
2025-07-06 00:00:00,6987.343142194895,8421.700654743032,8536.363474280803,8531.18227356769
2025-07-06 01:00:00,8059.445752335887,8377.609025777143,8423.751527277736,8228.68148314552
2025-07-06 02:00:00,5603.334184687337,7696.3770569890585,6667.065967431226,7603.244628301691
2025-07-06 03:00:00,6823.107534233704,7541.642319692911,6779.972171341857,7510.852931552435
2025-07-06 04:00:00,6280.747680775661,7459.613504389616,6659.424951990024,7489.1498844596235
2025-07-06 05:00:00,7234.649948705388,7729.006626777694,6893.4773165885435,7723.011417018921
2025-07-06 06:00:00,5820.901284755022,7923.009260992121,7300.576062057701,8009.258755336651
2025-07-06 07:00:00,8671.176782366772,8240.71569546021,8146.901512582446,8199.134702919415
2025-07-06 08:00:00,10341.888473469317,9509.250632897343,9226.664849752475,9392.799618319194
2025-07-06 09:00:00,26514.289764959907,13044.33960452746,14592.405571000152,12810.631132875667
2025-07-06 10:00:00,3653.3771368678063,14884.18435440001,12871.401465373341,14563.692426021138
2025-07-06 11:00:00,18901.861891637884,15295.230846586823,14595.874518476694,16033.61442055918
2025-07-06 12:00:00,19951.97361901092,17859.712914260177,17797.526821510543,17806.04686641648
2025-07-06 13:00:00,19478.525481486588,18361.67282078412,19272.592719876426,18303.013303628202
2025-07-06 14:00:00,18007.52794111471,17381.480247009236,17362.455190186636,16691.335792077974
2025-07-06 15:00:00,17250.439065825583,15367.60637907669,15444.179933643565,15371.09782525592
2025-07-06 16:00:00,15018.618392934615,13991.336551613553,14047.581227346047,13797.305818564182
2025-07-06 17:00:00,14072.031733939784,13191.779189027451,13158.101830117925,13233.95043906117
2025-07-06 18:00:00,13449.147711559319,12813.974653694455,12981.28804167812,12613.225212841977
2025-07-06 19:00:00,13247.027445907694,12317.844355680885,12164.317882045107,11984.201260789021
2025-07-06 20:00:00,14129.103189508218,12069.449316802435,11899.464929284999,11678.102146605732
2025-07-06 21:00:00,10972.991066420178,11745.973204415339,11928.633032569403,10616.676766307513
2025-07-06 22:00:00,10179.17227958273,10292.73200701939,10369.497302333488,9622.350449768377
2025-07-06 23:00:00,8423.990688320666,9024.442150618775,9709.050702358738,8212.48946368416
2025-07-07 00:00:00,7453.929995409508,8099.407830399012,7761.776998579856,7438.738685906849
2025-07-07 01:00:00,4966.340626994803,7477.184082868434,6806.3454526050255,6778.746346308555
2025-07-07 02:00:00,6477.015333588206,6278.493688896313,6124.604849931685,5590.115381509368
2025-07-07 03:00:00,6575.83086498107,7231.161488465563,6741.022929348019,6598.038236820318
2025-07-07 04:00:00,5485.206652575929,6675.839736407996,6090.620991286079,6301.1154975501
2025-07-07 05:00:00,6669.270536634394,6992.238738570466,6080.092983516399,6505.559213571931
2025-07-07 06:00:00,10103.7289750963,9658.121540959537,9941.833318638663,9555.288105957789
2025-07-07 07:00:00,11436.541233434004,10864.843845036174,11042.630637441967,10303.278872406352
2025-07-07 08:00:00,12738.01605792261,11394.872295032914,11173.117275404653,10820.994560945515
2025-07-07 09:00:00,14477.146765782487,14075.70356147301,13632.16966386185,14373.284691735196
2025-07-07 10:00:00,17844.742505510796,15813.079590440175,15516.780145647726,15784.009919527913
2025-07-07 11:00:00,15906.959277367821,16811.75931830323,17035.146423241582,15888.87433163057
2025-07-07 12:00:00,17966.99453816877,17054.66732214432,16619.4947154358,15629.282632475326
2025-07-07 13:00:00,17530.106000158714,17640.733986447925,15947.025326162462,16782.5282530649
2025-07-07 14:00:00,17080.899067073904,15691.341762329675,14798.432528080662,14343.656558586845
2025-07-07 15:00:00,15768.674174741722,15553.693835374874,15243.751165934764,14878.289358116486
2025-07-07 16:00:00,14393.322891614953,13887.008045958783,14082.302956410298,13385.578030610068
2025-07-07 17:00:00,15318.841850290246,13913.801581927068,12923.320609277363,13441.107325343019
2025-07-07 18:00:00,12085.177251687583,12588.774220639492,11761.739252315558,12698.729613901825
2025-07-07 19:00:00,13030.9937828875,12174.768973606424,11627.717065262594,12404.566136782607
2025-07-07 20:00:00,13196.6778470755,12096.623764547207,11435.773990033184,11851.295069430716
2025-07-07 21:00:00,13102.407719973799,11522.373271729519,11459.381429043377,11314.093402838238
2025-07-07 22:00:00,11095.757090484702,10835.519995900966,10194.843631492808,10837.0173394809
2025-07-07 23:00:00,9097.34689742639,9128.83779936218,8731.713668406283,8473.663033016235
2025-07-08 00:00:00,8240.679441067,7934.2120116193255,7551.789084077898,7649.076883831807
2025-07-08 01:00:00,5949.423816024879,7285.491881678282,7274.703997800319,6738.446068672399
2025-07-08 02:00:00,7212.407166246121,7233.301701609673,7182.872954368831,6266.158164533786
2025-07-08 03:00:00,8004.590997798199,7636.748280227502,8021.965230545675,7229.893572732122
2025-07-08 04:00:00,3777.479975630704,6662.82424632429,6891.018253306847,6354.913518681024
2025-07-08 05:00:00,7150.018376620377,6478.123957307718,6150.736669249188,6137.119448917286
2025-07-08 06:00:00,13363.225778205819,10449.317285143903,10713.823135133493,9370.228210212183
2025-07-08 07:00:00,8305.51795409228,11288.737129363451,11154.265139040977,10219.517231851269
2025-07-08 08:00:00,13382.461822908419,13403.244066069059,12940.505972732335,12494.543608595155
2025-07-08 09:00:00,12551.942648733606,14802.584632202877,14410.30530865886,13978.705673333847
2025-07-08 10:00:00,17014.154291443403,15289.194278565605,14120.65896713808,14997.042353208275
2025-07-08 11:00:00,11163.08214454611,13861.95424255648,13592.955177021693,14598.350100907055
2025-07-08 12:00:00,13891.417056578208,14594.64186376986,14770.604589895966,15150.124589529038
2025-07-08 13:00:00,14477.206250050858,14829.526125705757,15190.328119474154,14765.571116563719
2025-07-08 14:00:00,15390.773771126336,14695.057140782199,14180.649519446852,13892.324838260396
2025-07-08 15:00:00,13708.6964072792,14672.895728729609,14475.599252282715,14866.01898487637
2025-07-08 16:00:00,13014.356663558588,13930.409386244315,13472.277523594268,13876.038332708975
2025-07-08 17:00:00,13206.102421833199,12990.30433327091,13163.398347626446,13140.603664635091
2025-07-08 18:00:00,13449.174920529975,13417.282438840743,13317.7253671525,13222.11041570783
2025-07-08 19:00:00,14078.022720458921,12967.067242980598,13129.890636160064,13388.86785998
2025-07-08 20:00:00,14032.695962766104,12882.701020263892,12711.817558203582,13192.899264657717
2025-07-08 21:00:00,12971.401648998904,13110.187592403361,12958.800047722027,12612.732484902468
2025-07-08 22:00:00,12207.363104098993,12255.998291526965,12552.052482500527,11721.625963021545
2025-07-08 23:00:00,9274.050547505418,10179.367118017542,9572.824590464807,9658.729695301732
2025-07-09 00:00:00,10868.367879094298,8916.58642768563,8774.317995924092,8503.532756677665
2025-07-09 01:00:00,6547.599019232381,8480.890691107219,8406.493022765886,7862.436133283442
2025-07-09 02:00:00,7403.107840723023,8556.754756344348,7845.759364502212,7682.569762801559
2025-07-09 03:00:00,6885.843775871885,7716.938335583358,7120.860679494404,7262.265998965881
2025-07-09 04:00:00,6824.037948466794,7544.999410404016,7460.20807935802,7159.713096883
2025-07-09 05:00:00,8285.334691270305,8032.759081072136,7318.52211807097,7552.941305038206
2025-07-09 06:00:00,10374.748318065005,10205.793121547313,11686.911862357902,9981.447505940814
2025-07-09 07:00:00,12433.273882285994,11390.863568982439,12970.940206973006,10537.569330863493
2025-07-09 08:00:00,12828.19988252271,12964.76548431873,12721.197855131382,12044.69848610798
2025-07-09 09:00:00,14858.428238246594,13843.263144786239,14302.812812858916,13811.911461354362
2025-07-09 10:00:00,13934.267550982993,14796.492682592856,15449.095853793535,15006.376568685166
2025-07-09 11:00:00,15065.048720806799,15851.214556995405,15792.154595787106,17224.457774513587
2025-07-09 12:00:00,15615.0564598796,16041.021312447643,16058.068099610438,16990.402790646578
2025-07-09 13:00:00,15548.680279979697,16960.781945575116,16595.386526411843,17429.165359364364
2025-07-09 14:00:00,17249.39985216178,15436.711515381687,15357.168951822474,15540.257265528257
2025-07-09 15:00:00,16557.95991756493,15342.059397586627,15206.052732064285,15579.142661070135
2025-07-09 16:00:00,14069.6125723304,13547.686505980504,13768.903314254389,13985.372661223102
2025-07-09 17:00:00,13854.75822102719,12869.973545010012,13185.868242565006,13044.5524106409
2025-07-09 18:00:00,11532.029533638404,12824.728368176691,12878.043308492232,12638.24459742426
2025-07-09 19:00:00,13046.786248678607,12581.977281654694,12690.148461644418,12468.705274882172
2025-07-09 20:00:00,13518.618408737317,12488.855836204259,12510.570403562251,12856.101288098931
2025-07-09 21:00:00,12544.311014794777,12227.467855635197,12403.174047341432,12633.363001805596
2025-07-09 22:00:00,11156.008462984108,11148.904338749648,10584.454313004459,11536.64250863206
2025-07-09 23:00:00,9702.66291807309,9575.691469810063,9483.276303189476,9480.810577996424
2025-07-10 00:00:00,7527.345984704098,8295.413265277055,8347.93910203598,7956.825215498471
2025-07-10 01:00:00,8512.9408304783,8463.345513740305,8546.15328863123,8545.653729558899
2025-07-10 02:00:00,8079.481502144001,8370.706391825472,8309.912229243866,7943.18759910341
2025-07-10 03:00:00,6317.804506419188,6895.257966596749,6547.195651710202,6769.3477407473865
2025-07-10 04:00:00,6729.484017939612,6847.981242104422,6296.284941021845,6647.096404552414
2025-07-10 05:00:00,8042.73781356791,6980.685930321754,6677.484419098923,6849.67373154789
2025-07-10 06:00:00,17182.955841726787,13496.594208934559,15435.388369411183,13089.585365243733
2025-07-10 07:00:00,5933.457898113102,10444.010703164931,11564.22667542541,10238.11125245448
2025-07-10 08:00:00,13392.4569720256,12741.938591155425,13952.71602518738,12284.58539244991
2025-07-10 09:00:00,14864.985308812003,15102.954927246406,15257.086819720325,13528.173270462074
2025-07-10 10:00:00,24583.510984623303,16962.776177830398,14859.571182657679,17756.074652316547
2025-07-10 11:00:00,8123.474851833473,17522.684562711536,17060.712179419665,17323.046798894826
2025-07-10 12:00:00,17021.051377749038,17233.67932432029,17487.8061595626,19075.127807547713
2025-07-10 13:00:00,17188.850541645585,17795.436635972594,17512.290126332973,17804.07428694173
2025-07-10 14:00:00,16606.982019157123,14972.727979475954,14314.507962297272,16444.782316275967
2025-07-10 15:00:00,14845.67215921648,15610.248945727446,15957.705743775063,15734.733426880113
2025-07-10 16:00:00,15068.417702397492,16515.332214658127,16495.568022282736,15552.062167943233
2025-07-10 17:00:00,14336.680299796612,17192.46246717377,18294.168897147698,17026.35933314898
2025-07-10 18:00:00,12634.320136302693,16508.8618510389,17632.855599939365,16549.358359026024
2025-07-10 19:00:00,13127.783217847598,16596.11303243225,17553.164582610756,16235.95797208372
2025-07-10 20:00:00,13598.215238367911,16772.08326892629,17160.717815333577,16231.388306973877
2025-07-10 21:00:00,17105.647539611997,16357.284115019262,16751.380974767475,16423.01327812519
2025-07-10 22:00:00,7154.5792802203,11970.997898654357,11779.82463752784,13106.139613371692
2025-07-10 23:00:00,9185.048199950697,9957.219280606745,8938.343381790659,10077.224678158354
2025-07-11 00:00:00,5907.6897897212075,9795.700955901964,9328.172643632171,9608.54313347074
2025-07-11 01:00:00,7154.449720225588,9047.913711509393,9914.647030255213,7820.390106361318
2025-07-11 02:00:00,11911.622614079082,7896.341494416529,8832.31978977369,6737.854906517535
2025-07-11 03:00:00,445.77673673612844,7927.941479313006,8340.729128820023,6511.312758268554
2025-07-11 04:00:00,5043.181014657472,5958.973014554665,5248.061649631069,5582.427057265461
2025-07-11 05:00:00,6492.703710062116,6261.848992063449,5520.304590162829,7498.906130836621
2025-07-11 06:00:00,8596.475486190106,9377.465091362357,10223.714285291104,9317.00872159443
2025-07-11 07:00:00,10700.466611668624,10662.789879225822,10829.559853954066,10242.810675424298
2025-07-11 08:00:00,11590.22906213548,13878.495875386065,12895.713913908998,12651.661859056916
2025-07-11 09:00:00,13475.269193767195,15164.750828098464,14632.95078719532,14783.311568601794
2025-07-11 10:00:00,15539.200219825208,15423.322419339584,16213.195389639188,16666.574522124214
2025-07-11 11:00:00,15823.596582783188,16455.468066290683,16739.074835118354,17503.93775406327
2025-07-11 12:00:00,16911.793170673318,17609.79791195908,17567.94049320263,18257.794804896625
2025-07-11 13:00:00,15145.6317587856,18193.52212694954,17679.782660901274,18285.33256564007
2025-07-11 14:00:00,16019.748979735294,15526.904943423453,15233.22999300174,15402.118235514128
2025-07-11 15:00:00,14795.680291644832,14914.462829845539,14960.23930046479,14657.149227144877
2025-07-11 16:00:00,13806.870709888433,13375.282453208716,13770.8206557159,13771.804362316052
2025-07-11 17:00:00,13946.874944943625,13279.199809562338,13358.540553693954,12550.006371770034
2025-07-11 18:00:00,12335.731728732895,12532.021599277718,12903.287340857552,12489.562908187703
2025-07-11 19:00:00,15302.974486341005,12171.053890252597,12645.52391420391,12078.92918167558
2025-07-11 20:00:00,10767.750037507276,12164.885686069678,12303.777529538722,12659.286877644916
2025-07-11 21:00:00,12003.50187598223,12100.49613761983,12009.770519609305,11930.039866596448
2025-07-11 22:00:00,10774.430473630004,10753.827720227986,10594.702957205722,10717.594962836547
2025-07-11 23:00:00,10329.334178335595,9157.05343368899,9372.092809278012,8940.738139681087
2025-07-12 00:00:00,7671.056345084773,8330.578206500144,8733.113139017778,7784.637714371083
2025-07-12 01:00:00,7371.640652792324,7687.062754532824,8270.391786719929,7413.129916327269
2025-07-12 02:00:00,6794.919796842805,7272.5741585861715,7535.081445632848,7014.369148447141
2025-07-12 03:00:00,6288.496041583994,7250.230287397492,6916.99508511131,6826.795484996778
2025-07-12 04:00:00,6521.871437555499,6992.764725741345,6576.800677351349,6418.1775562948615
2025-07-12 05:00:00,11433.576521029194,7494.242260804017,7302.260143889339,7815.260318896113
2025-07-12 06:00:00,6290.196498273832,8353.427627998613,6989.237795104972,8729.593905069529
2025-07-12 07:00:00,9837.851806459872,8092.114199609525,7282.962274775514,8147.733664137029
2025-07-12 08:00:00,9573.82524347182,10846.041076865411,10864.48096331001,11009.408708708532
2025-07-12 09:00:00,12280.113430670888,12315.14324580352,12236.870661522455,12530.643954053445
2025-07-12 10:00:00,15424.436141200997,15095.149789201487,15253.184197191973,14012.247014295734
2025-07-12 11:00:00,16855.585858637198,16633.827792813445,16835.075224067732,16012.417828627524
2025-07-12 12:00:00,18662.107395533498,16922.384650463307,17785.75104090921,16576.439971956745
2025-07-12 13:00:00,19093.131276348602,18706.832498064792,19267.313586066273,19864.83024651437
2025-07-12 14:00:00,18303.065526448077,17292.458754048384,16860.691151660034,16898.39445310671
2025-07-12 15:00:00,16119.101939231517,15682.186902087797,15500.274888233991,15782.966617201588
2025-07-12 16:00:00,14782.38365824931,15529.292505976962,14411.489007012975,15109.204185471903
2025-07-12 17:00:00,14168.722572816692,14622.074063354677,13957.305199702307,14058.580676954101
2025-07-12 18:00:00,16094.41825896662,16462.157640588404,16882.345399463316,14136.008875460011
2025-07-12 19:00:00,9824.072734268488,13619.516280850303,13319.323620894973,12075.160378412698
2025-07-12 20:00:00,11484.045070576181,13569.413416719015,13126.569985587055,12426.008145289772
2025-07-12 21:00:00,11550.726347827444,13173.326844606509,12719.044938432087,11615.778000317005
2025-07-12 22:00:00,10593.316909042369,11971.711902233095,11139.495573128153,10820.211790822235
2025-07-12 23:00:00,9883.531185863403,10083.713607657586,9647.786716449064,9204.86636292252
2025-07-13 00:00:00,6903.695244764229,8732.43950380365,9458.873046720046,8264.418828572865
2025-07-13 01:00:00,8960.48332820028,8291.644910348286,9341.410992558913,7953.578300193649
2025-07-13 02:00:00,5389.6796064010705,7603.826618935823,7563.578724798225,6958.407792534696
2025-07-13 03:00:00,6618.8522347546,8127.433616895612,7651.832176532093,7505.631253832222
2025-07-13 04:00:00,6763.356712022622,7404.470290387388,6566.086929322291,7354.922638466922
2025-07-13 05:00:00,8525.4807548592,8010.604674429416,7276.437960852403,8877.815676822407
2025-07-13 06:00:00,9811.228133730405,8809.306400327252,7532.16452776306,9328.648068987963
2025-07-13 07:00:00,5960.614848416804,8397.293261227689,8779.515122670791,8005.8520586150935
2025-07-13 08:00:00,9496.764866082773,9272.841676746557,8920.219778670627,9135.089111115441
2025-07-13 09:00:00,11265.768491884217,10723.264896820061,12174.982556343164,11167.803990075688
2025-07-13 10:00:00,13093.936657952807,14634.323811576223,14150.80673169513,13410.67163699214
2025-07-13 11:00:00,15782.032706202071,15518.938191507896,16877.82784575501,14075.057153941107
2025-07-13 12:00:00,17970.793024997616,16977.719143438953,17711.618343463473,16768.38434862054
2025-07-13 13:00:00,20291.071452809,17842.111947608708,17229.114622915098,16639.174230678946
2025-07-13 14:00:00,16022.924099641114,17085.784973721766,16537.788786384874,16422.207321571266
2025-07-13 15:00:00,14158.804724685291,15812.963997072164,15459.018940845814,15420.466127572128
2025-07-13 16:00:00,14923.551554975405,14023.962734499033,14307.989964143297,13759.163079114525
2025-07-13 17:00:00,13762.369473847994,12975.632750321629,12639.118585949589,12888.51070772674
2025-07-13 18:00:00,13230.96239976709,12662.043517297705,12347.121778161356,12389.11461826884
2025-07-13 19:00:00,13607.411581341414,12563.470622150968,12276.783972874482,12389.11461826884
2025-07-13 20:00:00,13196.398818328196,12259.709747300745,12335.92312458859,11649.797284401979
2025-07-13 21:00:00,14063.559027376108,12184.015052220688,12313.028129726805,11829.250058007801
2025-07-13 22:00:00,9557.045142051204,11160.88019898937,11167.711444525454,11124.416929047988
2025-07-13 23:00:00,8195.018288963876,9625.91959185195,9022.881150583991,9523.557049308556
2025-07-14 00:00:00,7903.039106318192,8214.476912438173,8619.03137477287,8071.933464841001
2025-07-14 01:00:00,7807.206151366627,7891.705998985797,8196.882201441202,7845.383329663146
2025-07-14 02:00:00,7623.001674500105,8232.148515932297,7809.226631804311,8042.475518810994
2025-07-14 03:00:00,7373.312594888199,7577.494760057651,7058.2854082092035,7515.6179540390685
2025-07-14 04:00:00,5732.442057151595,7323.828398413034,6513.252077581832,7312.491414405666
2025-07-14 05:00:00,9348.546589656697,8100.477746671859,6986.439942549107,8458.418559942445
2025-07-14 06:00:00,10501.81377672269,9922.954846979039,10964.866196238227,10293.377265875943
2025-07-14 07:00:00,12064.136760772217,10652.857753546159,10785.021258341554,10931.224118845515
2025-07-14 08:00:00,11877.2626076333,12187.321471970023,12376.221857386054,12004.48942320663
2025-07-14 09:00:00,15169.227631052174,14311.03455162036,14172.872428835315,14722.942010979392
2025-07-14 10:00:00,17265.288844456016,16677.949494986446,15774.071402993275,16918.68464122994
2025-07-14 11:00:00,16894.2582013993,16962.567778088694,16528.248190490445,17118.391804941428
2025-07-14 12:00:00,19413.921772434605,18022.65199084784,16930.80104917549,17471.67067866256
2025-07-14 13:00:00,14848.347259932514,17968.86947695014,17478.0785628036,18094.11682248451
2025-07-14 14:00:00,15320.783228302887,15335.15074792285,15436.57889479822,15261.234766954742
2025-07-14 15:00:00,13412.593508141592,15212.869296403089,15041.997430238416,14857.780347884604
2025-07-14 16:00:00,12322.03512846728,13260.625708890046,13352.754180573176,13386.552496875753
2025-07-14 17:00:00,12597.09133271372,12589.886052769256,13079.656596144407,12699.266573252191
2025-07-14 18:00:00,13094.099482255002,12447.885708884161,12922.176304770337,12656.045944682086
2025-07-14 19:00:00,12838.561807608803,12168.588217902194,12354.548945176826,12202.767414391039
2025-07-14 20:00:00,12296.184499688816,11981.426959201783,12112.457703731243,11986.748064025674
2025-07-14 21:00:00,13698.511956678387,11628.256518560082,11920.774445592235,11364.824596372142
2025-07-14 22:00:00,9065.311207000494,10875.347472262654,10527.859059680353,10454.673070920404
2025-07-14 23:00:00,10946.950336924501,9191.279518977553,9137.046975020497,8677.178694257529
2025-07-15 00:00:00,7453.306671980728,8012.360246943499,7491.3286459246965,7598.964178075023
2025-07-15 01:00:00,2522.7658402543766,6171.732392446906,5207.68821270728,6404.673204602971
2025-07-15 02:00:00,6287.946813411429,5977.134574020932,5136.725407215855,5826.09747884383
2025-07-15 03:00:00,6175.702398938176,6650.072336768174,5730.857203930585,5849.224627570791
2025-07-15 04:00:00,2859.8714688834298,6048.124386013255,5543.34402028313,5460.189053076275
2025-07-15 05:00:00,7642.4661054583485,6090.3261515083395,5186.581623753746,5422.136576259052
2025-07-15 06:00:00,6056.488822491829,9241.807068535627,9583.093436695879,8796.155235016373
2025-07-15 07:00:00,10967.022157136478,9958.514604387874,9811.458960431944,9437.889563594617
2025-07-15 08:00:00,11748.45030619593,10603.923253789066,10555.799308716078,10437.914071042998
2025-07-15 09:00:00,13739.683846729564,11410.358090587766,11251.101561671428,11952.084410989712
2025-07-15 10:00:00,14873.212313277902,14351.461370307617,15226.810150800788,14456.811763149804
2025-07-15 11:00:00,15904.010745483718,15739.57134990479,16320.608127836742,15680.071471537398
2025-07-15 12:00:00,16079.741071991022,16481.592399358226,16608.14389078474,16789.540401869883
2025-07-15 13:00:00,16460.367084199675,16947.5691036906,17158.470426448108,17079.274683913747
2025-07-15 14:00:00,16435.902034296498,14259.605467952411,15075.322555601728,15509.162258312725
2025-07-15 15:00:00,14999.467054566496,15264.975720198865,15330.996527813895,15226.908879822247
2025-07-15 16:00:00,14581.18156064421,13532.699681906162,13471.026986242809,13706.892589837633
2025-07-15 17:00:00,13084.346740526595,13142.457064896473,13187.578096124447,13120.982534752406
2025-07-15 18:00:00,13540.42877496628,12687.968364454142,12858.830514144378,12442.879591672954
2025-07-15 19:00:00,12521.14111014162,12161.278710229819,12687.931549367138,12273.822842856263
2025-07-15 20:00:00,14586.239688322798,12170.686245714676,12635.722926229877,12684.98120799112
2025-07-15 21:00:00,11685.396044910205,11947.282227960664,12243.673619389136,11877.717532400222
2025-07-15 22:00:00,9698.510498425494,11031.468796468092,11388.073252453989,11101.579085849351
2025-07-15 23:00:00,10037.479719902703,9271.671443152678,9482.751799460832,9325.595963747559
2025-07-16 00:00:00,9632.893972757902,7579.155983647827,7941.163820807765,7268.496889496282
2025-07-16 01:00:00,9055.467467262497,7306.77326301873,7330.329370121374,6838.078310111218
2025-07-16 02:00:00,7756.199916095502,7185.75696582439,7128.696089596852,6981.797499929315
2025-07-16 03:00:00,7890.152841110501,7226.250719471801,7160.175842236593,7094.171082331802
2025-07-16 04:00:00,7401.686972324009,7414.088548450321,7037.639062333502,7527.733433316196
2025-07-16 05:00:00,8182.676443809694,7744.317851782525,7147.609277616782,8173.165370129231
2025-07-16 06:00:00,7966.067348649714,8483.001355746874,7254.881481835037,9551.296349858196
2025-07-16 07:00:00,8628.895914368371,9132.155442409461,7458.005773702489,10063.817288270106
2025-07-16 08:00:00,9473.745267294424,11007.811491275965,11284.147381005387,11030.812916172239
2025-07-16 09:00:00,14083.851845876681,12102.800269650634,11863.55404485402,11550.057408934941
2025-07-16 10:00:00,17864.98151701921,15514.479892577394,15373.344168807189,16220.430962812989
2025-07-16 11:00:00,19401.788438992728,17757.355477223762,19046.143614812914,17231.116703561893
2025-07-16 12:00:00,21556.980715452777,18487.644444888065,18842.739499747782,17650.486984377454
2025-07-16 13:00:00,20296.3737227738,18708.63949067458,18615.91632952138,18461.790829602192
2025-07-16 14:00:00,18155.781156668792,15947.302303504643,15784.597092363387,15876.746264942307
2025-07-16 15:00:00,16600.38146605843,15615.04291838912,15362.404972420154,15355.063461134698
2025-07-16 16:00:00,15194.730191660798,13911.833455926027,14994.121766827804,14005.460126014743
2025-07-16 17:00:00,15194.1116601926,13569.758508821304,12959.585434588844,13564.37543176956
2025-07-16 18:00:00,11561.546658562762,12499.485025385904,12335.778348266187,13144.72749747771
2025-07-16 19:00:00,12849.699426403622,12279.309187993082,12486.287284262227,13073.68419588347
2025-07-16 20:00:00,11889.386622420794,11981.918932340768,11798.58219811818,12315.477216016341
2025-07-16 21:00:00,11547.462793526098,11721.40591597349,12092.008245890609,11859.600169891226
2025-07-16 22:00:00,11973.817766621105,10486.58736461686,10700.629829936337,10916.283763165506
2025-07-16 23:00:00,6991.294173000899,9103.105516490286,8699.64720858098,8523.61751500472
2025-07-17 00:00:00,7963.605629080983,7912.494398761288,7861.383003633288,7576.585310573518
2025-07-17 01:00:00,6016.760116783917,6977.010731787194,6765.948618211617,6759.070448952692
2025-07-17 02:00:00,5193.645282915095,6425.086635244778,6105.616206042793,6275.025661723183
2025-07-17 03:00:00,6695.972941960999,7251.4609388783465,7503.908774978649,7046.738695630348
2025-07-17 04:00:00,7248.069576392329,7005.477765735125,7267.388583705666,6978.930763688608
2025-07-17 05:00:00,9244.821651704282,7330.853792394671,7248.794658207554,7330.637914870271
2025-07-17 06:00:00,8447.690129426981,9493.135248884391,9016.811452706566,9558.513822037614
2025-07-17 07:00:00,11859.89040145119,11019.335851584387,9645.097275071334,11027.782727956657
2025-07-17 08:00:00,12986.640965410323,12446.118764819246,13889.472534356626,12756.729504849452
2025-07-17 09:00:00,14784.230040816798,15705.038581270166,16447.391449850766,15085.770990709247
2025-07-17 10:00:00,15153.723940777309,16314.081902947833,16013.951399711666,16127.646459642787
2025-07-17 11:00:00,18769.988508950897,16751.385865050233,17809.853182888248,15782.322232530374
2025-07-17 12:00:00,14878.040567883301,16907.326441143876,16668.278449581587,17193.87954077575
2025-07-17 13:00:00,16625.75195356509,16496.361190937205,16412.898615953934,16573.57085422531
2025-07-17 14:00:00,16077.862165353032,14864.045016958396,15021.048817239262,14568.308354401153
2025-07-17 15:00:00,14997.827051545373,14727.04206623718,14969.528796613944,14524.555179030342
2025-07-17 16:00:00,13948.683692080318,14054.53350566424,14447.540489426869,13258.933203232451
2025-07-17 17:00:00,14634.524556095985,13743.850713969998,13796.335756222576,13376.848304495403
2025-07-17 18:00:00,12095.519660328897,13443.145902006212,13187.119467700653,13589.257591347736
2025-07-17 19:00:00,11494.504053561399,12860.886569056202,12084.739842251867,12715.484450003534
2025-07-17 20:00:00,12353.044352238101,12572.42395322824,11645.179983319727,12528.395907974085
2025-07-17 21:00:00,12099.688920595396,12286.520814303283,11373.847549247135,11553.85254991743
2025-07-17 22:00:00,10593.419074735335,11505.92869938538,10531.707883449693,10646.972357201481
2025-07-17 23:00:00,9709.529362957875,9205.621079656437,9117.62351497724,8548.546473326833
2025-07-18 00:00:00,9369.36983231278,9150.749583213797,9552.47946496154,8814.128107864659
2025-07-18 01:00:00,6007.569524672217,7884.416546697881,9191.432707194726,7763.166088370728
2025-07-18 02:00:00,5911.344000697296,7260.442838493275,8803.77358105042,7077.3285956324125
2025-07-18 03:00:00,5523.248701101029,7012.204043058813,7648.254231366177,6730.832762950765
2025-07-18 04:00:00,7662.12223040167,7063.39833327,7899.780035891285,6901.842609951723
2025-07-18 05:00:00,7462.69388888339,7287.897399987544,7380.009720430251,7291.604872804974
2025-07-18 06:00:00,9215.677493062092,10109.61040065097,10497.693780224403,9706.619283677635
2025-07-18 07:00:00,12358.712315175024,10958.565827574872,10556.83637559629,10902.536973511931
2025-07-18 08:00:00,13602.620344711602,12629.388107971623,13262.987033441697,12138.392333303473
2025-07-18 09:00:00,15381.935290332698,14679.01162607683,14423.882546210885,14805.061101550538
2025-07-18 10:00:00,25396.686542070318,16442.937303949868,15044.273766199036,17285.38710917558
2025-07-18 11:00:00,7548.566718495878,16206.292047503799,16557.951423970655,16512.982905356123
2025-07-18 12:00:00,16070.993601394784,16568.18232661549,16491.952471838544,17354.541952792795
2025-07-18 13:00:00,16250.473938710533,16323.06037822672,16394.5141120537,17188.06520047362
2025-07-18 14:00:00,14911.636652901889,14911.300170779356,14949.558010248671,15031.706441591976
2025-07-18 15:00:00,15850.737104458469,14491.257047258285,14863.906459610735,14720.474911433812
2025-07-18 16:00:00,14252.38779965043,13674.871285336758,14168.661608917619,13537.9921934593
2025-07-18 17:00:00,13681.937701658211,13508.839720433152,13428.84629653028,12899.219980992097
2025-07-18 18:00:00,13076.065715711786,12806.215661919254,12590.622222679658,12812.283849927764
2025-07-18 19:00:00,12176.729547077299,12563.225434723745,12001.541354315505,12616.055962762475
2025-07-18 20:00:00,12054.383692540481,12438.122137858176,11994.831461550535,12133.72325119194
2025-07-18 21:00:00,11644.88587773772,12287.608469867382,12352.37621405757,11930.646642551501
2025-07-18 22:00:00,9928.195382906597,10804.327860771315,11057.380064777188,10626.112691777435
2025-07-18 23:00:00,9535.132574044497,9153.75656562099,8665.847400054055,9147.760962219238
2025-07-19 00:00:00,7280.568996073303,8176.806274229215,8418.201871819354,8268.901864184858
2025-07-19 01:00:00,7225.504226073201,7572.606583283388,7373.021462444774,7159.996905866491
2025-07-19 02:00:00,6138.26241738048,7141.288960348445,7874.919752378929,7293.006209052839
2025-07-19 03:00:00,7033.955424097721,7656.478822791791,7320.578023789445,7476.217937246401
2025-07-19 04:00:00,8440.326757233808,6927.647533217212,6677.756074567235,6712.536193249328
2025-07-19 05:00:00,6706.391084996481,7201.497066128392,6920.30825277567,7073.668769401506
2025-07-19 06:00:00,4436.0592083423,7991.453436280618,7644.423377202616,7486.130453137573
2025-07-19 07:00:00,7753.569678613315,8291.899292201677,7860.52107932754,7843.1140884695415
2025-07-19 08:00:00,11096.601016317803,10309.024435310987,10147.572592432807,9988.159728774202
2025-07-19 09:00:00,13890.806547542878,12111.741256450878,12270.850024085701,12098.175338288955
2025-07-19 10:00:00,16532.681788516107,14904.96971596751,15191.646536205162,15672.010928483403
2025-07-19 11:00:00,18836.16959758511,17174.13606610638,17720.72607188948,17806.389910781785
2025-07-19 12:00:00,19575.7510375534,18116.02227787395,18157.45485763484,17827.669782217836
2025-07-19 13:00:00,18589.94072615892,19049.426940604983,18640.8516195869,19053.24335179659
2025-07-19 14:00:00,18083.948998923577,16872.864954021494,17261.91389062802,16636.90606780098
2025-07-19 15:00:00,16934.059996301625,15399.520187321712,15251.108713757923,15542.34596139262
2025-07-19 16:00:00,15673.286503894778,13856.58824079117,14259.773262989647,13928.999826005498
2025-07-19 17:00:00,14044.422100866297,13579.058352459235,13730.786275841074,13182.618629981207
2025-07-19 18:00:00,13446.157247421,13995.114829463233,13940.570340990935,14606.975704559727
2025-07-19 19:00:00,13186.958360989101,13828.001895660163,14012.93057357519,14140.543317011081
2025-07-19 20:00:00,11556.3304950832,13368.514007517397,13299.710769690977,13325.74783999806
2025-07-19 21:00:00,12116.946685248422,13457.721893907845,13239.760709061176,13020.62250762681
2025-07-19 22:00:00,10453.424919270583,11724.891887321459,11227.774239880408,12237.77798048958
2025-07-19 23:00:00,9500.862872414693,9947.754830733631,9670.175904176991,10218.023149272702
2025-07-20 00:00:00,8875.940571099596,10233.822350039754,10290.553758958842,9578.60043890968
2025-07-20 01:00:00,7985.066720756004,9224.433280625857,9963.45064805316,9836.109334893672
2025-07-20 02:00:00,7197.679675788619,7992.83658708218,7904.250017275348,8041.3843868976455
2025-07-20 03:00:00,6109.263652200583,8280.467484149405,7752.664804534181,8156.116604425367
2025-07-20 04:00:00,5308.551087427302,6988.48529682652,6616.439815039922,7062.892237803206
2025-07-20 05:00:00,7101.815544572419,7222.955608900872,6779.220249691351,7271.030951198255
2025-07-20 06:00:00,6458.8787368151425,7680.197831974739,7378.06459289556,7651.28985854769
2025-07-20 07:00:00,9351.843920505937,8463.26675826271,7837.400226273539,8815.058247535584
2025-07-20 08:00:00,7949.999362346211,9521.098023376917,8597.700933164077,9377.594315473398
2025-07-20 09:00:00,11810.555646223675,11521.514262826613,12156.557423254626,11922.247407098039
2025-07-20 10:00:00,13892.649958965827,14241.286897357128,14360.116429088708,15107.139369849641
2025-07-20 11:00:00,17553.220081138286,15558.939970061876,16399.095815565728,16263.411068416013
2025-07-20 12:00:00,19106.565542234497,17568.95998300079,17501.377542879272,16838.600122728007
2025-07-20 13:00:00,18470.45618754171,17445.51953619827,15814.103730457991,16924.732661401555
2025-07-20 14:00:00,17350.12624925419,16743.92177116862,17120.983326554375,16177.317090528104
2025-07-20 15:00:00,16391.665067149002,15137.403211637575,16983.345945685516,15745.11007281857
2025-07-20 16:00:00,15242.507428069599,14162.1551095024,15258.902622370455,14375.735543773966
2025-07-20 17:00:00,28344.986741513796,15893.040895577575,14897.275503137735,16486.337719899726
2025-07-20 18:00:00,418.983355679713,13114.96151944895,12584.524783225383,13214.856495305088
2025-07-20 19:00:00,12811.673560491694,13827.063795999136,12723.022808112994,13682.81905330188
2025-07-20 20:00:00,12311.801621715107,13731.726009344957,13101.008902808053,13151.473443544784
2025-07-20 21:00:00,12790.033205294287,13336.443275684664,12747.062567371295,12300.753174702599
2025-07-20 22:00:00,11001.412275286792,11822.274220975602,11295.310538950762,11359.736658933694
2025-07-20 23:00:00,12622.58812021174,9859.924407734747,9688.371883828786,10449.792152607744
2025-07-21 00:00:00,4281.764195464992,10043.238733518672,9001.230297025802,9203.917082462109
2025-07-21 01:00:00,7385.105840311764,8727.216406509497,8515.649600374192,8489.76152584924
2025-07-21 02:00:00,5772.520751668329,8038.628621364611,8496.991512384064,7611.8102921436985
2025-07-21 03:00:00,6778.305211314399,7611.616878652041,7066.120728493936,7337.192242799707
2025-07-21 04:00:00,9366.017433324596,7508.029998539703,6782.669116299859,7495.638001968179
2025-07-21 05:00:00,7832.43987941699,8087.235683346761,7124.711522907573,9018.449110392528
2025-07-21 06:00:00,7215.291517128619,10403.38816099946,10870.646154616366,10057.343989539071
2025-07-21 07:00:00,12193.142079287976,11406.884231909697,11581.500674600144,11457.165757869861
2025-07-21 08:00:00,12245.73518025129,13213.69941192589,13075.056889368834,13226.94293876858
2025-07-21 09:00:00,14829.52071340752,14127.14915926421,13881.064814870373,13984.362519988174
2025-07-21 10:00:00,16286.794496190305,15768.984902721328,15401.875750467538,15880.032080888941
2025-07-21 11:00:00,19066.596787560098,17052.14273273765,16706.54866864843,16713.913020547116
2025-07-21 12:00:00,14704.992737363904,17411.259788748685,16665.408677277515,18040.125523378563
2025-07-21 13:00:00,17073.960143020577,16729.88705515768,16597.525488451913,17330.42066878129
2025-07-21 14:00:00,15838.972886893538,14798.527422422916,14458.732993347545,15518.025800147741
2025-07-21 15:00:00,13934.362114534477,15180.056974001569,15000.13925655733,15237.340861743989
2025-07-21 16:00:00,14510.003700462708,13726.397543089906,14197.318977300056,13874.078350533408
2025-07-21 17:00:00,13284.460336351895,13512.403787908044,13176.312527620501,13569.42226400576
2025-07-21 18:00:00,13467.949118890701,12986.931022285367,12788.625316283558,13436.970314731947
2025-07-21 19:00:00,12923.342209739702,12298.316022747691,12318.08082167126,12667.156849170511
2025-07-21 20:00:00,12088.1827635047,12214.649289091794,12458.26612396031,12475.380808334321
2025-07-21 21:00:00,11848.065199773006,11908.142677081998,12044.384703605898,12206.076487139213
2025-07-21 22:00:00,11129.257539348815,10942.560959098366,10817.959868601121,10589.89266496801
2025-07-21 23:00:00,8678.85741662168,9134.566662888525,9130.848366167113,8815.097389104034
2025-07-22 00:00:00,6596.248211134025,7886.330168297411,7867.714256999117,7130.516792119015
2025-07-22 01:00:00,8298.927668105578,7313.190746706412,7101.869842805636,7040.188167194886
2025-07-22 02:00:00,3134.206793310703,6525.900900316037,6182.954471636376,6270.592021784758
2025-07-22 03:00:00,6421.910843650801,6814.793834822123,6512.190560783324,6409.2198236924
2025-07-22 04:00:00,5956.099699063692,6528.225861507882,6263.119746263933,6068.830950552993
2025-07-22 05:00:00,5345.1257445646115,6983.025455866379,6356.366560475258,6985.816673338184
2025-07-22 06:00:00,8332.388421050204,9504.105789635369,9308.370873570877,9250.960352283786
2025-07-22 07:00:00,11530.062563406576,10369.769394847859,10886.851260943882,9918.028866737957
2025-07-22 08:00:00,13615.854019960901,11581.37702133184,11151.390230203797,10833.941530374552
2025-07-22 09:00:00,14392.110438599735,12996.685635980448,12717.441168420548,12852.240168378557
2025-07-22 10:00:00,13018.175966139963,14739.708397505414,14317.74430174672,15229.013333100953
2025-07-22 11:00:00,21037.113764555215,16042.987338758358,15980.669879112824,16119.394570346933
2025-07-22 12:00:00,11536.663601541699,16263.430521576454,16021.707695419413,16408.06466290899
2025-07-22 13:00:00,15600.461174261214,16122.344413948926,15672.683078475491,16573.95220440045
2025-07-22 16:00:00,4107.133497471907,13775.414208493476,13983.382117973995,14125.422226203144
2025-07-22 17:00:00,14602.538188286297,13494.131814879709,12909.211388633019,13400.546850909785
2025-07-22 18:00:00,15095.227618058885,13371.945601471625,12915.476662646548,13491.222668576831
2025-07-22 19:00:00,15235.618988449529,12852.31635567874,12718.199874360578,12835.757220940277
2025-07-22 20:00:00,16088.106283140884,12564.04615266362,12754.901937944072,12669.73404365194
2025-07-22 21:00:00,14899.778804100006,12750.182865400528,12684.796535279165,12775.88401756766
2025-07-22 22:00:00,7872.69677923702,11294.856527374352,10002.867374283886,11164.128122917722
2025-07-22 23:00:00,8811.424684800171,9500.50472797284,9634.164911477455,8945.346879112807
2025-07-23 00:00:00,8701.7636781129,8416.76941443322,8785.157744776827,7987.149002890836
2025-07-23 01:00:00,5771.915323597001,7856.943877021058,7003.20694780916,7797.939969920664
2025-07-23 02:00:00,4846.584566360107,7563.660786242626,6494.086466938385,7197.647940050616
2025-07-23 03:00:00,7413.348601371899,7265.390241757412,6523.283876213233,7302.387458234866
2025-07-23 04:00:00,6184.580157460296,7101.251008471311,6442.1126217974,6530.940220340024
2025-07-23 05:00:00,15274.981257593921,7272.419990429934,6898.168828138971,7192.874712616548
2025-07-23 06:00:00,1773.721993836476,10053.313091785036,10964.61660113581,9529.170305375585
2025-07-23 07:00:00,12197.635987183818,11128.026939707614,11637.79455848115,10282.048873500868
2025-07-23 08:00:00,12503.31510858938,10787.111569787465,10929.43790865751,11101.190287671281
2025-07-23 09:00:00,12991.39683568721,11795.922930281804,12527.829461439189,12402.185026738895
2025-07-23 10:00:00,15076.0794461056,13979.687047320214,13835.024306883965,14033.489366467817
2025-07-23 11:00:00,14383.098555600393,15425.948943048876,15603.753192007945,15856.588123125943
2025-07-23 12:00:00,15031.697023413097,16115.23124891007,16253.56630926359,16169.142162660139
2025-07-23 13:00:00,27459.005144588926,16715.841547480977,17140.610595469752,16468.242214468275
2025-07-23 14:00:00,6952.396337053466,14873.865850400509,14902.78987767479,15138.873997103949
2025-07-23 15:00:00,14876.693617238514,14916.118708938717,14432.370295332583,14889.490306600386
2025-07-23 16:00:00,11841.90855592658,13513.250233572993,13476.745510186629,13103.704274741216
2025-07-23 17:00:00,11151.603121547825,12996.033151026422,13144.848106724421,12454.724108808312
2025-07-23 18:00:00,13008.015512250804,12949.516241242402,13039.210531292214,12928.02562960955
2025-07-23 19:00:00,14130.762572838492,13224.35822957382,13097.032835496788,12986.473931779934
2025-07-23 20:00:00,12660.802257716996,13065.889647957949,12874.638312649451,12873.180463919427
2025-07-23 21:00:00,12505.859031732503,12690.795769306025,12505.747630201718,12619.643944175754
2025-07-23 22:00:00,11250.236452013392,11603.859492454158,10817.520723653268,11503.442428036009
2025-07-23 23:00:00,9676.112846324811,9817.216821719428,9955.262123021384,9758.292515249152
2025-07-24 00:00:00,8929.447034253975,8167.32511405183,8301.434843302603,8573.92891494202
2025-07-24 01:00:00,8265.501198840022,7761.945705823718,7972.042695172349,7550.703155500493
2025-07-24 02:00:00,8389.6365691518,7721.5369971655955,7628.500753336352,7426.802200264386
2025-07-24 03:00:00,7824.4069256502025,7475.323142804664,7531.603893429044,6894.461033027414
2025-07-24 04:00:00,7736.521499894181,7570.20045857793,7498.87058623569,7138.173257439767
2025-07-24 05:00:00,8056.812540163512,7836.636137173959,7405.22023982782,7356.577960962788
2025-07-24 06:00:00,10311.41546613559,10587.577033568443,10975.834566372507,10055.26485234061
2025-07-24 07:00:00,11626.491471393714,11432.211107006231,11803.961596385041,11018.018558829355
2025-07-24 08:00:00,13875.381315146387,12285.446164514207,11881.125810673473,12411.74517499695
2025-07-24 09:00:00,13954.062605569827,13588.216975961435,13731.267139242069,13292.631306342862
2025-07-24 10:00:00,15046.249412818295,14459.219504856403,15268.60359535137,15329.715853842172
2025-07-24 11:00:00,15564.191390810773,15974.259503959936,16175.39417803375,16173.186764594619
2025-07-24 12:00:00,15789.860194662626,16436.51869339096,16440.564851180417,16710.40211362832
2025-07-24 13:00:00,17360.91781904599,17080.359046760397,16776.573941178434,17478.952180347213
2025-07-24 14:00:00,14860.828226497808,15608.329441223517,15549.584821498824,15863.452129833197
2025-07-24 15:00:00,16272.217019029395,15427.218013359608,15422.14620824315,15574.222048264404
2025-07-24 16:00:00,12520.552614032902,14201.92094424574,14330.727696790802,14100.845491715654
2025-07-24 17:00:00,13811.834252887897,13329.819480125883,13717.880342461187,13395.033398957135
2025-07-24 18:00:00,13573.664077996804,13220.772605164368,13360.211062419596,12981.374508986682
2025-07-24 19:00:00,15654.766032214004,13056.113945612973,12959.784796719072,12916.983194174038
2025-07-24 20:00:00,13909.417575797595,13154.400993758103,12820.976974977393,13580.732174648863
2025-07-24 21:00:00,11160.329223101002,12566.910369003192,11978.376225855893,13245.974977502801
2025-07-24 22:00:00,10200.285982299007,11783.536645928796,11035.545907183601,11511.027787170584
2025-07-24 23:00:00,9224.9064237543,9923.738787926923,10041.474944361675,9981.477831188558
2025-07-25 00:00:00,10521.760400379895,9488.94599482588,9356.031554841953,9426.919167907547
2025-07-25 01:00:00,4831.677792172806,8080.662160534528,8194.309620261072,8098.74270089717
2025-07-25 02:00:00,6665.4749063644995,7519.10297857421,7577.333209234089,7536.871550521851
2025-07-25 03:00:00,5775.35429199477,6978.392823095302,6779.8317818477835,6873.209316786757
2025-07-25 04:00:00,6940.494513245518,6644.889382037065,6679.491284461971,6301.025862582941
2025-07-25 05:00:00,7452.720044785434,7724.449003281623,6901.586338284243,7287.8100583221485
2025-07-25 06:00:00,12597.483150512784,10669.436077231217,10732.581141427607,10067.214173426064
2025-07-25 07:00:00,7387.584116098511,11295.811524394776,11335.73738630232,10708.518017985005
2025-07-25 08:00:00,12407.113174860966,11887.039379507285,11968.444744403725,11597.832775372597
2025-07-25 11:00:00,14481.128715394289,16721.516901635347,16404.975238432402,16927.793533659045
2025-07-25 12:00:00,25849.58187709501,18245.80954411439,17791.499050740516,18700.959361757625
2025-07-25 13:00:00,6584.563811380587,17436.084604425796,16902.945204401476,17673.850505813447
2025-07-25 14:00:00,15373.121767599212,15662.27845943407,15897.24079364838,15944.372970845794
2025-07-25 15:00:00,15302.976220509092,15112.60983264803,15559.618882611281,15251.843220582694
2025-07-25 16:00:00,13648.575460789798,13454.05062511971,13794.909702078512,13289.046620852529
2025-07-25 17:00:00,16210.3035981377,12909.654586221863,13376.053668750013,12586.568899411912
2025-07-25 18:00:00,10295.6571924762,12651.519337896043,12828.111240579052,12230.021567649921
2025-07-25 19:00:00,12356.090320325213,12563.980901991037,12535.055161447819,12243.92182752239
2025-07-25 20:00:00,12389.458303933387,12610.703086277239,12687.217328120274,12498.948929750697
2025-07-25 21:00:00,13340.614058391006,11975.432111384587,12129.445682935837,11884.03423666522
2025-07-25 22:00:00,11163.798790306806,10865.848605923637,10790.272114598189,11011.90847699002
2025-07-25 23:00:00,11114.331055621902,9393.346755805378,9340.117884350406,9151.350070972218
2025-07-26 00:00:00,6640.093202502092,8537.586823029436,8351.10336700862,8664.83893429346
2025-07-26 01:00:00,7607.322210580998,7614.65433963305,7992.791302311221,7641.195102438487
2025-07-26 02:00:00,6662.902195487492,7146.13495205473,7283.717678841824,6796.067539778575
2025-07-26 03:00:00,5987.983652199508,6793.728143626049,6620.700756340515,6507.786905615963
2025-07-26 04:00:00,9310.173209382512,7103.6069908018235,6829.678933289185,6707.162237803047
2025-07-26 05:00:00,4697.104840393913,7172.189280277321,6753.377551969457,6553.306258886105
2025-07-26 06:00:00,8003.466871896457,7234.483617307746,6691.094247399066,7189.107842918284
2025-07-26 07:00:00,7668.6940344367285,7914.084549523559,7137.406593668515,7591.181042536538
2025-07-26 08:00:00,10802.657553977002,9986.300831675408,9950.165926073423,9806.22973960107
2025-07-26 09:00:00,17734.196095451993,12082.614342073497,12472.293783836145,11747.898342437456
2025-07-26 10:00:00,10316.321131569006,14393.59145110597,14081.641472807009,14248.707221540153
2025-07-26 11:00:00,16941.1716583109,15842.456722609772,17107.33523241746,16457.873084638988
2025-07-26 12:00:00,18253.41491381102,17059.75621857206,17458.011287023124,16635.31621296299
2025-07-26 13:00:00,20115.683804710377,18069.807937209,18166.740423591677,17980.268002991477
2025-07-26 14:00:00,14779.765601536597,16294.073088441099,16887.033728676328,16173.014829340937
2025-07-26 15:00:00,16739.690942584097,15252.646544444646,15102.11628389775,15600.280519670085
2025-07-26 16:00:00,14192.51962770171,14002.229075603937,14469.466096939908,14611.882118100475
2025-07-26 17:00:00,13969.683579424698,13116.828615911789,13411.23402947138,13500.772899154066
2025-07-26 18:00:00,13105.016154625719,13001.197974332383,13078.722107250689,13359.444827042173
2025-07-26 19:00:00,12118.322991218072,13108.720240976954,13006.210985864747,13130.642979783353
2025-07-26 20:00:00,11879.27504371372,12722.47973644024,12956.455449869889,12638.773927071816
2025-07-26 21:00:00,11904.33822308276,12634.460314636992,12686.362227368701,12399.59892889536
2025-07-26 22:00:00,12414.812386692814,11438.075321341297,11373.631195513059,11127.519625537505
2025-07-26 23:00:00,7776.778412504436,9623.577968882466,9893.333394153293,9311.985605959444
2025-07-27 00:00:00,8238.707785596755,8217.444108663432,8353.965748433884,7778.385492015854
2025-07-27 01:00:00,7301.301838969841,7909.7736511528965,8180.363713823589,7424.88012059708
2025-07-27 02:00:00,7814.406500981757,7624.110716435085,7254.838465723497,7495.3605349076915
2025-07-27 03:00:00,7811.137809261525,7342.2482423844485,6977.398304251345,7415.645101822951
2025-07-27 04:00:00,6998.456601837475,7397.498328864173,6887.8335457647145,7263.708722401329
2025-07-27 05:00:00,8447.33580422213,7906.744756731685,7004.602831854522,7958.397402004453
2025-07-27 06:00:00,3347.9755929583807,7627.725692381989,7084.223116913835,7802.171196443978
2025-07-27 07:00:00,7222.769355069799,8232.147452207888,8421.930100133484,8020.989070762635
2025-07-27 08:00:00,14092.927700214805,9344.099794808582,8316.234660238151,8769.335640908597
2025-07-27 09:00:00,8710.758170240199,11448.326769540758,12199.578937881945,11395.056099397782
2025-07-27 10:00:00,15218.798124876186,14682.691846555008,14499.33044750241,15130.941992385578
2025-07-27 11:00:00,19537.871787986725,16199.813647658317,16566.326825213502,16441.037026520535
2025-07-27 12:00:00,18422.463404699458,17936.649348691855,17999.55363445886,18532.908623466854
2025-07-27 13:00:00,19618.391999307347,18148.932143722806,18469.1732423894,18264.13704605498
2025-07-27 14:00:00,18694.131931814994,17333.38349302687,17124.77359117924,16961.598602701015
2025-07-27 15:00:00,16614.601596359902,16006.872068290273,15580.86829191726,15938.683983742185
2025-07-27 16:00:00,16805.3049943918,13591.866840977831,14110.174470888449,14285.193997115599
2025-07-27 17:00:00,14029.007410630522,12951.398812249343,13350.714348228927,13147.047580757517
2025-07-27 18:00:00,14039.66485588106,12909.66262285458,13235.305354233244,12905.71775188272
2025-07-27 19:00:00,14052.820574242814,12862.62374988763,12947.504849405526,12910.248604896276
2025-07-27 20:00:00,13495.292082754508,12798.547600440565,12968.513985772375,12874.597925356766
2025-07-27 21:00:00,12439.193027719568,12369.424587005265,12465.875318049419,12750.152589068448
2025-07-27 22:00:00,11648.746446071127,11289.577037389998,10603.490886219046,12851.10790578977
2025-07-27 23:00:00,8479.813475939905,9622.72393529478,9581.860428159769,9614.635412859236
2025-07-28 00:00:00,7569.632910048491,9051.802354131454,8327.455631147732,9175.188307476597
2025-07-28 01:00:00,7281.030324219289,8370.474998505018,8018.643727335868,8308.41397507798
2025-07-28 02:00:00,6333.722159353914,7698.306031497722,7945.31448865424,7420.731115615522
2025-07-28 03:00:00,5792.676525169407,6538.105104987169,6093.29541692105,6085.022346659591
2025-07-28 04:00:00,5439.857117856998,6246.976511987959,5802.5611956464545,6061.979111443994
2025-07-28 05:00:00,6639.736475969905,6664.008425909241,6048.143605465461,6313.337266045573
2025-07-28 06:00:00,9994.88835857659,9535.81595896382,9770.948562982909,8983.527480116609
2025-07-28 07:00:00,10550.864348541898,10974.137887393574,10787.436964989622,10814.74353494166
2025-07-28 08:00:00,11577.642746172485,12230.90258059574,12397.949650057515,12630.07243321392
2025-07-28 09:00:00,13204.772451892513,14431.08944581946,13609.904298119196,13992.237890994133
2025-07-28 10:00:00,18598.16925382561,15428.136105251804,15201.732173241522,15720.817535998745
2025-07-28 11:00:00,17345.46008473909,16978.550908739577,16425.956334658553,17009.775502287965
2025-07-28 12:00:00,17722.418940369007,17821.101101166576,16162.048675137701,16370.4298472665
2025-07-28 13:00:00,16124.729156743892,16980.87085594319,16221.14997735318,15943.343762989985
2025-07-28 14:00:00,16551.40277779951,15010.38772943966,14820.993774759236,15127.878782615284
2025-07-28 15:00:00,15099.25748165829,15041.079029818025,15406.473580352067,14936.051634940697
2025-07-28 16:00:00,15888.397138708111,13655.039391367203,14303.81842427067,14030.136929761782
2025-07-28 17:00:00,18679.6985439237,13688.311021537684,13617.399443682409,13638.787618273009
2025-07-28 18:00:00,8973.7661367882,13379.662554443472,13275.040169164044,13214.603379814758
2025-07-28 19:00:00,11111.963909553499,13434.409750211276,12907.458781583584,13124.562697435593
2025-07-28 20:00:00,13176.8712973633,12692.913670917209,12734.930306281429,12514.403793551774
2025-07-28 21:00:00,12184.867524552905,12174.490871027161,12110.221115923547,12140.288415586008
2025-07-28 22:00:00,10409.125412183777,11104.471791306703,11373.676556920967,10731.342798620011
2025-07-28 23:00:00,8871.780696465818,9154.167913372126,9034.03812028007,8835.99422906051
2025-07-29 00:00:00,6418.086914490199,7216.310135113664,7170.720954754428,7071.0427899033775
2025-07-29 01:00:00,7554.731682450802,6982.73073282044,7165.850220083043,6859.2232316372065
2025-07-29 02:00:00,5138.060364091696,6449.575333413888,6478.896644913489,6264.787147867983
2025-07-29 03:00:00,7127.301184090602,6153.339625391621,6187.119385243344,5832.916155619355
2025-07-29 04:00:00,2448.7317904001957,6116.194034805021,6339.480256938397,5737.669219622155
2025-07-29 05:00:00,7537.679597888571,6998.391846690332,6682.352190832027,6749.442796495539
2025-07-29 06:00:00,9558.09141100843,9396.019862235546,9735.203654888694,9045.802677022088
2025-07-29 07:00:00,12017.329338254302,10385.396881541841,10494.355678134798,10273.442914081726
2025-07-29 08:00:00,8499.54655009117,11096.727814600272,10984.642061235347,10267.488520706622
2025-07-29 09:00:00,14375.847533369426,12086.83366529199,11883.261749103776,11770.502521795375
2025-07-29 10:00:00,15365.064310431502,14543.251349110567,14153.046562620388,14939.733418007701
2025-07-29 11:00:00,15905.714098661998,14821.706183235425,15525.596593422926,15219.623565259775
2025-07-29 12:00:00,17132.543094629622,15691.31896561157,15583.558180686066,15722.55442872511
2025-07-29 13:00:00,16602.645411691377,16007.787632668062,16307.173480172205,16025.88976844423
2025-07-29 14:00:00,16087.356950001926,14693.609904423574,15290.674500186162,14999.612962710744
2025-07-29 15:00:00,23028.132065811173,14553.264080448718,14775.548991767846,14540.331080891556
2025-07-29 16:00:00,7259.579583348197,13691.358274587843,13931.963889717477,13298.071918561363
2025-07-29 17:00:00,14421.963092230097,13241.187039891905,12533.276737963108,13022.956787566674
2025-07-29 18:00:00,13940.085438913306,12469.484022463352,12957.04913011016,12792.46209640577
2025-07-29 19:00:00,13541.160741047908,12681.954601232195,12638.28154247738,12660.898191825665
2025-07-29 20:00:00,16578.449547667893,12468.50833068613,12390.793048545462,11765.556158041574
2025-07-29 21:00:00,9690.442994476809,11941.948726898296,12430.019389266006,11311.947777668436
2025-07-29 22:00:00,10731.356376672898,11397.048395904296,11457.226840205652,10625.235696752234
2025-07-29 23:00:00,9845.2745585803,9865.342054592458,9242.829845156994,8798.636009483584
2025-07-30 00:00:00,8112.955505529204,8675.932937313464,10429.43532150895,8625.038849416735
2025-07-30 01:00:00,6651.0583370749955,8251.95547315036,8954.01426674037,8512.826797408954
2025-07-30 02:00:00,6911.416214177501,7826.257505278689,8925.762874011245,8233.06732178646
2025-07-30 03:00:00,5870.103046927403,6989.133897495058,6554.728221807223,6834.218091271068
2025-07-30 04:00:00,7018.323123842594,6887.4689241966225,6432.109352735275,6403.936039742488
2025-07-30 05:00:00,7959.819693685269,7282.325747044393,6823.270227723334,6846.12973407794
2025-07-30 06:00:00,12452.372670961533,9820.718692583017,10852.993619619117,9988.785412391826
2025-07-30 07:00:00,9763.98905918658,11423.484558927763,10646.579480293523,10870.465216981751
2025-07-30 08:00:00,7862.119529885113,11430.60396114322,10607.365923884787,11097.460366048126
2025-07-30 09:00:00,12617.607611573523,11564.895340437692,12047.609384035859,11482.296475023877
2025-07-30 10:00:00,14144.975634824565,14141.314995560007,14169.683629909272,14380.487536083809
2025-07-30 11:00:00,14900.09811909413,13891.185429950383,14344.54249116418,14347.992168752779
2025-07-30 12:00:00,16502.56793451418,14138.526776753328,14292.919474528215,14454.145124172766
2025-07-30 13:00:00,13077.918684175103,14532.66563564743,14772.133596043463,14609.837802028364
2025-07-30 14:00:00,14334.167212716002,14395.470815178593,15025.577433638773,14009.823348658954
2025-07-30 15:00:00,13667.6817921757,14482.389756026658,14899.423493706923,13953.000612322254
2025-07-30 16:00:00,13190.300655004,13680.56970146813,14232.6630439281,13604.681384078245
2025-07-30 17:00:00,12387.371746273402,13268.577661807121,13078.181397071137,13094.706870298225
2025-07-30 18:00:00,15378.18852878729,12800.367959871584,13402.657782775288,13209.335800519306
2025-07-30 21:00:00,12405.742733976123,12430.9301524919,13253.015287950304,12989.34400925468
2025-07-30 22:00:00,11951.772595667608,11595.179601091042,12090.441119528195,12225.97330750891
2025-07-30 23:00:00,7082.39291547637,9682.505034651502,9767.356939523128,9949.784803091732
2025-07-31 00:00:00,11044.175396000112,7807.606678802329,7731.299662762611,7673.56564625914
2025-07-31 01:00:00,8391.926300985695,7888.00432877676,8130.489362355331,8124.294503625499
2025-07-31 02:00:00,9049.322913211596,7774.718370291721,7816.072644230014,7710.108014305342
2025-07-31 03:00:00,7758.91519700991,7754.836797470322,7661.46087598681,7665.378804315971
2025-07-31 04:00:00,8704.961145472276,7723.522286331006,7757.332526687278,7667.625244368126
2025-07-31 05:00:00,8854.938403146742,8177.730300011301,7158.441903983,8254.673750293021
2025-07-31 06:00:00,10331.652335981682,10603.611396005506,11542.382906470428,10030.518542905393
2025-07-31 07:00:00,12595.899234842287,11471.127738744193,11874.36543643372,10827.857397704289
2025-07-31 08:00:00,8812.121244904516,10993.374112582664,10052.839279661985,10951.768911307005
2025-07-31 09:00:00,15254.907681755478,11868.16969389414,11509.99286964289,11622.430634216022
2025-07-31 10:00:00,12500.180637784208,14192.32052459905,13823.71345279301,14103.777553585227
2025-07-31 11:00:00,15515.04097121774,14231.86739170344,13877.786278245132,14593.18061111086
2025-07-31 12:00:00,14732.688479613756,14187.151231099659,13737.954576449765,15011.69701907433
2025-07-31 13:00:00,13400.415666135912,14285.733804005904,13839.698157076258,14693.885528011075
2025-07-31 14:00:00,15132.65638938887,14580.019792818184,16365.83560636044,14269.508955313539
2025-07-31 15:00:00,15062.161538221928,14610.171665770706,15625.655835076868,14449.090378402983
2025-07-31 16:00:00,12912.00472057519,14426.852511855228,14933.337837968356,13350.491913536322
2025-07-31 17:00:00,13840.7303831781,13423.391863314158,15772.74331613793,12960.36390527493
2025-07-31 18:00:00,13735.739933465524,13399.466174601497,16139.517278431435,13608.335335978547
2025-07-31 19:00:00,14154.91040225438,13068.443703456662,15420.588396122535,13398.455389177114
2025-07-31 20:00:00,20751.50770046573,13264.99448536117,14911.859588069688,13269.648191153532
2025-07-31 21:00:00,7498.984011676603,13492.216062985857,14794.491020309913,13285.792683545822
2025-07-31 22:00:00,12489.872009991574,12768.541815801987,13514.323916967569,11971.504310240625
2025-07-31 23:00:00,15008.769758328295,10861.81714015898,10868.43917289652,10245.246409408826
2025-08-01 00:00:00,9386.154792093603,10027.010691518662,11841.662777793512,9324.015938091768
2025-08-01 01:00:00,10814.364100003804,9651.169328368116,10521.913515893344,8995.036605838019
2025-08-01 02:00:00,4909.361745542294,9349.2941873736,9844.12684144898,9343.162162948203
2025-08-01 03:00:00,9662.84034159831,8237.796553641558,10378.697346209326,7687.135039737985
2025-08-01 04:00:00,6526.579418253095,7979.968561798509,10262.301062701576,7504.112268106948
2025-08-01 05:00:00,10409.0488596695,7845.029279733815,10441.070961610425,8894.261864586897
2025-08-01 06:00:00,8208.4611753658,9968.356634008433,11634.3341112667,10443.017909338447
2025-08-01 07:00:00,12266.072555211296,11173.735081213668,12372.302258591131,10993.957159280926
2025-08-01 08:00:00,9576.458071013829,12868.62014605865,13601.78073013421,12286.645162926934
2025-08-01 09:00:00,11648.126132021676,12678.672613525952,13358.902137434157,12502.539468771882
2025-08-01 10:00:00,13861.018680696514,15449.039742958674,17100.889067262546,13601.547302504181
2025-08-01 11:00:00,14271.992636590445,14292.559504122439,14091.132201323962,14654.757946474028
2025-08-01 12:00:00,16013.355098301643,16123.59676010263,14121.504883852498,15782.072518742756
2025-08-01 13:00:00,15536.385949848318,17020.895527309596,16511.961434945213,16637.41028099871
2025-08-01 14:00:00,16670.647099540078,16458.55171722596,17589.586293928594,16359.57145081762
2025-08-01 15:00:00,12755.096865414798,16139.019502029345,17885.99682794533,15728.218100859876
2025-08-01 16:00:00,15297.346699606394,14006.796971998665,16002.267854168591,13701.826306804734
2025-08-01 17:00:00,13033.398824241707,13602.624795178599,14120.868995433433,14025.581578285986
2025-08-01 18:00:00,13418.288885292426,13105.509835256049,13542.562721746872,13751.835255565878
2025-08-01 19:00:00,13685.728611203278,12903.382644711606,13792.774467735064,13280.57123103309
2025-08-01 20:00:00,12239.256144614998,12878.890038630216,13431.868936220324,12802.844453929434
2025-08-01 21:00:00,13437.280835810805,13031.841488093894,13563.293248665457,12816.89434815989
2025-08-01 22:00:00,10915.546422623702,12535.401312712042,14615.404907347956,11809.228246697954
2025-08-01 23:00:00,11764.514184208188,10223.99463704069,10384.803281600329,10284.769010667484
2025-08-02 00:00:00,9139.647501194606,9481.270568035152,10799.11428756611,9191.95714757545
2025-08-02 01:00:00,8778.6148930942,8651.083726928593,9973.90659473409,7501.237130883404
2025-08-02 02:00:00,8401.643629283979,8303.099530882255,10064.397563029723,7953.001150427914
2025-08-02 03:00:00,6575.654185466648,7947.141663723887,11045.292670058061,7832.649599709286
2025-08-02 04:00:00,10997.076571796148,7639.834876455805,10123.784866755232,7442.801655629476
2025-08-02 05:00:00,6001.667237352121,7212.230246888534,10517.58744496252,8039.994736023698
2025-08-02 06:00:00,7357.710607367819,7026.242232650864,7576.054119994967,7656.151823635454
2025-08-02 07:00:00,19444.434201541164,8530.368633330847,8489.415134067316,8466.522847568098
2025-08-02 08:00:00,10754.48990526282,12038.749179740196,13389.627046702262,10960.077738529804
2025-08-02 09:00:00,3239.1834765229323,11204.151296393367,11542.864094984952,10773.810383069484
2025-08-02 10:00:00,16081.143263996863,16822.49376539047,20322.868845343615,14945.931568418142
2025-08-02 11:00:00,18602.806044555204,17071.722530254025,16718.508531218977,18518.60283143678
2025-08-02 12:00:00,19255.685245863202,19166.667374141514,17046.31749819679,18846.77973001009
2025-08-02 13:00:00,20728.232173790002,19134.402575560736,18380.305487489684,19360.008741850732
2025-08-02 14:00:00,19666.065124605102,18869.15250244693,18316.80728289314,18576.243463596977
2025-08-02 15:00:00,17834.8814390227,16528.786274679325,18140.612764897523,15448.57768253843
2025-08-02 16:00:00,14393.099646345989,14798.320985197992,17792.273252662264,13317.845819395541
2025-08-02 17:00:00,15808.0055376403,13677.614130016607,15477.19479996339,13028.49922453122
2025-08-02 18:00:00,12026.466316163398,12720.935716349493,14235.831105450921,12060.969120642116
2025-08-02 19:00:00,10372.563877239914,11724.918313799148,11766.723895115669,11679.064324491415
2025-08-02 20:00:00,20853.554387534394,11706.922433239228,12003.61494720323,11306.026426837381
2025-08-02 21:00:00,7326.488568851699,11877.941377085248,11802.45827168148,10968.70668968106
2025-08-02 22:00:00,5175.016313233507,10196.617146337048,9917.47476901374,9856.774775581262
2025-08-02 23:00:00,8840.721421478398,9333.025608327513,9795.71510256553,8585.26198006915
2025-08-03 00:00:00,8434.965249261706,8994.396565819861,9704.41953001748,9194.915453208901
2025-08-03 01:00:00,7807.772857599091,9505.378473883946,9417.830744528834,8170.474234129283
2025-08-03 02:00:00,7320.140969806307,8758.59993310031,9525.95211325735,8021.839708098714
2025-08-03 03:00:00,8714.477339793992,8943.665383744688,11406.08619268228,10199.964168399847
2025-08-03 04:00:00,6415.970743952086,7687.2965287972065,9122.240371073014,7638.997869708684
2025-08-03 05:00:00,3809.436366748014,6708.747790864133,7516.50587498631,6675.443339922033
2025-08-03 06:00:00,7329.421232682525,7928.555441456206,6985.915830921189,7665.48776797747
2025-08-03 07:00:00,6425.518660934478,8675.652592571641,7944.10887106789,8179.008829442371
2025-08-03 08:00:00,8313.759846980614,10787.299762051305,9794.737298022732,10030.275261228022
2025-08-03 09:00:00,12411.700320120686,12657.317100058266,12451.719090017334,13071.963679153292
2025-08-03 10:00:00,20703.896831063998,16655.066838331997,19055.90334602665,15186.89361661692
2025-08-03 11:00:00,10535.249405822198,17273.744600900187,17945.756604858085,17629.08933660451
2025-08-03 12:00:00,17876.3133473983,17688.8477364688,18946.0459894827,18233.299279315397
2025-08-03 13:00:00,18697.390522884274,18198.03443830124,19465.53838576747,18685.623607759324
2025-08-03 14:00:00,18883.395436673603,15996.841909517547,17720.424899230955,16585.280311428294
2025-08-03 15:00:00,14650.747107618325,14307.139418451603,15630.082855779381,14855.10555565617
2025-08-03 16:00:00,13593.813406367903,13329.826458917534,14512.388977230989,12982.08537720808
2025-08-03 17:00:00,13599.943171363815,12778.700031019065,12738.612872797452,13077.062843084037
2025-08-03 18:00:00,13034.49354308678,12804.957237276903,12753.13301779413,12793.039573397127
2025-08-03 19:00:00,13462.904364948703,12260.352051830541,12054.64394508443,12572.392165484158
2025-08-03 20:00:00,13295.611902140596,11909.607090458392,11751.64668370095,12471.284792979615
2025-08-03 21:00:00,13556.584163337804,11666.820331338124,11601.254503015109,12806.829488354833
2025-08-03 22:00:00,11200.928681278114,10596.40813165257,10671.498735552228,11661.495106630646
2025-08-03 23:00:00,10973.866267927393,9292.265469836777,9354.196175580224,9223.115304466348
2025-08-04 00:00:00,6897.200886584487,10196.920599986272,8517.76194025214,10029.709345558567
2025-08-04 01:00:00,6776.410065203803,8430.771755862643,8216.435804085915,8207.36349207491
2025-08-04 02:00:00,6068.134843247681,7781.718331584958,7177.519547025161,7157.954980775145
2025-08-04 03:00:00,6642.8577415945965,7355.563837477825,6595.530769682683,6647.3620313989695
2025-08-04 04:00:00,6940.164382289731,7059.387780092494,6841.368382258393,6759.160310579443
2025-08-04 05:00:00,6436.507007417189,6886.765338612029,6676.682135458936,6459.22615589643
2025-08-04 06:00:00,10476.355775369102,10494.872584338647,9765.710928520966,9466.091290272854
2025-08-04 07:00:00,24121.398667899597,14340.306364297481,15911.47882587169,14685.868060543733
2025-08-04 08:00:00,1654.289536233311,12803.95212923224,13051.716499817865,12453.046225670218
2025-08-04 09:00:00,16499.84064255699,14481.34007787715,15121.408855718571,14327.251547313965
2025-08-04 10:00:00,13019.365559678212,15467.330672882992,15253.189978827828,15342.711164711127
2025-08-04 11:00:00,16275.978593705708,16108.452939669998,15711.942828364994,16490.160693579437
2025-08-04 12:00:00,16771.91868186899,16454.107806240965,15955.726096373293,15959.281836425575
2025-08-04 13:00:00,16186.065102313889,16904.538870766537,15830.87648014504,16479.501595193942
2025-08-04 14:00:00,15749.236558358014,14619.930981905189,15249.552737147762,15074.50539330249
2025-08-04 15:00:00,14755.97908252259,14413.97321377183,14953.002776314974,14595.688698748783
2025-08-04 16:00:00,14183.133297955108,13522.524575657058,13820.947801925817,13711.459160235174
2025-08-04 17:00:00,15307.45666476429,13930.049066254085,13689.830436035894,14052.088357628674
2025-08-04 18:00:00,11564.10084823531,12685.126788047211,13106.217264298124,12905.554539282643
2025-08-04 19:00:00,13923.8295100219,12125.31607737295,12659.757338590269,12201.750044048138
2025-08-04 20:00:00,13061.00133534229,12007.557704405497,12357.44843218127,12289.944632426686
2025-08-04 21:00:00,10631.005305547329,12357.796206688057,12024.74901158291,11965.642689037093
2025-08-04 22:00:00,11598.388355601572,11636.539756528036,10923.798353038736,10840.326426362544
2025-08-04 23:00:00,7584.144951875112,9272.21189666362,9140.62741607838,9002.308153100556
2025-08-05 00:00:00,6911.192102075602,7714.982894132632,7438.40864959354,7253.627149581941
2025-08-05 01:00:00,6023.48595178609,7484.836059277508,6945.5278543855675,7061.248023474024
2025-08-05 02:00:00,6568.586536645598,7672.209368276815,7170.9724952229,7044.981577681761
2025-08-05 03:00:00,6400.29498901811,6903.711377542841,6477.6195266098,6519.816584344728
2025-08-05 04:00:00,7360.794646167371,6767.211882872431,6391.095411839802,6961.238361554914
2025-08-05 05:00:00,5767.8833609658395,7778.415829691316,7571.743818597022,7330.33531083651
2025-08-05 06:00:00,12806.449668232282,11198.89711278993,10520.728570916226,10631.277994812861
2025-08-05 07:00:00,9475.475536038703,11116.82109897577,10645.445334182818,10885.422479370885
2025-08-05 08:00:00,11918.754188203795,11797.636230506581,12779.935527543545,12385.712420292652
2025-08-05 09:00:00,13562.757292966202,13607.2321721909,13621.66553286434,13154.967307178116
2025-08-05 10:00:00,16287.780982208402,14983.460317006049,15369.034970904297,15100.240682377631
2025-08-05 11:00:00,14083.452268919622,16345.800106809103,15542.39386777006,15983.926837520397
2025-08-05 12:00:00,17749.364115914603,16684.427570746513,16104.920090917984,16085.094450700348
2025-08-05 13:00:00,16068.746868738479,16020.16541898681,16340.089161813245,16260.258369437825
2025-08-05 14:00:00,15180.1752692044,14850.405495757706,15579.50076366898,14636.395089618862
2025-08-05 15:00:00,14068.381423931318,14839.574674937214,14926.238040967351,14762.333466242986
2025-08-05 16:00:00,13744.102980610274,13785.044333769274,14206.707462892373,13875.142383735003
2025-08-05 17:00:00,12500.357401879399,13553.9151987606,13209.592667744102,13565.21005693643
2025-08-05 18:00:00,13093.867044886898,13378.700227735942,13113.544737719654,13437.63075518959
2025-08-05 19:00:00,13058.483554878509,13252.593921029615,12863.064411903248,13130.201209372006
2025-08-05 20:00:00,14406.2679018822,12887.016117002082,12962.564576191799,12886.969658083553
2025-08-05 21:00:00,14832.0060155742,12605.184385767032,12569.576338324949,12495.220609855462
2025-08-05 22:00:00,7015.351806680199,11148.70902321204,11066.745938012067,10858.721948012644
2025-08-05 23:00:00,8810.908698162408,9329.816065207533,9472.007114973867,9491.85007392454
2025-08-06 00:00:00,8114.145125904473,7889.955029457865,7873.837556076019,8135.643873533686
2025-08-06 01:00:00,7417.997499253121,7199.319503616342,7053.848737014255,7624.22596379785
2025-08-06 02:00:00,6935.995892424005,6835.334964533598,6750.645622340158,6912.574452757343
2025-08-06 03:00:00,5889.339809726522,6810.346364820441,6858.144529810313,6636.035904620755
2025-08-06 04:00:00,6865.4542353939905,6925.181305838409,6819.870042100569,6912.230004999545
2025-08-06 05:00:00,7823.96717848401,7528.37089375964,7404.429365617763,7499.319445609513
2025-08-06 06:00:00,24089.000259739976,14262.726405464557,13538.13047057512,13419.727344017343
2025-08-06 08:00:00,13129.697254202114,12716.742842646247,12452.207592136503,12440.396905550253
2025-08-06 09:00:00,15807.026201369928,14495.712809980028,14377.334299714708,14538.241588349749
2025-08-06 10:00:00,14878.617409842576,15579.82784902118,15738.24969393711,15199.511565219738
2025-08-06 11:00:00,16239.371222401902,16542.831982867025,15795.691584715329,16382.91578118714
2025-08-06 12:00:00,15958.872228252203,16171.288554305973,15879.596727254762,16500.1686500437
2025-08-06 13:00:00,15311.207180850277,15856.607251729252,15861.795989254531,16251.413229362162
2025-08-06 14:00:00,14917.440497561798,14871.035613373306,15390.478561126027,14938.278044088376
2025-08-06 15:00:00,14790.354432821721,14720.212982418225,14705.737398329238,14767.375252186266
2025-08-06 16:00:00,13680.361840396276,13612.108471473208,13992.39197568872,13832.747254877584
2025-08-06 17:00:00,15891.35376084322,13619.370805705476,13198.656541411048,13560.428487904592
2025-08-06 18:00:00,12274.214377137385,13350.650774284524,12825.009660474025,13315.778398893688
2025-08-06 19:00:00,13457.441010672224,13036.12617154073,12720.42119150735,12733.657087594493
2025-08-06 20:00:00,14038.520759725803,12792.461766894377,12845.175524565499,12315.50729598765
2025-08-06 21:00:00,14045.898990403093,12248.737075592462,12519.993070735509,12097.125157524733
2025-08-06 22:00:00,11797.857334944703,11501.699236073511,11260.442540339638,11323.864033812797
2025-08-06 23:00:00,9097.037523707108,9321.987150018238,9293.598815045481,9174.481603335014
2025-08-07 00:00:00,8831.261860295392,9195.540738188261,8770.349695364996,8891.609137707692
2025-08-07 01:00:00,7314.557896829196,8831.913712701275,9106.01981111976,9042.403115282585
2025-08-07 02:00:00,6810.866515056608,7440.436610327677,7350.666339982188,7378.308077002353
2025-08-07 03:00:00,6989.340161887512,7342.061093420134,7707.228758317252,7405.571124433768
2025-08-07 04:00:00,6962.165014281185,7231.73101816688,6933.6201140523735,7308.574071447097
2025-08-07 05:00:00,6638.6074367623005,7011.298728985323,6837.234375713339,6791.559830513976
2025-08-07 06:00:00,11636.697111292193,10313.69406473906,10592.03958248429,9752.656165307893
2025-08-07 07:00:00,9334.47382137,11401.41045546374,11178.91605824104,10640.936449867708
2025-08-07 08:00:00,13038.732811422222,12736.156190553926,12800.93866649695,12739.637643159782
2025-08-07 09:00:00,18825.305958357687,14036.500530087393,13925.66429398954,14072.894018722018
2025-08-07 10:00:00,12947.598967638092,14341.457877598528,14664.99527498435,14538.724377301049
2025-08-07 11:00:00,15810.8223592482,16546.102837635335,16456.417622052784,16103.862311234412
2025-08-07 12:00:00,16039.3644492251,16263.819955378705,16895.96168054587,16036.01847148427
2025-08-07 13:00:00,15885.456667023183,16321.682585899609,16861.722846747238,15787.167631274044
2025-08-07 14:00:00,14077.681419411925,15073.072650185259,15445.214761729778,15187.952152385507
2025-08-07 15:00:00,17523.707776052088,14640.936119854881,14883.885854647238,14948.744086068622
2025-08-07 16:00:00,12164.118855947032,13521.681544485145,13266.698489557037,13723.133770612696
2025-08-07 17:00:00,13554.821017163467,13216.179521197455,13485.049882884538,12960.117279850705
2025-08-07 18:00:00,12742.307578095224,13039.904196154856,13221.785720369007,12895.38908856671
2025-08-07 19:00:00,13056.562902716065,13033.249988150974,12848.714539221353,13057.432660883058
2025-08-07 20:00:00,13795.753647371623,13430.68899337612,12583.99525788198,12274.01766899755
2025-08-07 21:00:00,10623.763171583898,12115.24040219764,12594.200670429293,11182.675182534762
2025-08-07 22:00:00,10777.722783190206,11043.48236923474,11122.355953612823,11279.947762135944
2025-08-07 23:00:00,9627.304427730918,9825.052122652749,9448.29332066514,10195.737477932915
2025-08-08 00:00:00,9758.406563777204,11653.94422351265,12681.135364193098,11087.860843445445
2025-08-08 01:00:00,7529.378159202868,9042.287569356973,13948.433169622682,8632.255599582033
2025-08-08 02:00:00,3725.489430444708,7628.484870237985,7957.408308507494,8060.605170794926
2025-08-08 03:00:00,7781.08472620919,7529.342731994044,7466.769616607704,7390.245190652219
2025-08-08 04:00:00,13585.293441506306,9271.924754585145,9198.15747116619,8923.291584399454
2025-08-08 06:00:00,10768.719669495611,10081.846914192343,10727.151165897927,10076.635489275886
2025-08-08 07:00:00,10423.146222367282,10952.494618153882,11398.213394479486,11043.619817631235
2025-08-08 08:00:00,13009.044080888027,12680.250171229154,13445.76639865887,12665.968707113023
2025-08-08 09:00:00,14819.883115996581,13718.819472727011,14774.926896770055,13709.549728780836
2025-08-08 10:00:00,28647.9550614502,15161.041846470245,14659.325150603829,15587.562415950684
2025-08-08 12:00:00,14838.114267052497,15867.45933906228,15826.13126139229,15889.12219412114
2025-08-08 13:00:00,14923.746950634693,16020.548971616981,16275.051675167306,16530.87970978002
2025-08-08 14:00:00,15073.746329138292,14912.09391144256,15242.684048370633,15317.31737596815
2025-08-08 15:00:00,15610.37998626001,14830.0614941862,15183.557675806489,15317.045602538401
2025-08-08 16:00:00,13828.195150014202,13949.102265731577,14026.698926978348,14185.880422259506
2025-08-08 17:00:00,13987.704575504406,13598.97143626208,13571.902521844717,13560.558557583614
2025-08-08 18:00:00,13333.111983638595,13389.524558760097,13260.019618542026,13253.5613140307
2025-08-08 19:00:00,14538.338239395704,13251.74093547927,13092.358533076238,12864.328507079841
2025-08-08 20:00:00,10808.756916114819,12790.851343064718,13196.459837231463,13028.334613009243
2025-08-08 21:00:00,11253.243272747673,12412.27003894453,13081.191920979549,13035.387695395044
2025-08-08 22:00:00,11775.943158490285,12204.101730454686,12985.516016180853,12361.755508662682
2025-08-08 23:00:00,10445.86116924794,9872.4612094717,10305.919450070618,10360.108325174466
2025-08-09 00:00:00,14767.517914076587,10852.321709174877,13869.553013127366,10612.561581051827
2025-08-09 01:00:00,7662.523566910721,9737.957783211523,13292.700154387558,9954.813337633606
2025-08-09 02:00:00,10012.14858837417,8542.068155901514,8632.294677421458,8823.510997007323
2025-08-09 03:00:00,1945.3598975860132,7960.3937679698,7893.6933396689965,7647.373137173828
2025-08-09 04:00:00,8486.54779639309,7563.685532969632,7802.106424708746,7657.512041558537
2025-08-09 05:00:00,7111.926706056001,8096.499675155064,7707.872125985497,9215.905779213179
2025-08-09 06:00:00,8531.406026411834,8105.220752275519,7720.373956827227,8255.177887454049
2025-08-09 07:00:00,9081.339043214346,8564.03644571233,9012.942054112798,9312.13053751217
2025-08-09 08:00:00,16041.024742882018,11740.221511652982,13303.487156122406,12262.960993745948
2025-08-09 09:00:00,12582.807681350405,13896.1431319549,14403.684290362871,15076.20066100573
2025-08-09 10:00:00,10767.197451290289,15922.21182501233,17457.004331423737,16179.224973601998
2025-08-09 11:00:00,19166.55461782011,16997.44616222308,17763.546233721492,17643.176162999873
2025-08-09 12:00:00,16113.49432791612,17328.501124020724,17421.798498301876,17869.61428560431
2025-08-09 13:00:00,18212.423997650676,18873.63799112417,18674.043502590117,18912.670041908154
2025-08-09 14:00:00,17092.169661240307,17032.070419885775,17677.913600497846,16824.8736176625
2025-08-09 15:00:00,16331.81707591077,15846.447766055731,15600.147210244948,15238.834860354682
2025-08-09 16:00:00,14540.019451971617,14322.885113693523,14349.4595847948,14038.925138213857
2025-08-09 17:00:00,13907.365788652107,13834.615220656848,13757.888635611293,13741.159892148646
2025-08-09 18:00:00,13282.689598030007,13380.508704390311,13603.271608032592,13198.58001588516
2025-08-09 19:00:00,12627.186103799617,13112.430666832266,13256.65458964984,13473.206269435505
2025-08-09 20:00:00,13180.761495673773,13431.031959626578,12800.360410523936,12979.889476269052
2025-08-09 21:00:00,11354.997827958407,12815.634626546664,12113.797218903306,12769.687285383055
2025-08-09 22:00:00,10301.686621532914,11669.277384767418,10646.429861159178,11512.053827214138
2025-08-09 23:00:00,9554.734544709392,9419.773356505322,10439.110543954514,9541.926291855338
2025-08-10 00:00:00,8813.021246923821,9676.363420888016,9290.321993967536,9045.527169346316
2025-08-10 01:00:00,7348.499609644001,8567.32060456462,8877.887592654643,8632.532089476135
2025-08-10 02:00:00,7451.875633051473,8006.194015443827,9476.316921111687,7461.272803706455
2025-08-10 04:00:00,12283.997452324904,14902.465287531344,15521.706680357609,13970.903901830474
2025-08-10 05:00:00,7517.433687879602,15401.000354529291,15537.151992807414,13950.129727707212
2025-08-10 06:00:00,11599.287979380202,16153.457718248663,13667.14863068059,15552.38289517151
2025-08-10 08:00:00,9225.284369577352,9557.15166903738,8674.889395789643,9422.370998622982
2025-08-10 09:00:00,12026.380922668632,12632.655496933767,12410.521049125582,13069.4392067626
2025-08-10 10:00:00,17240.2101594599,16853.857128544805,17299.84149260455,16328.0488015918
2025-08-10 11:00:00,21953.4739847589,18877.983951133247,20051.601150577626,19618.560789425774
2025-08-10 12:00:00,18365.530672680597,21150.848297168468,20408.49490956237,20307.51624116146
2025-08-10 13:00:00,19134.02977446513,20748.974490198452,20278.008607371303,19440.07107570742
2025-08-10 14:00:00,16933.459523814196,18468.707596302436,17961.043055527567,17287.78065217172
2025-08-10 15:00:00,16497.502157393155,17644.949131413803,17012.515248079722,16832.03897503228
2025-08-10 16:00:00,13544.680723474521,14370.855674769733,15434.23338556222,14854.208671837916
2025-08-10 17:00:00,13599.399517058202,13708.35136238343,14001.597188286021,14053.384485045033
2025-08-10 18:00:00,12908.123275753114,12621.391064373282,12952.409663464405,13515.300955531746
2025-08-10 19:00:00,14615.792384071585,13752.62821092232,15028.705305745225,14316.664302808775
2025-08-10 20:00:00,11179.171960418496,14221.848754112509,14958.464906437637,14793.066926151103
2025-08-10 21:00:00,11794.398296559728,13683.427521935466,14397.766923604653,13473.071779012847
2025-08-10 22:00:00,10492.738625139078,10844.918956449126,11077.06061713321,10430.413321012446
2025-08-10 23:00:00,9076.790943139285,9361.553471585561,9336.088999446989,8885.322155065478
2025-08-11 00:00:00,6358.653714801989,7414.007056526236,7193.41678868096,7280.763923871571
2025-08-11 01:00:00,5527.726195718511,7204.096927282984,8094.793137747005,6877.125886792844
2025-08-11 02:00:00,9797.316128628809,6874.5864963270415,7144.85194963055,6442.688528425873
2025-08-11 03:00:00,2352.28183762152,6091.023619505682,5736.908224775722,5697.242356990022
2025-08-11 04:00:00,5287.021653520293,6604.7829686074565,6288.428502482135,6058.314085709209
2025-08-11 05:00:00,7581.424906894805,7064.713922209488,7049.445277714458,7247.501046636385
2025-08-11 06:00:00,9590.142187645764,9544.548872810192,8965.298669345371,8983.48004876983
2025-08-11 07:00:00,11995.58607010102,10729.625612567235,10150.074932328987,9832.807016063149
2025-08-11 08:00:00,11713.195147873474,13076.879229251615,13538.065737774943,12678.404783446957
2025-08-11 09:00:00,14801.093139114138,14307.04645969077,14570.867319324656,15048.639609708445
2025-08-11 10:00:00,16323.432761135897,15815.298834851432,15985.18602421231,16403.741564261312
2025-08-11 11:00:00,17268.3314518803,16697.284130082862,15384.003880278442,16193.48098651168
2025-08-11 12:00:00,17798.476836625992,16977.7694648573,16309.011324563719,16193.787145382896
2025-08-11 13:00:00,17388.521217028127,17694.516838524352,15691.116247085098,17235.03320104135
2025-08-11 14:00:00,15249.49842439147,15044.11351557171,15001.580455439596,14693.289639632394
2025-08-11 15:00:00,15721.338762654206,15171.37004913538,15162.138435655877,14725.748005065
2025-08-11 16:00:00,13361.9910481064,13632.422435535249,13760.815341434341,13196.065517282897
2025-08-11 17:00:00,13738.01065037159,13812.737295140018,13533.811228640372,12717.667096732956
2025-08-11 18:00:00,12886.126089823494,13515.61738000442,12953.270138414147,13024.849140352318
2025-08-11 19:00:00,13209.869428108988,13382.187421260385,12588.73132696255,13529.03016385489
2025-08-11 20:00:00,13105.269283845124,12814.557213220703,12455.24704543667,13248.64217037542
2025-08-11 21:00:00,12557.558316714207,12956.713317532449,12353.342146141478,12318.518355206024
2025-08-11 22:00:00,11895.343591562203,11408.265341534752,10589.131493577841,11256.966150590553
2025-08-11 23:00:00,8363.452583184795,9387.7695241911,9115.806058454877,8225.417030580338
2025-08-12 00:00:00,8123.7573134758,8555.640505782514,8202.860593270983,7483.205814752145
2025-08-12 01:00:00,6053.110936903075,7304.17909512825,8038.457390782547,6953.743678593261
2025-08-12 02:00:00,4997.408125824819,6930.337594269015,7073.804060233202,6551.093045382932
2025-08-12 03:00:00,3217.2163327994986,6297.646766402233,6254.480110397577,6002.791855453975
2025-08-12 04:00:00,6015.840167153787,7064.18003366686,7415.595410572836,6795.298586919059
2025-08-12 05:00:00,6457.80008200599,6832.54023011353,7007.044822568519,6305.389201531608
2025-08-12 06:00:00,10261.619536026952,8600.60858912606,9832.42110537073,8369.295233078308
2025-08-12 07:00:00,12955.066948923672,9598.928129230888,10111.995125527043,9427.435629341946
2025-08-12 08:00:00,10110.68995350249,11614.47620641797,10795.977205462874,10838.152176644211
2025-08-12 09:00:00,14251.049767147913,13078.490050578364,12468.226114989237,12764.637804871156
2025-08-12 10:00:00,14945.875653710413,15155.924515351691,15046.240683609052,14709.704725675165
2025-08-12 13:00:00,15416.98181882413,15833.757437158782,16068.186798552251,15574.91936735688
2025-08-12 14:00:00,14411.298998171074,14838.327900355496,15065.430850143768,14571.375010974665
2025-08-12 15:00:00,14561.903327668402,14654.097468534233,14873.213915442755,14702.073958676392
2025-08-12 16:00:00,13185.931499943792,13600.578176521152,13942.270903404682,13505.010076550341
2025-08-12 17:00:00,13756.316298548012,13112.784874346744,12826.805512297076,13039.845302797276
2025-08-12 18:00:00,16257.962138601291,13346.278205457167,13266.408623390422,13018.425269436491
2025-08-12 19:00:00,12000.00136477598,13281.457949011445,12191.21528066046,13159.95565328466
2025-08-12 20:00:00,14399.306239664327,12810.580189983026,12285.810567413919,12862.46785854022
2025-08-12 23:00:00,9568.058556592508,10262.977354258892,9351.454007650545,10328.230011764095
2025-08-13 00:00:00,7944.329911179597,9824.389429101071,10440.683049840482,9709.69221793666
2025-08-13 01:00:00,8260.2236602997,8971.52851697021,9379.861130926092,8821.392178933193
2025-08-13 03:00:00,6450.999389884999,7291.3530594510585,6764.159795783129,6948.152174525772
2025-08-13 04:00:00,7349.152328402808,7258.9959213474585,7232.526905923641,7091.611358930023
2025-08-13 05:00:00,7501.483360081991,7335.215089629488,7826.473970095523,6983.36290991659
2025-08-13 06:00:00,10741.480654573086,9170.455358994022,10149.879996348689,8862.62423256928
2025-08-13 07:00:00,18368.55398059291,10317.209153338485,10537.675205675705,10023.681086902929
2025-08-13 08:00:00,7706.096396288271,13312.621371098841,13763.910499495985,12646.239185255654
2025-08-13 09:00:00,14618.197101600137,15292.077550996371,14917.375863945681,15102.502593579373
2025-08-13 10:00:00,14814.773468201201,15970.64008712536,16021.402029512365,15749.922652618183
2025-08-13 11:00:00,15941.93541984089,17090.536418300115,17471.267215919324,16714.011623952534
2025-08-13 12:00:00,16063.354355736108,16728.78162113791,16865.823761248044,17107.865898434815
2025-08-13 13:00:00,15846.446480441995,16170.220591074436,16783.341481967356,17009.997909269183
2025-08-13 14:00:00,16446.7822491961,15287.124883467959,15568.469345692387,15325.902576396706
2025-08-13 15:00:00,12522.346144486899,15076.302526443094,15163.78826483465,15028.703784983669
2025-08-13 16:00:00,14329.087011276715,13762.131090781177,14050.345034766648,13760.270989844179
2025-08-13 17:00:00,12102.58617732608,13511.769121281677,13496.14504646705,13446.611167612393
2025-08-13 18:00:00,13915.151656267106,13540.042040747676,13442.101245151174,13423.151854844093
2025-08-13 19:00:00,12390.1509505155,13169.093391923107,13056.739805824907,13207.906610837632
2025-08-13 20:00:00,14261.8367839435,12426.712508540042,12428.92052869382,12231.484398444318
2025-08-13 21:00:00,10565.326264184598,12033.002647087264,12636.046810501342,11827.542896025408
2025-08-13 22:00:00,10963.238838266501,11236.425079544055,8919.906892571375,10722.932077033975
2025-08-13 23:00:00,9270.49981838342,9318.493634648743,8588.709114553812,8361.318111607457
2025-08-14 00:00:00,14143.043323008085,9360.526452989183,9605.37990241281,8487.32239390349
2025-08-14 01:00:00,6660.559623554393,8670.46549532723,9340.728668843502,8129.188667719023
2025-08-14 02:00:00,-93.21068557849685,7186.357796469653,6207.6808290900035,6764.302296404863
2025-08-14 03:00:00,7312.129500239584,7050.905200669002,6303.941563311544,6433.022915244011
2025-08-14 04:00:00,7734.862788430211,7154.614512520302,6981.990576102249,6910.928093709918
2025-08-14 05:00:00,8406.799060079902,7736.413895690122,8067.402950815238,7360.32192900652
2025-08-14 06:00:00,9418.101650722925,9440.426582418659,10258.719770861739,9826.012414266548
2025-08-14 07:00:00,11514.228085583349,10443.5485240576,10670.601966239812,10478.370757864126
2025-08-14 08:00:00,13294.187665197725,12002.550470907616,11908.3341425568,11726.448432135321
2025-08-14 09:00:00,13784.850672954828,12931.180892982558,13426.820159931529,12794.35086699215
2025-08-14 10:00:00,14495.231081723257,14035.347944860761,14689.135625143908,14136.390701330129
2025-08-14 11:00:00,13295.235773073515,14772.49837779088,13469.102212427666,14403.612461093297
2025-08-14 12:00:00,15187.899044294023,14601.194136380269,13623.947807395067,14479.195915800155
2025-08-14 13:00:00,13468.852221521953,14748.748999321951,13865.778414063023,14643.709929135732
2025-08-14 14:00:00,14755.417376708723,13963.9844428307,14739.166472167664,13745.656108921377
2025-08-14 15:00:00,14844.1739416233,13778.452387720059,14371.839251067293,13793.77957543961
2025-08-14 16:00:00,13706.342424029906,13418.07593018959,13733.295139996168,12830.73302709065
2025-08-14 17:00:00,12991.139851934797,12984.291212244723,12592.746929267818,12763.676386736222
2025-08-14 18:00:00,13105.233483127497,13111.368339362263,13069.120838928819,12987.836970125343
2025-08-14 19:00:00,13204.463278857704,13023.934506687438,13884.188836238207,13031.46041322008
2025-08-14 20:00:00,13107.321293833002,12968.965432598176,14258.66471342141,13229.449454807305
2025-08-14 21:00:00,11664.169133172403,12805.280700765414,15179.708470560117,13182.787613657312
2025-08-14 22:00:00,12284.46550247899,11583.126886837974,13534.196511330701,12383.685946425248
2025-08-14 23:00:00,11216.42495704219,9778.89555293408,9650.679325938767,10311.252609543342
2025-08-15 00:00:00,9650.992975213612,9012.737737958203,9029.042411252343,9382.425787206816
2025-08-15 01:00:00,10176.573715591207,8919.10057931599,8799.62371665601,9206.906965658301
2025-08-15 02:00:00,6082.880968432903,8436.923618834675,8463.205810430258,8312.634860403645
2025-08-15 03:00:00,7516.318187255795,7600.8422913211,8145.819569551524,7905.647649610968
2025-08-15 04:00:00,7439.039537454213,7579.013885281272,8160.875741469441,7829.997782673105
2025-08-15 05:00:00,6975.499485531378,8212.8033449679,8381.040226270896,8463.331683649407
2025-08-15 06:00:00,6939.909200325597,8816.814608164605,7998.490648753243,9396.07641538357
2025-08-15 07:00:00,8046.3391658830915,9207.301363270955,7858.139734898337,9855.734301144905
2025-08-15 08:00:00,9153.003366283334,10266.212165179579,8648.995961624654,10772.616151133707
2025-08-15 09:00:00,12407.529399184994,11118.005225474362,9945.981422050674,11380.603394602404
2025-08-15 10:00:00,14919.738499760591,13453.737781796175,10933.823118402704,13301.9499627799
2025-08-15 11:00:00,17115.15835082948,13683.783400513801,13854.56728868142,13649.93597696915
2025-08-15 12:00:00,17866.654687558428,15232.67361159309,15364.152828782979,15302.52164164052
2025-08-15 13:00:00,18605.129113163286,15542.36204852838,15937.58594125572,16172.200982217873
2025-08-15 14:00:00,17853.1151510815,15585.5239756327,16382.695507438568,16154.737121230462
2025-08-15 15:00:00,16495.29525455953,15603.849175462246,15674.640477222456,15721.282512262762
2025-08-15 16:00:00,15909.83788560926,13421.49393191971,14394.495127826971,13677.930306650578
2025-08-15 17:00:00,14066.084925800413,12905.881482086623,12868.552291725868,13185.417695572962
2025-08-15 18:00:00,19947.640182452076,13099.729238746728,13508.648026302255,13540.08541009508
2025-08-15 19:00:00,7164.371327775403,12916.547748764873,12912.702322094185,13253.590059801783
2025-08-15 20:00:00,12951.069825466117,12988.370554458555,13039.405109006571,13408.63566304597
2025-08-15 21:00:00,12552.326414202009,12820.583115395657,13284.67891192848,13095.47282068793
2025-08-15 22:00:00,11914.4328120699,12050.009663550349,12773.622822370718,12215.541407066714
2025-08-15 23:00:00,10143.074475647105,10371.52689717667,10431.354782406264,10290.473488878048
2025-08-16 00:00:00,11217.686522942797,9493.959336821992,10198.214442668774,9794.51443526268
2025-08-16 01:00:00,7257.802090134806,8630.166428464629,10074.588917142017,8291.865072705123
2025-08-16 02:00:00,5344.845336248269,7893.502048818982,10521.971275673875,7547.004830345005
2025-08-16 03:00:00,8809.726292733108,7116.292757627147,11058.388671329923,6865.281209365186
2025-08-16 04:00:00,4197.771593981815,7031.17666201057,10647.799086148103,6716.190833231134
2025-08-16 05:00:00,6461.056081118593,7221.758979439055,11067.762870392835,7032.786271538614
2025-08-16 06:00:00,6572.920368804236,7678.705701267233,7370.762693154326,7316.892790278116
2025-08-16 07:00:00,8325.35926281726,8170.116347165789,7880.202312867258,7996.131106878262
2025-08-16 08:00:00,10444.210578647926,10233.782714406325,9446.576602675592,10240.1584086545
2025-08-16 09:00:00,15846.440554897377,13118.26583065934,12416.587675120927,13338.268425525011
2025-08-16 10:00:00,20294.972422210114,17602.62531319788,17452.474773430804,17224.35878502892
2025-08-16 11:00:00,21285.3698672276,18504.383013362567,19228.169111946976,18723.484095978227
2025-08-16 12:00:00,20865.05147910918,19830.622191203314,19749.498374461597,19615.707743075094
2025-08-16 13:00:00,21095.00756940059,19797.702579090164,20080.358634421355,19276.42195846683
2025-08-16 14:00:00,16165.797264663419,19192.19293379834,18483.371429776867,19700.763388960186
2025-08-16 15:00:00,17260.312557150708,17543.187203298632,17688.387213689915,18840.841610842275
2025-08-16 16:00:00,20010.5416720199,16225.503827335164,17257.791163551938,16809.990935973823
2025-08-16 17:00:00,7302.1063040033005,14716.103356806534,14802.050038876881,14513.191615989217
2025-08-16 18:00:00,12787.843641845397,14327.140795194096,14689.755127249824,13980.603826661763
2025-08-16 19:00:00,12131.653758588498,13309.910900493225,13195.241039713097,13241.961567809933
2025-08-16 20:00:00,11221.361513995498,12520.122829087531,13041.099184634422,12389.304787029172
2025-08-16 21:00:00,12229.633677466805,12042.770308699963,11951.903544233668,11795.917981218117
2025-08-16 22:00:00,8909.245115335601,10416.228677971887,10261.986834462681,9872.991832267631
2025-08-16 23:00:00,8725.679168642202,8885.799629890687,9543.94788260091,8368.419357060948
2025-08-17 00:00:00,7907.531816932391,7167.675394556224,7179.727281147149,6991.29726205841
2025-08-17 01:00:00,6257.962712671884,6995.110586719992,6849.516856601435,6744.278576541861
2025-08-17 02:00:00,6262.763852153628,6848.849987041296,7054.747698921668,6147.178510365251
2025-08-17 03:00:00,9018.000890685295,7433.750268294669,7265.444631657994,6468.615064439127
2025-08-17 04:00:00,6252.0716550890065,6443.294220780253,6354.3652179345245,5775.071320443317
2025-08-17 05:00:00,4367.904796719195,6745.430062142156,6670.067539103191,6179.3280471523185
2025-08-17 06:00:00,7721.6278833977,8133.679055522429,7409.371689224882,7692.908133202492
2025-08-17 07:00:00,8213.352339445391,8426.793742657563,8053.919241065694,7990.4365418408015
2025-08-17 08:00:00,7690.141468951904,9476.844584639457,8549.103891955387,8946.735326974846
2025-08-17 09:00:00,12156.50969418859,11328.36293203417,10904.65512669119,10754.395666558921
2025-08-17 10:00:00,19724.982657741515,16058.967058182734,17365.598007048702,14675.713410207782
2025-08-17 11:00:00,14455.176127957593,16137.758232481037,16278.780884494212,16432.78693270083
2025-08-17 12:00:00,13918.362561836777,17160.74773697693,17533.793257119658,17331.55909706073
2025-08-17 13:00:00,18068.583714112126,17563.150030022505,18427.180055673933,17968.473127123485
2025-08-17 14:00:00,19722.684959284397,17873.23557107758,18192.18470520124,16959.001331100808
2025-08-17 15:00:00,14522.676617819507,16473.590386874675,16263.080702402529,15925.920864197069
2025-08-17 16:00:00,15319.720563329698,14367.550086225012,14347.673461974207,14582.298250635586
2025-08-17 17:00:00,13428.439830304396,13714.785406887957,13714.966456483153,12858.725856706751
2025-08-17 18:00:00,13858.640205336913,13298.13549125054,13266.474936559775,12816.949365083768
2025-08-17 19:00:00,14751.309948616083,13577.044751741476,13047.950490456215,12433.280507832013
2025-08-17 20:00:00,13344.857843986223,13561.921059769118,12587.661099151184,12669.259226432197
2025-08-17 21:00:00,13291.984113180184,13166.151675406589,12789.069234346016,13093.933684075535
2025-08-17 22:00:00,11200.732879355994,12258.203808399778,10940.47227517642,11736.53864752588
2025-08-17 23:00:00,9747.351747532311,9858.795135289458,10106.510224912687,9917.099989075827
2025-08-18 00:00:00,7837.200233291402,8923.26111610216,8774.139511351492,9030.9146353771
2025-08-18 01:00:00,7960.630800433297,8534.233776526986,8406.488795983527,8213.011970883086
2025-08-18 02:00:00,5365.654856009292,7711.909663675284,7926.974409038421,7427.237797255704
2025-08-18 03:00:00,5660.195236067308,6227.849435928017,5893.356382203843,6028.245099693705
2025-08-18 04:00:00,8811.920387793798,6814.103495133891,6770.500181509776,6397.995220847053
2025-08-18 05:00:00,5866.222374545301,6640.351926195396,5645.831013965172,6083.971954842127
2025-08-18 06:00:00,12110.705279924503,9931.09762719976,10360.98766921825,8938.833705476709
2025-08-18 07:00:00,7557.103413716493,10748.154040466776,11044.293562464287,10423.922771457823
2025-08-18 08:00:00,12251.824231617607,12240.529657618205,13322.884518458479,11910.899608819356
2025-08-18 09:00:00,16071.286525604566,14226.24210384311,14523.056192342372,13656.122595849987
2025-08-18 10:00:00,14895.64312527993,15635.1736738059,15515.903266195286,15222.624312875952
2025-08-18 11:00:00,14392.248914065718,16526.92821019317,16572.19811492914,16406.90521967642
2025-08-18 12:00:00,15656.554829366778,16684.69001272812,16539.10857839784,16704.261495850926
2025-08-18 13:00:00,15173.909624312491,16828.69206906551,16459.027120633455,16554.268423911366
2025-08-18 14:00:00,14064.1880892066,15021.14984448434,15068.454682980122,14706.797449831276
2025-08-18 15:00:00,14032.60321312473,14424.827197326813,14362.36656467303,14322.177450468795
2025-08-18 16:00:00,13577.246348226981,13999.77504658021,13609.527308411562,14153.37514500091
2025-08-18 17:00:00,13138.988460523771,13293.376020830554,13340.798831981148,13286.236639642717
2025-08-18 18:00:00,14569.31363437002,12694.245622476243,13264.202869942173,12701.947436076453
2025-08-18 19:00:00,10843.657183368505,12602.975780401286,12974.851003624794,12385.03851860566
2025-08-18 20:00:00,12492.584370304196,12603.416510974232,12796.121844473866,12537.990101842643
2025-08-18 21:00:00,12037.443483382103,12785.91538478622,12801.9119454225,12655.837769711457
2025-08-18 22:00:00,12504.518830592577,11468.762089094407,10795.443645505207,11479.381831067996
2025-08-18 23:00:00,8263.49158833772,9713.962716728667,9589.920037855605,9722.38430891926
2025-08-19 00:00:00,7913.959878302707,8125.9916292908165,7919.495828319047,8035.782248728705
2025-08-19 01:00:00,7260.214559148095,7351.592497866224,7218.6618051540745,7660.204056611591
2025-08-19 02:00:00,7148.876291046807,7074.138293013595,6595.575126761963,7547.207918869409
2025-08-19 03:00:00,5630.0283272723955,7115.316293124982,6889.116385916803,6994.060535776301
2025-08-19 04:00:00,6322.025533719585,7190.557051859103,7311.104755541305,6830.575165609114
2025-08-19 05:00:00,7637.958008954702,7004.424635901354,6939.2627955965245,7003.124501215802
2025-08-19 06:00:00,10175.992478005315,9750.916821203346,10411.607931232566,9253.33730186828
2025-08-19 07:00:00,13120.493787197582,10721.041322241284,10571.22275967546,10088.783883758413
2025-08-19 08:00:00,14003.682004302525,11679.304416422276,11863.52786886063,11488.735550234782
2025-08-19 11:00:00,19149.351792694106,16055.92910829742,15747.2025775592,16692.378641349762
2025-08-19 12:00:00,14370.725884438503,16452.541786166665,16465.662057408215,16778.196883275356
2025-08-19 13:00:00,16227.055567951593,16152.19139399223,16437.430380461738,16025.297524384896
2025-08-19 14:00:00,15455.941791988505,14067.791407866418,15221.953517368764,14335.485591613722
2025-08-19 15:00:00,14699.664700657897,14985.339041896932,15173.033352130264,14837.051796544265
2025-08-19 16:00:00,13341.907795188497,13544.504036914574,13945.113172889216,13786.166192282306
2025-08-19 17:00:00,14653.989827396199,13314.967649523122,13476.62716142349,13434.882724027504
2025-08-19 18:00:00,11012.77243619203,12731.076545506945,13090.844982752287,12889.211876968498
2025-08-19 19:00:00,14264.45964537327,12448.502781679417,12738.120857002865,12455.64426939967
2025-08-19 20:00:00,11531.14913809671,12362.189059199833,12718.250603283906,12356.154356268888
2025-08-19 21:00:00,13340.676754585995,12158.896030102385,12548.715068402315,11679.136161133538
2025-08-19 22:00:00,11419.158396728097,11353.652903559785,11474.058741819452,11211.985324652607
2025-08-19 23:00:00,10943.066345894005,9499.118846633177,9559.43569102195,9355.845150534307
2025-08-20 00:00:00,5958.033856598198,7996.858412212645,7966.952770891399,7916.751597311868
2025-08-20 01:00:00,8638.885002289608,7508.533213049558,7303.479779277742,7386.934459242887
2025-08-20 02:00:00,4501.444788609195,6781.530277498307,6589.631474259739,6491.013239530216
2025-08-20 03:00:00,5885.572123590295,6710.805039834391,6663.949201986278,6458.552739959908
2025-08-20 04:00:00,7532.339348556881,7315.010771016837,7306.143180212606,6817.497617540746
2025-08-20 05:00:00,7136.556197193444,7322.726902708737,6878.291910151377,7141.6320214836405
2025-08-20 06:00:00,11211.508991112863,9807.312442726903,10089.466579399224,9369.874651203627
2025-08-20 07:00:00,13099.228735964407,10699.486336592112,10709.112451891402,10715.792269154283
2025-08-20 08:00:00,15126.44024790572,12555.994334300785,12523.592216593708,12102.851206887102
2025-08-20 09:00:00,19943.78208465719,14863.155794146183,14228.26162303244,15002.246531463701
2025-08-20 10:00:00,11103.5122475912,15466.588138124054,16265.53178502426,16201.82542675587
2025-08-20 11:00:00,14613.489419140713,16533.193510228597,16478.86669499096,16403.70716544506
2025-08-20 12:00:00,15530.072745349184,16511.67988424802,16537.613163636222,15812.949149142834
2025-08-20 13:00:00,15558.9764092019,16312.377033873188,16659.7097433744,15529.632818091563
2025-08-20 14:00:00,14933.210823789403,14836.581401317222,15456.838330717095,14913.57193572346
2025-08-20 15:00:00,14742.116959130315,14755.00338104635,14909.99617819533,14810.81778837739
2025-08-20 16:00:00,12882.944741330284,14031.739243515256,13991.083237864159,13920.7005965481
2025-08-20 17:00:00,12536.2161930666,13499.7396377318,13483.772436542893,13541.58686883727
2025-08-20 18:00:00,12856.043551564395,13164.498614033084,13325.268741406997,13090.92521974631
2025-08-20 19:00:00,13331.352438970589,12845.441239040701,13125.806803297333,12771.422710483188
2025-08-20 20:00:00,12861.234291717998,12679.889050985115,12689.016038973896,12699.054842712736
2025-08-20 21:00:00,13616.982004344918,12090.947632958007,12641.215291773926,12006.583595803506
2025-08-20 22:00:00,10968.468618165403,11120.883764758515,11345.491579915612,11102.104876615314
2025-08-20 23:00:00,9121.114578308227,9320.91718642908,9224.608687569715,9414.895041823824
2025-08-21 00:00:00,7973.471293017679,7872.084077390548,8170.784735210226,8148.970645521881
2025-08-21 01:00:00,6523.341418338896,7203.263124278553,7203.187013361085,7455.489468804788
2025-08-21 02:00:00,8595.500960423495,7022.124802847253,7192.423222312113,7109.913343570288
2025-08-21 03:00:00,5224.572629691398,7216.424009843197,6523.125911127037,6505.95472535334
2025-08-21 04:00:00,6135.521798107293,7171.967858005896,6709.875369189247,6643.919657914463
2025-08-21 05:00:00,10042.894682013219,7855.9488806354,7171.013278128395,7436.239287522805
2025-08-21 06:00:00,8325.5285275487,10342.797546477357,10949.467524189178,10290.876360497181
2025-08-21 09:00:00,12914.537825954369,11984.067976799264,12269.27994635587,12678.358198573802
2025-08-21 10:00:00,16646.704367056453,14943.279325549698,15154.83630030336,14734.074733339441
2025-08-21 11:00:00,13438.790744598859,15232.835403804687,15112.63935022659,15428.604826329687
2025-08-21 12:00:00,13861.22238581182,15548.044455721423,15542.162534268535,15594.16078012411
2025-08-21 13:00:00,18753.40200785767,15175.828609856255,14803.158399020782,15311.026769137692
2025-08-21 14:00:00,8619.72359315705,14248.88127942969,14497.398656780912,14111.044018875373
2025-08-21 15:00:00,14781.024218997492,13897.114595909294,14220.584036755257,14034.626425280263
2025-08-21 16:00:00,19901.263136125403,13261.712678153855,13723.676749895261,13764.297573536607
2025-08-21 17:00:00,12553.596203453777,13212.958978710509,13032.697745939657,13329.027612162445
2025-08-21 18:00:00,13848.544303235209,13845.653873270776,13272.92281092907,12641.721175956602
2025-08-21 19:00:00,11916.52633229527,12666.52389039659,13785.24099438938,12063.87848337763
2025-08-21 20:00:00,13483.342489551453,12893.042854231273,13182.813016414062,12093.016552842722
2025-08-21 21:00:00,12083.470168243472,12625.052290241643,12988.714601882877,11959.98493221817
2025-08-21 22:00:00,12601.87195627651,11936.731821800575,13828.331827143415,11153.16683257892
2025-08-21 23:00:00,10182.846438614893,9834.163231267436,10228.275274813632,9554.57875611465
2025-08-22 00:00:00,9197.044947125196,9341.091751782664,9575.628804795453,9242.720126976887
2025-08-22 01:00:00,8922.8234332039,8372.970063807694,9643.418256715944,8640.134971739632
2025-08-22 02:00:00,9021.651096474001,8367.925452940226,9865.449410009165,8415.866587241082
2025-08-22 03:00:00,9200.763545031898,7681.0700740227285,8426.388563315253,7197.205528796919
2025-08-22 04:00:00,7923.695971989,7495.221675606844,7717.657093953033,7425.40848306112
2025-08-22 05:00:00,8201.541044697507,7692.2185423711435,7959.268291993971,7457.196872933222
2025-08-22 07:00:00,22292.0571376988,11964.967397211383,12356.0811429558,11592.583465059786
2025-08-22 08:00:00,12737.957107429105,14378.32721273919,14127.036300944475,14121.264631553184
2025-08-22 09:00:00,13537.606829380577,14354.533634930138,14637.766806830174,15087.202686277906
2025-08-22 10:00:00,13028.415541049813,14910.698730268543,15489.991215650385,15210.561121190687
2025-08-22 11:00:00,13716.346226358806,14440.826559396324,14501.495714015531,14673.113007591219
2025-08-22 12:00:00,31114.27520819709,16770.665725707284,16693.492248514405,16269.529764724712
2025-08-22 14:00:00,16396.570859479998,15309.322098394772,15115.461005752948,15340.933488919016
2025-08-22 15:00:00,15047.264700138894,15120.596949538582,15616.525104628548,15922.009968958815
2025-08-22 16:00:00,16316.12337020511,13869.140195430487,15435.547205051324,13348.613751646873
2025-08-22 17:00:00,12275.5071293654,13334.272629358273,13276.817231375113,13247.399018262324
2025-08-22 18:00:00,16168.625172597069,13711.619506228986,13643.79980957157,13134.788264638133
2025-08-22 19:00:00,10688.600341146743,13308.44574029562,12629.179303674517,12679.623588514938
2025-08-22 20:00:00,13806.76067919129,13316.996489141173,13034.635232337483,13205.098841219731
2025-08-22 21:00:00,12615.068394125501,12689.016998784919,13042.859524562095,12862.222860718548
2025-08-22 22:00:00,12364.328774135596,12251.004091685947,12461.733583193878,11780.007160789608
2025-08-22 23:00:00,10862.992492679501,10231.252268903374,10036.343174499872,9304.55941068554
2025-08-23 00:00:00,8751.906769618497,8583.886616709027,11041.938250415724,8324.498825887795
2025-08-23 01:00:00,8185.849621227404,8239.263945182905,10920.741235043828,7869.506075658581
2025-08-23 02:00:00,8426.075161331391,7588.669826731133,10184.272454285947,7191.932790533395
2025-08-23 03:00:00,6578.019775899598,7329.358566835347,9664.251265527,6789.876696285246
2025-08-23 04:00:00,7886.186286738332,7323.47203880746,9629.571445219128,7078.204120851854
2025-08-23 05:00:00,7551.878126176081,7463.057076783413,9941.13843861174,6865.1630904061285
2025-08-23 06:00:00,7690.348631336372,7788.5072446949225,7009.871304682509,7443.212340948519
2025-08-23 07:00:00,8292.807735542952,8177.975976678468,7954.825735201775,7547.893813198969
2025-08-23 08:00:00,11562.339004313068,10473.947375061567,9748.019832971077,9794.36147597071
2025-08-23 09:00:00,16829.02167333641,12851.656844331614,13290.832224058453,13827.70165516204
2025-08-23 10:00:00,16277.6306613431,16553.560766602808,17674.974274487002,16975.56741970979
2025-08-23 11:00:00,20363.228858907394,18265.413736628114,19359.383700279985,19043.482658526194
2025-08-23 12:00:00,18024.985139427572,18758.405040577618,19991.259386629084,20496.735599065592
2025-08-23 13:00:00,19152.991010460824,19791.94961122894,20558.438475387084,19778.82907682184
2025-08-23 14:00:00,17940.818367325297,17798.72522747075,17689.214991812303,17873.212822415328
2025-08-23 15:00:00,16835.065281575804,15850.977509471495,16054.64417744091,16256.908229991064
2025-08-23 16:00:00,15404.000397503594,14014.330494278762,15365.424498543784,14774.392284075187
2025-08-23 17:00:00,13468.770301498003,12607.337420042917,13209.237833681467,12682.705105349523
2025-08-23 18:00:00,12742.939926652401,12015.057395080825,11843.824295960956,12818.81928284811
2025-08-23 19:00:00,12659.988018006075,11239.059586016452,11416.185399637943,11912.781589855442
2025-08-23 20:00:00,10867.68327987493,12164.65220733259,11108.068410532178,12655.184146754515
2025-08-23 21:00:00,10512.29789286241,11927.322197778156,11254.500920179009,12132.702413635261
2025-08-23 22:00:00,9998.319581734082,10162.072197784033,9365.538584665366,9822.557006531411
2025-08-23 23:00:00,10840.29148570401,9024.60592929059,9288.192948894462,8772.21434967628
2025-08-24 00:00:00,6297.537360566221,9375.791527848445,9381.002639314787,8626.268886129834
2025-08-24 01:00:00,7842.832212611567,8430.643315879755,9511.086966402576,8443.166492689861
2025-08-24 02:00:00,7189.263477720902,7532.339302994276,7620.45859280908,7160.852629854266
2025-08-24 03:00:00,9281.855834294509,7608.882812200978,8032.523877369995,7896.6851593154115
2025-08-24 04:00:00,5224.697841825371,7360.136418124214,7704.516683627662,6740.465327677027
2025-08-24 05:00:00,6879.806063103017,6728.878381239657,7005.041253277505,6820.692845724606
2025-08-24 06:00:00,6725.749718187599,7704.796266821187,7088.731353146392,7057.618961347837
2025-08-24 07:00:00,9330.09280248133,8293.30100455498,7287.625154709369,7774.9315342060545
2025-08-24 08:00:00,7840.969813133404,9500.760697984586,8461.177898771371,9146.060392505053
2025-08-24 09:00:00,12958.519233758376,13091.082917877917,12659.983631412988,13184.622526897001
2025-08-24 10:00:00,16129.060615641,16082.067842090852,15599.178213532252,15684.073332844568
2025-08-24 11:00:00,19451.8899455554,18767.976045076615,19495.152967536676,18108.33987847682
2025-08-24 12:00:00,22027.956958663497,19680.653448800273,19586.49194487086,19014.13707512601
2025-08-24 13:00:00,17300.58876168902,19227.94449853627,20037.003938027156,18537.128163873593
2025-08-24 14:00:00,19376.683912064476,17207.705826293917,16733.15642322308,16954.463475726126
2025-08-24 15:00:00,13763.040898919102,15175.919700117998,15352.821310819403,15447.896210571089
2025-08-24 16:00:00,14354.684066433998,14488.779612906244,15060.681057511947,13462.969955171733
2025-08-24 17:00:00,15179.467198087976,13462.475247026505,12396.85767350935,12382.446856301873
2025-08-24 18:00:00,13387.79588825822,12218.372302304273,11619.100100206173,12377.058931582673
2025-08-24 19:00:00,14974.95627397903,14383.505638773458,17714.447106156855,14775.043594794874
2025-08-24 20:00:00,10390.692510027196,14280.469694713456,17254.427779043694,14570.906945664654
2025-08-24 21:00:00,12169.896854169685,13352.670220298867,16131.483835156103,13860.818643134628
2025-08-24 22:00:00,11512.0435825924,10436.440627163203,10866.736953647545,11123.18588579649
2025-08-24 23:00:00,7370.841064618793,9151.749933304072,8894.089168574665,9118.658288173614
2025-08-25 00:00:00,6926.892258694224,8270.65832643156,7698.328736312779,7443.382010910355
2025-08-25 01:00:00,6442.46777013618,7455.860133542161,7570.207384748074,7288.704651382704
2025-08-25 02:00:00,7487.975136572524,7249.7681962365805,7093.325025802421,6714.821474719681
2025-08-25 03:00:00,3623.3827652842792,6724.109644706382,6187.093314102254,6278.153385262321
2025-08-25 04:00:00,11037.680458332397,6763.349717101758,6323.288311884336,6398.085558873135
2025-08-25 05:00:00,2258.011210186878,6407.546871585407,5392.170418271829,6555.328031337539
2025-08-25 06:00:00,9405.118473560713,9423.435608198679,9472.51579843906,8961.44939079541
2025-08-25 07:00:00,12862.461795222287,10704.574216343866,10518.02242411684,10545.44203395384
2025-08-25 08:00:00,13218.595053872898,13002.074585118864,13813.505568628148,13196.322114685594
2025-08-25 09:00:00,17031.061480275126,14708.293639896001,14723.967410121511,14624.62007310741
2025-08-25 12:00:00,15786.61160055728,17970.60227843998,17544.373944612405,16734.17076660912
2025-08-25 13:00:00,16318.899517404814,16862.337050206686,17091.462737707443,17191.601262799155
2025-08-25 14:00:00,15064.358032755106,14322.751744031475,14521.611240056482,14082.05558999907
2025-08-25 15:00:00,14667.72829501639,14318.621772103528,14597.298183915485,14827.84506795398
2025-08-25 16:00:00,18358.8919000835,14398.019175691777,14974.139123592873,14067.373326266594
2025-08-25 17:00:00,8669.192899688609,13551.36391516032,13135.204680224519,13504.630964680638
2025-08-25 18:00:00,12361.735978776098,13262.456540892426,13007.985704128809,13213.237350913634
2025-08-25 19:00:00,20121.223017860295,14143.816392055545,16715.34055846809,15624.987764606947
2025-08-25 20:00:00,6675.284603341706,12116.092048675275,11436.016032586747,12518.436513338083
2025-08-25 21:00:00,10790.013823165795,12148.67252306159,11353.196263399472,12412.794369479723
2025-08-25 22:00:00,10968.880042239201,11252.893379406207,10820.08573506152,11162.830434087151
2025-08-25 23:00:00,8014.655170062508,9177.699414517983,8554.339526580035,8916.09398887153
2025-08-26 00:00:00,7788.2583005464,7990.340912960577,7926.229934902543,7795.416743557422
2025-08-26 01:00:00,9106.564792476594,7674.759798244305,7561.63209392437,7153.355832559617
2025-08-26 02:00:00,2172.6090645129007,6277.326081506081,6043.187193180382,6084.180146001791
2025-08-26 03:00:00,5983.5074727803785,6130.5551650002435,5898.177403581204,5979.057795800735
2025-08-26 04:00:00,8567.1802961676,6636.466956339285,6360.934672329109,6542.139885477805
2025-08-26 05:00:00,5639.602604291016,7034.4627424434575,6565.09395654522,6858.719592430752
2025-08-26 06:00:00,9238.871547645413,9374.716727044883,9624.027608175891,9127.409186093297
2025-08-26 07:00:00,11441.313093549088,10686.573805709279,10676.971637095687,10649.95308292564
2025-08-26 08:00:00,15617.60668592311,13008.386415988256,13003.181872906429,12830.22577554743
2025-08-26 09:00:00,26961.94586197117,16080.673721843075,14583.73178702602,16377.112460915734
2025-08-26 10:00:00,2401.6678659809186,16371.299199969053,15886.974819725761,15947.734958413821
2025-08-26 11:00:00,14330.570421467803,16218.611173340403,16146.785314996869,16786.96620517013
2025-08-26 12:00:00,23477.051080988906,16568.535213418858,16197.214767646361,16432.149114119024
2025-08-26 13:00:00,10082.906931374888,16301.326036833925,15739.553514749685,16080.171627114005
2025-08-26 14:00:00,14645.59426969293,14505.218918870805,15129.947803849205,14814.825831759834
2025-08-26 15:00:00,13308.678920089671,14365.18775489572,14844.074869992106,14610.710030701062
2025-08-26 16:00:00,14782.527180326608,13557.031106102919,13972.005891253415,13748.338294732486
2025-08-26 17:00:00,13516.24495047252,13582.798660647572,13302.866010467753,13421.626710776121
2025-08-26 18:00:00,13670.493074359085,12563.887379209445,12648.54498377078,12633.305135767314
2025-08-26 19:00:00,14079.03450254699,12486.131951656924,12688.898271030504,12316.826337792187
2025-08-26 20:00:00,12493.99739788591,12239.720633403187,12674.18746850051,11795.563507084587
2025-08-26 21:00:00,15157.9307241862,11944.563357747016,12621.10730727917,12129.929591693473
2025-08-26 22:00:00,5397.733591150689,11251.88106278603,9801.470856504868,10965.047913158343
2025-08-26 23:00:00,9754.259635840479,9691.032270806078,9414.581682867582,9474.157829386637
2025-08-27 00:00:00,8190.6699794755295,8273.142651048007,8072.882154556697,7832.479362538302
2025-08-27 01:00:00,6583.802828783111,7580.650726593782,7739.861466794712,7304.371201570785
2025-08-27 02:00:00,6207.007573962503,7140.602779010901,6060.172960160957,6818.942958094795
2025-08-27 03:00:00,6201.6992485998835,7208.098050113543,6761.964521900057,7033.261580551471
2025-08-27 04:00:00,6091.863275548574,7417.2935600673945,7435.992429158407,7054.403923623113
2025-08-27 05:00:00,8207.982239202327,7679.770392891329,7060.26344654465,7714.089793644653
2025-08-27 06:00:00,11079.538109848498,10066.583435774095,10973.140889557848,9927.220553997427
2025-08-27 07:00:00,14500.34264708262,10776.522703867387,11060.328557158686,10798.462225811414
2025-08-27 08:00:00,9967.50376496038,11216.443043543655,11225.837100659757,11042.905477931716
2025-08-27 09:00:00,14466.626550342702,12119.346509017923,12700.20093096702,12663.51486310731
2025-08-27 10:00:00,16203.9902431429,14235.632289987956,14468.711133553694,14537.656750758693
2025-08-27 11:00:00,12830.764440212695,14520.056321785254,14974.508484099451,14758.699251459915
2025-08-27 12:00:00,15211.335619691305,14520.224385418633,14735.652995667378,15061.520106615844
2025-08-27 13:00:00,22056.387541753393,16026.800917619348,15958.966974768773,16533.725160112233
2025-08-27 14:00:00,6076.8587550513075,14324.857338914697,14225.954245093944,14499.271981421449
2025-08-27 15:00:00,21530.329977163896,14362.921503448399,14517.254100752141,14344.964323927863
2025-08-27 16:00:00,5127.276222122993,13522.746157646974,14117.974427090114,13613.291119833499
2025-08-27 17:00:00,13065.673010918701,13249.283473396483,13286.451399495294,13173.152744096657
2025-08-27 18:00:00,14235.325995489085,12984.429950165857,13072.497961642943,12976.963075048083
2025-08-27 19:00:00,14430.708474768518,12939.462280813033,13082.740610895098,13022.925638920764
2025-08-27 20:00:00,13513.632291338805,13231.403100252872,13010.163943737136,12969.906910640671
2025-08-27 21:00:00,15917.09846518259,12927.818341372717,12897.8323959517,13036.506266122613
2025-08-27 22:00:00,9988.500790934406,11914.814507685305,12310.027702401105,12225.699682868655
2025-08-27 23:00:00,10894.8074696762,10004.67543764278,9662.88828870884,9952.4479436585
2025-08-28 00:00:00,9310.110514473086,9172.59467070174,8077.336527562873,8489.27240487082
2025-08-28 01:00:00,7983.342435317594,8879.781801339252,7576.13149670593,8148.219283741363
2025-08-28 02:00:00,9928.990920681215,8213.918052529149,7630.872895300344,7853.375060890527
2025-08-28 03:00:00,4536.875615850591,7954.6389265171865,7422.05284087146,7826.974172412891
2025-08-28 04:00:00,10713.08534488891,7797.644624434159,6668.942866083991,7553.222135064604
2025-08-28 05:00:00,18428.267918637204,10819.565238886833,8514.8752220174,10999.949042409662
2025-08-28 07:00:00,15198.814966259099,12031.935763041187,12050.537208447,11479.93733337664
2025-08-28 08:00:00,11333.597861988808,12936.133085506755,12948.13299331521,12450.843921062453
2025-08-28 09:00:00,15076.256543493004,13922.103094497797,13779.158369644294,14346.343004032386
2025-08-28 10:00:00,24172.381986493194,16034.138045152888,15400.397415583395,16236.92094907271
2025-08-28 11:00:00,8332.8946606437,15513.59018403972,15057.856384469358,15150.593083570413
2025-08-28 12:00:00,13809.3254298036,15771.986271564772,15652.290404199179,15655.81314566255
2025-08-28 13:00:00,14038.34711673838,16162.890795442136,16533.625703585272,16090.107944889867
2025-08-28 14:00:00,13947.672820383017,14736.793481453995,15460.656549127649,14950.67632639092
2025-08-28 15:00:00,14227.691510772402,15068.773951911227,15184.927709682295,14849.155408386445
2025-08-28 16:00:00,12904.910438413674,13517.164183387058,14243.209975574564,13742.297618989456
2025-08-28 17:00:00,13336.051326800425,13073.29910692476,13274.30773233653,13176.181704822005
2025-08-28 18:00:00,13637.468397806388,12733.87887183846,13110.39595018683,13002.741168014496
2025-08-28 19:00:00,14848.120053873809,12772.286697603104,13141.132224407935,13002.741168014496
2025-08-28 20:00:00,11099.63433401843,12725.598248525968,12986.381634975254,12664.827357812565
2025-08-28 21:00:00,12042.244400352578,12798.053149588723,12767.60098070713,12800.45217014853
2025-08-28 22:00:00,12009.350742813906,11755.226377189392,11985.845079235742,12080.452847767463
2025-08-28 23:00:00,10453.852130253197,9996.988229452794,9498.618727417685,10028.731035667786
2025-08-29 00:00:00,9167.985597208291,8688.629769942443,8912.862579243618,8410.490273620444
2025-08-29 01:00:00,5249.585591985306,8290.082218118,7970.127870450194,7893.450437147445
2025-08-29 02:00:00,6963.826501658783,8015.12652057769,7866.380110090757,7856.664588453731
2025-08-29 03:00:00,18263.722750233625,9393.897915322275,9347.846598747705,9668.889449781067
2025-08-29 05:00:00,10956.35947648729,8174.447991015437,7699.367170319999,8006.951068260674
2025-08-29 06:00:00,21361.02716227831,14326.612884972963,14980.654433612453,13506.812079474035
2025-08-29 07:00:00,1543.7139182653864,11497.101178156232,11588.850561292316,10987.570716818313
2025-08-29 08:00:00,14147.556992817412,13156.898969915854,13054.876584652071,13571.748965583043
2025-08-29 09:00:00,14966.269774837001,14333.059380975925,14021.409717484183,13839.804422800898
2025-08-29 10:00:00,21962.639276701397,16852.580191852874,15442.929425165308,16849.88236996182
2025-08-29 11:00:00,10557.65468545308,16974.508610305325,16634.762010936447,17201.15730856566
2025-08-29 12:00:00,18667.009808195606,17711.12275868932,17881.14542863957,17346.710636651012
2025-08-29 13:00:00,13686.466889532992,17882.92414210528,17556.649701186987,16844.412205613677
2025-08-29 14:00:00,16006.523690388527,15906.49224723503,15904.105183081541,16006.308932376041
2025-08-29 15:00:00,15465.970391509789,16020.081652267383,15583.83695922374,15424.51280438743
2025-08-29 16:00:00,15307.118900652611,15160.173043352235,14889.88465883347,15282.042203483115
2025-08-29 17:00:00,13239.3890801122,13775.737694304658,13698.702924017973,14365.485898026953
2025-08-29 18:00:00,15587.604709694893,13930.437279626913,13974.171872795396,14387.334292298232
2025-08-29 19:00:00,11845.74523896461,13626.939813829953,13226.181021053522,14362.556151574157
2025-08-29 20:00:00,13104.352376859495,15131.543392561627,13982.979625954962,15647.467397296234
2025-08-29 21:00:00,23148.02781727989,14532.021332931798,14388.649655286114,15690.252193208247
2025-08-29 23:00:00,10757.157133307303,10345.753185058451,9614.371529947115,10872.879945452321
2025-08-30 00:00:00,6628.908146662598,8604.049078248003,9136.575328750472,7978.527194826505
2025-08-30 01:00:00,6736.846541830615,7891.337143290334,8437.754750970387,7437.319620062566
2025-08-30 02:00:00,5880.481930008289,7621.235777019826,7669.285258369371,7189.64183041418
2025-08-30 03:00:00,5737.393780257471,7234.079245819729,6579.968623363573,6283.590718355643
2025-08-30 04:00:00,6133.437429996018,7008.448998255775,6388.737071309884,6170.264169222089
2025-08-30 05:00:00,5692.754866049021,6684.908439319781,6510.1356112717895,6012.727452267767
2025-08-30 06:00:00,7162.661000883472,7451.0398421291375,6670.81800263613,6676.708512494872
2025-08-30 07:00:00,8151.31560175183,7726.744592737634,7454.891574586291,7543.198287252768
2025-08-30 08:00:00,13647.77119383596,10876.017096699814,11570.301501870195,10579.366812698412
2025-08-30 09:00:00,14802.627170872514,14315.599635098271,14374.831638847865,14138.814285919252
2025-08-30 10:00:00,13155.56453212801,16462.26991416669,16695.977364826307,16169.37299609138
2025-08-30 11:00:00,17706.129403032224,17193.42659384239,18170.24617032615,17030.04105139948
2025-08-30 12:00:00,23254.558591745674,18950.274100681378,19314.391807571286,18620.88005443767
2025-08-30 13:00:00,12216.074340700401,18990.172572586845,19470.24528416905,18620.074631008647
2025-08-30 14:00:00,16954.889566773392,17029.649858934023,16862.094336239003,16844.07642365536
2025-08-30 15:00:00,20157.132128706708,15922.483574813577,15495.60120434063,15945.73655540653
2025-08-30 16:00:00,20011.585793403894,14959.615616651805,16255.583869277507,15137.292585530717
2025-08-30 17:00:00,12856.15525514833,16063.200793901455,15263.473550637724,15315.154676304592
2025-08-30 18:00:00,10894.79255883687,16208.444405987459,14723.594937116644,14984.945463145255
2025-08-30 19:00:00,6529.985100666909,13521.238632185918,12880.622586875133,12898.797997235804
2025-08-30 20:00:00,12377.35196180779,12876.96355365307,12471.191221994677,13051.54006985277
2025-08-30 21:00:00,17169.53111208181,14237.992332437565,13301.044763603612,14031.777179861336
2025-08-30 22:00:00,4210.876662846997,11456.470293040116,11812.079453787781,11265.113542963623
2025-08-30 23:00:00,8900.817511935102,9339.29354313145,9894.329362619275,8960.401071730304
2025-08-31 00:00:00,16256.1929430536,12374.443704148305,11298.602263496232,11036.868211889587
2025-08-31 01:00:00,2910.5669793939014,9057.659020214483,9078.825335072248,8469.743668208586
2025-08-31 02:00:00,5517.986009178479,7760.7168487636745,8076.5806335060815,7222.644500684813
2025-08-31 03:00:00,6818.26844623342,7547.165410586259,7032.3524026085115,6936.692807074211
2025-08-31 04:00:00,7661.932234208012,7538.128400587716,6960.225695117046,7224.836003124927
2025-08-31 05:00:00,6534.14896889298,7356.6460769339965,6622.975495821772,7217.4231366235435
2025-08-31 06:00:00,7731.782919600784,7457.372133967793,7227.6864383932025,7321.163256078934
2025-08-31 07:00:00,6010.599503084824,8157.419771703395,8083.423029658394,7872.6962034197095
2025-08-31 08:00:00,11806.095265978762,10022.184039869819,8898.228331731285,9192.71342762931
2025-08-31 09:00:00,12669.547343778413,11779.785791393175,12570.186054111948,11131.995371772255
2025-08-31 10:00:00,10845.731874127196,14551.168701628954,14483.643434106354,14248.768474504843
2025-08-31 11:00:00,24109.010234099544,17830.48192090896,17744.097272426185,17334.17748373295
2025-08-31 12:00:00,18608.507068060262,18872.65019664025,19331.16073610466,19037.934815742017
2025-08-31 13:00:00,25105.79872870442,20027.70998467096,19901.597997040935,19416.239053410067
2025-08-31 14:00:00,6164.145620334504,17491.460259917338,17078.14761330486,17016.916504309687
2025-08-31 15:00:00,16617.710456310302,15529.880009110128,15449.231840261882,15649.625258053242
2025-08-31 16:00:00,17739.1815009391,14111.758675051598,14182.671737229854,14314.997600577099
2025-08-31 17:00:00,14456.997171164996,13990.817582648928,13597.954056887138,13728.29856311918
2025-08-31 18:00:00,13964.4864552549,13325.990508852841,13512.338659492882,13991.83241805964
2025-08-31 19:00:00,12091.2675543134,13165.071703544632,13117.819896615574,13518.285355838027
2025-08-31 20:00:00,13826.521408929,13272.250715824683,12790.243300259395,13385.670789041864
2025-08-31 21:00:00,12212.407190126123,11604.386997197256,11969.267758117192,11102.033903155858
2025-08-31 22:00:00,10386.629772116,10401.597934192712,10063.795830955636,9944.514205482705
2025-08-31 23:00:00,11080.729729390974,8945.097162778518,8917.377156381479,8580.807415152847
2025-09-01 00:00:00,4670.61968397738,7609.782164454202,7809.821558209917,7438.335099369562
2025-09-01 01:00:00,6039.958105261016,7446.100961994594,7531.5598028165605,7086.563559469545
2025-09-01 02:00:00,5909.877705599705,6452.900510945306,6349.670513566301,6119.054798441947
2025-09-01 03:00:00,6652.110374133326,6768.662643999688,6289.331273489111,5905.8167632291215
2025-09-01 04:00:00,5987.171692411677,6773.867313007395,6489.692409699571,6544.035025832978
2025-09-01 05:00:00,7087.617527087982,6788.614388288076,5861.546846826068,6388.765666964806
2025-09-01 06:00:00,9483.98835312251,9817.577394844237,9947.353239638818,9596.540044804711
2025-09-01 07:00:00,15612.816480317382,11926.313599994934,11656.992626304489,11015.249686993619
2025-09-01 08:00:00,11366.722072211302,12923.557662958354,13084.779012322508,13059.75854987617
2025-09-01 09:00:00,14411.062048562748,14611.30422996344,14742.726407656914,14503.512635977642
2025-09-01 10:00:00,16163.872629776677,15555.650138824945,15816.461741037454,16029.77859899836
2025-09-01 11:00:00,27539.343526372097,17888.242933573885,17258.524512801683,18361.75254095906
2025-09-01 12:00:00,9867.998204898202,17070.87722667974,16267.080814372328,17253.435223414832
2025-09-01 13:00:00,15861.362151222402,16695.477266322727,15408.448416259776,16831.027476146686
2025-09-01 14:00:00,21874.12693284602,17397.980243764403,16986.325548625347,16450.503229186004
2025-09-01 15:00:00,7165.759274604159,14955.290675929948,15120.49089814707,15067.594947557674
2025-09-01 16:00:00,13814.2331118882,14156.051497350985,14151.151685965917,14209.21182281449
2025-09-01 17:00:00,14202.722551451308,13526.522503408538,13622.114716700367,13544.422041541337
2025-09-01 18:00:00,13068.648917262912,13151.921843877035,13120.41894754089,13447.417436600195
2025-09-01 19:00:00,19838.26713336629,13299.959400319198,13702.514647340431,13589.065160644092
2025-09-01 20:00:00,5846.689608339502,11868.44425856598,12234.2447590303,11727.955552136167
2025-09-01 21:00:00,12447.137975985697,11903.507320019786,11664.760454106847,11490.66886341978
2025-09-01 22:00:00,10248.342430246128,10415.360837144657,10255.146735818269,10103.31391670088
2025-09-01 23:00:00,7156.033076059577,8994.600234379908,9256.807831956223,8475.106234586576
2025-09-02 00:00:00,8793.38441700838,7222.25593397273,7577.728087664254,6916.56911575519
2025-09-02 01:00:00,15648.179604829027,7505.8565546386235,7430.092822544827,6792.356816483368
2025-09-02 02:00:00,5696.400469292392,7166.614279002269,7660.197263591397,6256.941215070467
2025-09-02 04:00:00,4081.51796333128,6695.221746174336,6526.634700470378,5810.179938139853
2025-09-02 05:00:00,6686.753848615226,6822.239781326643,6349.638978737424,6107.954813176319
2025-09-02 06:00:00,12044.3577202153,9509.100829853733,9868.74444817775,9040.980187200616
2025-09-02 07:00:00,11603.173609219386,10783.980812955726,10981.887145219674,10766.14741850894
2025-09-02 08:00:00,11177.95477598951,12193.865468579106,12519.948947957873,11647.415826053251
2025-09-02 09:00:00,11349.025543983695,12948.863273305462,12998.501196342511,12689.580822815526
2025-09-02 10:00:00,25312.600602160608,15059.095352780041,15095.740964486462,15135.62621745366
2025-09-02 11:00:00,3833.559230503486,15891.234280871773,16109.823674917196,16029.34906374699
2025-09-02 12:00:00,25257.930279595992,16827.994341611142,16293.05006673223,16816.59091213636
2025-09-02 13:00:00,14194.001211205436,16261.027248730104,16403.54310367388,16292.45281329221
2025-09-02 14:00:00,6973.870552024473,15027.634770711767,15559.873863714012,15214.744008771502
2025-09-02 15:00:00,16025.742838989998,14724.95015517612,14864.084534580119,14838.38822656997
2025-09-02 16:00:00,11439.923303825111,13425.522985236274,13799.941393834804,13780.47169224301
2025-09-02 17:00:00,13057.146481269501,13110.65368913646,13402.290422354185,13200.728716682677
2025-09-02 18:00:00,14057.638025458193,12888.311791727481,13005.088040458217,12954.081144384978
2025-09-02 19:00:00,14144.477529561907,12892.00508153929,12974.907813968734,12751.065987004016
2025-09-02 20:00:00,13308.870598390893,12603.427412234214,12694.365285912461,12676.382232277301
2025-09-02 21:00:00,14586.380759412601,12166.851395805113,12230.382496114107,11881.321946246979
2025-09-02 22:00:00,11508.900449123503,10917.117700620787,10549.872201055965,10951.180088861805
2025-09-02 23:00:00,7388.149229021577,9217.933329703028,9206.24624673139,9123.615623163856
2025-09-03 00:00:00,8004.548189472018,7770.156933972121,7600.095558971583,7899.6687696187855
2025-09-03 01:00:00,7719.514524061786,6906.907790321794,6705.0557369526005,6581.309118485244
2025-09-03 02:00:00,6944.242790396223,6775.792891585741,6393.71061143003,6502.756335075079
2025-09-03 03:00:00,6808.038296858582,7162.482162780927,6998.571306319781,6962.636291760072
2025-09-03 04:00:00,7196.497302668926,7354.106851810907,7181.6575036208615,7049.04952006299
2025-09-03 05:00:00,7201.219351776985,7484.132988559097,7104.939512543557,7345.734873682035
2025-09-03 06:00:00,11446.058497127426,9773.512819292038,10477.16551358942,9797.320028619191
2025-09-03 07:00:00,13208.627971944177,10695.189187570715,11462.836486113487,10526.583221167115
2025-09-03 10:00:00,16419.387282302,15190.468419484614,15645.62191201578,15667.152251693191
2025-09-03 11:00:00,17032.80789499588,16634.199102817707,16519.098948567294,16679.82998457546
2025-09-03 12:00:00,18589.667220898726,17512.51731247399,17296.174926565665,17325.658234299473
2025-09-03 13:00:00,14863.601409449791,16642.49723465891,16127.731299330775,16965.505118059646
2025-09-03 14:00:00,15194.086123734818,14833.148368224573,15529.507973339354,15252.324997115682
2025-09-03 15:00:00,13411.167838866178,14750.470220058764,14986.67581950245,15033.66913869426
2025-09-03 16:00:00,12587.424831986704,13421.590512114157,13356.016131436294,13613.604055950167
2025-09-03 17:00:00,13643.811587368498,13156.01837971179,13404.901946424521,13226.674865555206
2025-09-03 18:00:00,14394.578230294199,12607.599958798008,12880.79618805282,12756.693555694674
2025-09-03 19:00:00,11462.498266118611,12449.390272934555,12528.443364366427,12463.098498343203
2025-09-03 20:00:00,18414.28712922139,12860.124362337958,12398.039287651438,12955.39739915089
2025-09-03 21:00:00,7958.340761421601,11840.453771233157,12037.355957149706,11760.673943247226
2025-09-03 22:00:00,10008.952478829531,10908.10726159952,10737.88869159505,10923.78494874873
2025-09-03 23:00:00,10077.218848417479,9462.932591709145,8981.563796169294,9367.610025114109
2025-09-04 00:00:00,8232.603735342596,8397.294984222315,8102.977090642298,8353.006628917245
2025-09-04 01:00:00,7109.855899403381,7503.892237588079,7440.329062857008,7453.57214635458
2025-09-04 02:00:00,6715.376258196935,7005.74761902948,6970.243023616265,7073.252598618914
2025-09-04 03:00:00,8059.39619640538,7177.3928283898085,6425.253393041267,7057.501838180102
2025-09-04 04:00:00,5091.399430666002,7087.426533593431,7280.289267063773,6941.982921057965
2025-09-04 05:00:00,6940.511358107098,7071.6528576963865,6950.161197886096,6969.176845742299
2025-09-04 06:00:00,10536.384610363417,9785.898953193211,9864.763923436847,9789.790242814266
2025-09-04 07:00:00,13305.030109187977,10786.294756809524,10805.958438264413,10639.302429231346
2025-09-04 08:00:00,17011.23187336361,13378.506037772675,13347.73574497029,14018.059908102055
2025-09-04 09:00:00,20172.056947075096,15381.208700557505,15200.151793308267,16149.87974407819
2025-09-04 10:00:00,9040.695872843899,15662.849428716583,15679.831404818102,15774.514310380804
2025-09-04 11:00:00,15835.370375607998,16076.564732097666,16195.617239977957,16326.146832493829
2025-09-04 12:00:00,15673.314772709007,16137.951070800435,16116.144565252042,16488.55662105425
2025-09-04 13:00:00,15770.471809453793,15831.260212600806,16142.96771645985,15998.835566258433
2025-09-04 14:00:00,14567.926752687508,15029.96001968226,15471.637712383616,15082.499781387025
2025-09-04 15:00:00,12895.99770558759,14556.141592601867,14678.79788288719,14742.620854770936
2025-09-04 16:00:00,12822.220117853707,13158.609179576295,13562.90461385265,13728.443462544768
2025-09-04 17:00:00,14875.868463665214,12852.6476793036,13446.372784135125,12972.380193545974
2025-09-04 18:00:00,11809.924837755785,12624.741950425405,13149.82735289785,12376.454596017578
2025-09-04 19:00:00,12766.984190467894,12412.995223327962,12888.121015524126,12341.089544762326
2025-09-04 20:00:00,13077.191334387802,12170.207649999562,12467.592444357442,12111.60616326401
2025-09-04 21:00:00,10582.49610478331,11703.738785976124,12349.850538162498,11766.518460924952
2025-09-04 22:00:00,11312.104193913103,11032.448777048481,11654.6515088907,11012.625983641257
2025-09-04 23:00:00,9682.11065742159,9533.42362959289,9123.644638233667,9360.527367151204
2025-09-05 00:00:00,8850.263368850912,8388.588221667736,8316.058218544129,8510.23175140935
2025-09-05 01:00:00,6379.271203104392,7548.177074673136,7846.089412248824,7636.491470953815
2025-09-05 02:00:00,6807.9328108126065,6881.58513422781,6619.4069657297605,6681.260663283053
2025-09-05 03:00:00,7059.409676021072,7069.844262973425,6837.72539123729,7091.44941930804
2025-09-05 04:00:00,6661.605508883716,7071.7797079851325,7072.905633508712,7288.33327433137
2025-09-05 05:00:00,7521.337928888497,7083.362237066538,6812.134983004156,7055.099205348715
2025-09-05 06:00:00,9733.699312073808,10056.564347252937,10518.882248520587,9838.312134963888
2025-09-05 07:00:00,12337.498506255983,11008.12668435648,11200.965628724029,11059.042152058804
2025-09-05 08:00:00,13486.29095083151,11716.896125233634,11894.683287243153,12094.18714420311
2025-09-05 09:00:00,13548.917067832885,13180.410340278013,13736.066392183797,13139.191079955166
2025-09-05 10:00:00,23664.012457899815,14314.765770636957,14832.511053222997,15229.099030364407
2025-09-05 11:00:00,15748.05009459498,16314.518841834848,15918.205652917408,17143.519526283657
2025-09-05 12:00:00,6404.73802197343,16069.905466622018,15796.355121866525,16378.45903766653
2025-09-05 13:00:00,14984.929289524993,16226.88675863937,16109.115573473824,16623.38942506278
2025-09-05 14:00:00,14947.006259478778,15206.770643760758,15224.62232186767,15514.181966955279
2025-09-05 15:00:00,14323.582131065425,14631.323264234747,14736.836534465283,14916.064079983555
2025-09-05 16:00:00,15801.0466423826,13611.780366250065,13775.696391510923,13851.866670441446
2025-09-05 17:00:00,11359.222709016216,13283.158697330062,13585.34091482375,13246.507292932418
2025-09-05 18:00:00,14120.872117193769,13254.286490474908,13409.71502049442,13137.984945122931
2025-09-05 19:00:00,12566.65995745431,13156.492602950417,12970.418964357916,13053.321440961048
2025-09-05 20:00:00,12285.850005450286,12498.971870346046,12475.949666136896,12734.462598692238
2025-09-05 21:00:00,11899.030738977806,12388.90814591502,12324.481580634034,12634.424189670035
2025-09-05 22:00:00,11019.698987058619,11669.351541205588,11561.974879322335,11871.053487924266
2025-09-05 23:00:00,10311.957713972117,9782.68505263962,9863.966730296006,9682.599689212719
2025-09-06 00:00:00,9342.468770527576,8189.857290849878,7633.180834111749,8161.76907442144
2025-09-06 01:00:00,8779.828039490705,7782.861329947026,7828.824325946955,7454.923610720332
2025-09-06 02:00:00,6396.0120069015975,7120.192108672608,6631.824036888529,6592.865511273276
2025-09-06 03:00:00,6481.490461647704,7030.791825590001,6566.19600093382,6445.459942147642
2025-09-06 04:00:00,6749.024170333301,7134.212717186099,6613.949461109367,6915.086550329439
2025-09-06 05:00:00,9341.708111639302,7407.189492129393,7246.027520947647,7474.576976876692
2025-09-06 06:00:00,6018.026187925298,7904.7152705093185,7611.280415043915,8063.898898513492
2025-09-06 07:00:00,8352.4429937754,7940.25669677704,8026.508343684593,7954.123105214105
2025-09-06 08:00:00,13246.701691754588,9508.44406171765,9947.613388072543,9441.23945238593
2025-09-06 09:00:00,13642.276361173328,11471.58165529944,11936.694496074928,11446.696210416663
2025-09-06 10:00:00,15659.175295125686,14973.676804169212,15731.929556915482,13959.893698071777
2025-09-06 13:00:00,15497.655878069821,17606.61448909179,17719.68453723447,17341.90767673146
2025-09-06 14:00:00,16365.988093635275,16787.426903521675,17039.43083419774,16069.570123482797
2025-09-06 15:00:00,15704.225348646705,15872.84977082079,15698.701304081404,14974.665549773783
2025-09-06 16:00:00,14382.208368678694,13846.57124920034,14284.202238466869,14074.83887709279
2025-09-06 17:00:00,13361.41658600613,13378.903478191474,13664.668713447796,12924.930776366898
2025-09-06 18:00:00,13015.152653011875,13266.213725685422,13122.417945034962,13051.242342459234
2025-09-06 19:00:00,12571.178674445899,13236.507495189078,13020.434609252581,12676.358412195079
2025-09-06 20:00:00,12203.414848617807,12971.133551010384,13195.074269571876,12221.423433493612
2025-09-06 21:00:00,11661.168080962922,12655.414670553346,12647.54809955603,12112.392698774835
2025-09-06 22:00:00,10280.195253653095,11683.793346915447,10977.449878095164,11214.34858468597
2025-09-06 23:00:00,9658.56924888868,9755.08908866585,9736.566922613743,9495.099899166878
2025-09-07 02:00:00,8714.258564873875,7963.51377047359,7683.884463323129,7537.881926741914
2025-09-07 03:00:00,7082.27337078122,7359.274081172896,6684.717038103837,7304.4637128732
2025-09-07 04:00:00,6638.346246206798,7744.588076496689,6581.0073213602645,7929.851268986694
2025-09-07 05:00:00,6934.258281295297,7729.616137261739,7340.871234623038,7748.484417690781
2025-09-07 06:00:00,8323.657359378198,7874.789293620692,7508.967468779778,8049.039985943804
2025-09-07 07:00:00,6927.383440771326,8202.702103049798,7892.165486992686,7916.890843038354
2025-09-07 08:00:00,9271.345409911959,9439.452526072051,8154.857385689127,9246.293936483215
2025-09-07 09:00:00,8272.617305761309,11550.440975613727,11430.542835191935,11530.257592761953
2025-09-07 10:00:00,12785.323283234226,14770.691415443282,14066.134944768355,14512.43188296366
2025-09-07 11:00:00,16676.816734355387,15625.547138975555,15897.7564840403,15349.717690430989
2025-09-07 12:00:00,19114.273275028896,16633.82054809253,16346.146475611147,17143.66233806806
2025-09-07 13:00:00,18710.211651637317,18011.80458170077,18557.542499046827,18378.904219032192
2025-09-07 14:00:00,18632.52855768029,16789.534505217332,17127.28399015024,16614.91263773972
2025-09-07 15:00:00,17900.891314068995,15473.327923647477,15262.396966803099,16226.134819237166
2025-09-07 16:00:00,17919.893444881804,13950.03415378574,13942.01792480348,14085.003571782674
2025-09-07 17:00:00,14262.040291836802,13072.854311457873,13738.948940943843,13354.12847540697
2025-09-07 18:00:00,12342.937243146302,13107.465269608694,13462.805478366861,12962.27588746909
2025-09-07 19:00:00,15807.856538395314,12948.91337088698,13252.430177937867,12844.303446180864
2025-09-07 20:00:00,12599.676117340181,12820.726637876962,13081.466479826315,12750.196268050882
2025-09-07 21:00:00,18676.145639142927,13037.1139305982,12504.56901016732,13945.785172069918
2025-09-07 22:00:00,8463.14011310548,11549.832777843758,11021.260912232297,11652.653110646837
2025-09-07 23:00:00,10163.66374410799,9544.681754329513,9464.373666321952,10102.853733992773
2025-09-08 00:00:00,7955.575778317409,8668.738571540012,8104.692533943255,8851.373536547924
2025-09-08 01:00:00,7469.669327191994,8504.962509936451,7948.540899737529,8215.465999308624
2025-09-08 02:00:00,5947.424673045709,7866.8556857480135,7141.21856235605,7462.085222715633
2025-09-08 03:00:00,6433.2743304509695,6999.575666322871,6548.437366658118,6741.869705062807
2025-09-08 04:00:00,7389.171225461818,7110.7421490863135,7041.113173113708,7103.928191554336
2025-09-08 05:00:00,7946.724633955186,7442.221181640608,7286.5857364355215,7301.834101611643
2025-09-08 06:00:00,12164.979775915246,10198.379436884563,10539.54705585547,9465.030788175365
2025-09-08 07:00:00,10424.499253042766,11445.957021740971,11409.433833489698,10566.397120037522
2025-09-08 08:00:00,13189.637268372713,13341.52597767227,12638.753952392894,13197.265064764442
2025-09-08 09:00:00,14085.618146996992,14025.197708452903,14436.808155491644,13502.262546216907
2025-09-08 10:00:00,16805.730221663798,15511.444874464662,15635.109053010516,15505.509834519276
2025-09-08 11:00:00,15898.112485479409,17399.95578519121,16503.201489035127,16848.783912143303
2025-09-08 12:00:00,17407.790721423673,17882.261904413426,16943.386199926328,17585.48902949922
2025-09-08 13:00:00,17026.894125007817,16031.848010981637,16324.651445294447,16052.68246936612
2025-09-08 14:00:00,16704.114822973705,15610.015020244991,15397.962308200704,14561.446512597115
2025-09-08 15:00:00,16213.404748550714,16138.367654101605,15624.47082248731,15585.395384812111
2025-09-08 16:00:00,16957.867662953387,14801.99722414429,15448.274844530531,14571.615285588636
2025-09-08 17:00:00,13608.746983006695,14186.93588889599,14924.56758487357,14036.08635307284
2025-09-08 18:00:00,16709.519703734306,13965.68718503034,15274.563496211358,14161.911771805819
2025-09-08 19:00:00,6505.447065557997,13448.327283987943,14317.532505209154,13071.401433131581
2025-09-08 20:00:00,12265.216522783105,13075.990395162118,13618.008540394,12771.44591213798
2025-09-08 21:00:00,13596.476409916202,12895.079714071033,12983.648170410532,12040.085443071137
2025-09-08 22:00:00,10860.15462490479,11740.57308499031,11526.950152781319,11401.782674315979
2025-09-08 23:00:00,9080.12900576708,9167.294757683077,8909.610540306407,8918.869489640969
2025-09-09 00:00:00,7648.603809405733,8178.503837659477,8097.673604391561,8076.110941234385
2025-09-09 01:00:00,4876.856871212774,7343.019828600542,7133.291212391087,6872.113472272295
2025-09-09 02:00:00,5542.114615401413,7146.356400681732,6910.862323672917,6847.4011324795265
2025-09-09 03:00:00,6920.654076569283,6868.066208821734,6367.538177509973,6551.208785158576
2025-09-09 04:00:00,6362.783217211123,6619.343835917195,6509.274215349895,6347.367245116366
2025-09-09 05:00:00,8574.658799677498,8116.890458412274,7686.849848970631,8654.359408872133
2025-09-09 06:00:00,5938.600409459574,9620.206628066517,9869.007463347953,9204.561984232003
2025-09-09 07:00:00,11411.144693313643,10817.259319696812,11244.1036856399,10356.58972915726
2025-09-09 08:00:00,12751.521931606887,13324.356260148332,12690.661621944537,12839.516843858704
2025-09-09 09:00:00,13078.933865046394,15047.946813414961,14787.535219500533,14675.567649882076
2025-09-09 10:00:00,16721.090012606997,15609.18755338483,15402.888893143903,15429.885267068685
2025-09-09 11:00:00,14555.280372980405,16880.37168104184,16507.657994456687,16141.909589412659
2025-09-09 12:00:00,16614.833050769997,16921.769480468516,16568.909036581,16357.240809435076
2025-09-09 13:00:00,15586.083986496607,15641.133474053931,16177.647330443608,15403.970401147606
2025-09-09 14:00:00,16627.75458259248,14864.254558834227,15165.209310064325,14554.463710135527
2025-09-09 15:00:00,13960.480658120312,14584.999992519024,14939.882119847407,14613.247998092229
2025-09-09 16:00:00,14059.794241283205,13653.27224934588,13222.950501425095,13615.397689680962
2025-09-09 17:00:00,13202.932446988398,13758.423225603054,13551.907127527093,13600.65151954989
2025-09-09 18:00:00,13199.168553925894,13295.150584328781,13380.963930330305,13456.85816379146
2025-09-09 19:00:00,14567.86767452001,13357.59661435166,13605.806551772552,13643.37634479982
2025-09-09 20:00:00,12975.862962799298,13101.978362278263,12742.920389279248,12849.845295106716
2025-09-09 21:00:00,13053.853032353003,12185.061781804096,12338.280304822169,12363.42882760615
2025-09-09 22:00:00,18145.683989841673,12434.518954920286,12314.168488797302,12486.286735898166
2025-09-09 23:00:00,2657.8893613271302,8884.97806311271,8522.340598841402,8754.478527385812
2025-09-10 00:00:00,7750.218547971399,7415.543635801586,7837.864222144718,7253.871995216195
2025-09-10 01:00:00,8094.891469299997,7048.69136322589,7194.271904888668,6830.946763972873
2025-09-10 02:00:00,3495.0761479500943,6463.547515452825,6299.52358698565,6198.697374987206
2025-09-10 03:00:00,6386.820241748099,6507.526968386832,6002.218016826504,6137.49243299068
2025-09-10 04:00:00,6471.511139707203,6615.870901081809,6274.796833737289,6395.367067409026
2025-09-10 05:00:00,6661.931262165504,6986.938806660385,7126.634307624221,6959.637971225672
2025-09-10 06:00:00,8726.603138087597,9656.123260098646,9471.718283758864,9204.103853183733
2025-09-10 07:00:00,13176.374835931794,11055.425668012093,11177.256352099066,10742.711084594119
2025-09-10 08:00:00,12367.47701256951,12856.78913338136,13708.733341831146,12938.874042332296
2025-09-10 09:00:00,12071.179022732005,12822.546128378059,13968.891480345212,12870.354337439727
2025-09-10 10:00:00,15225.758722075792,15278.33133654003,15488.557808194222,15590.8641005118
2025-09-10 11:00:00,16433.774378246213,16365.073995424906,16261.422174159237,16336.744140493767
2025-09-10 12:00:00,15881.450686187582,16599.606902432664,16353.49012034811,16111.23499988547
2025-09-10 13:00:00,17486.616015306598,15710.943904323789,15872.462339549886,15367.130625402886
2025-09-10 14:00:00,15845.703686595607,14373.711262243767,14789.994038792776,14013.496790043928
2025-09-10 15:00:00,13872.11005987359,14840.73990345357,14986.709665076685,14514.509601007961
2025-09-10 16:00:00,13159.33247056033,13433.148367881415,13418.945686744375,13608.273592155649
2025-09-10 17:00:00,20325.268655063872,13641.40377098709,13700.361020913939,13732.70771353016
2025-09-10 18:00:00,8354.269738338004,13080.076185825552,13435.77173058807,12927.83146953958
2025-09-10 19:00:00,12241.233670421807,13125.774679907543,13413.73353628708,13084.821671690072
2025-09-10 20:00:00,13969.902912939278,12841.441381706534,13165.66405420576,12803.670358526
2025-09-10 21:00:00,13112.00329985272,11902.779239296022,12574.424893443509,12010.56580742848
2025-09-10 22:00:00,11101.025442019272,11342.805913192622,12110.999274927586,10708.130685217491
2025-09-10 23:00:00,10583.132167063924,8986.912025449132,8228.48754207534,9008.662592677549
2025-09-11 00:00:00,5956.175651586196,7603.723981851084,7673.91845635833,7583.229723381619
2025-09-11 01:00:00,8804.432906237082,7116.278256090527,7042.873051744774,6832.605302331253
2025-09-11 02:00:00,4227.5478387580515,6383.105282344903,6286.738477818647,6063.28065643184
2025-09-11 03:00:00,4255.1591268904795,6642.447884775903,6403.417664032281,6086.741044729799
2025-09-11 04:00:00,6595.203460712291,6721.241196295161,6499.741886452854,6303.502594774372
2025-09-11 05:00:00,7350.060115616907,7098.264065597118,6964.5711509252915,6980.970062805381
2025-09-11 06:00:00,9468.704982338899,8595.427885647972,9217.79235006778,8256.728091432899
2025-09-11 07:00:00,9811.844670635688,10367.953489591515,10989.452503702478,10079.981595892194
2025-09-11 08:00:00,12840.215051787225,11230.673345662002,11442.604341058048,10929.758729053012
2025-09-11 09:00:00,14306.393517500885,13292.05755243728,12719.218922006337,13589.290203263046
2025-09-11 10:00:00,15524.332849693594,15583.461199174108,15310.607326282343,15549.29451486605
2025-09-11 11:00:00,17976.892448396604,16240.88339025735,16451.778392194927,16403.55680091209
2025-09-11 12:00:00,14180.074902528384,16489.008011721573,16543.533487667108,16429.12894487057
2025-09-11 13:00:00,21484.79957256502,15853.719822851996,16320.022331000935,15835.864664577983
2025-09-11 14:00:00,10523.207249476694,14962.435564217212,15378.723849766777,15094.077566213207
2025-09-11 15:00:00,14722.791957692923,14545.328908600213,14856.300422297154,14768.084240865926
2025-09-11 16:00:00,13303.303108980981,13483.055373678402,13528.304672742932,13477.032854917554
2025-09-11 17:00:00,14011.860978248991,13276.937546996825,13350.718802119452,13433.558482008768
2025-09-11 18:00:00,12905.6619895847,13136.920530248828,13432.821531333604,13378.231654641648
2025-09-11 19:00:00,14253.652926896702,13162.512432716934,13373.816217171687,13345.325985066595
2025-09-11 20:00:00,15292.133366433109,12340.557323462706,12586.776887952356,12577.664782449101
2025-09-11 21:00:00,11303.964198055899,12152.493189281353,12568.043494524887,11628.218082514286
2025-09-11 22:00:00,11457.753876939598,11383.39951449134,11531.052361478758,10996.239287891916
2025-09-11 23:00:00,9814.870182106397,9162.828512697859,8820.615180190156,8945.08424129129
2025-09-12 00:00:00,8814.241371624903,8216.04588418114,8079.7844774583045,7953.128202996007
2025-09-12 01:00:00,7209.7496793803,7394.6483651833005,7488.733916850747,7004.4973150178375
2025-09-12 02:00:00,6370.321156559003,6830.34520477169,6231.484637893297,6336.272428003615
2025-09-12 03:00:00,6795.522398753301,7366.212228331925,6704.449671567791,7046.322332730476
2025-09-12 04:00:00,7701.320598159873,7220.264228048627,7306.7308457992585,6885.868554665926
2025-09-12 05:00:00,6861.924540972432,7423.49010804165,6895.59001493918,7290.471161067072
2025-09-12 06:00:00,9481.16692407367,9624.822030332647,10105.88739095082,9276.880669856328
2025-09-12 07:00:00,12229.774062783614,11093.145858999336,11313.560308075032,11064.845411819297
2025-09-12 08:00:00,14437.425368527813,12520.688617418255,12637.736956727296,12339.522468683057
2025-09-12 09:00:00,21682.28838645449,14643.316968977811,14816.735603980456,15318.678876966707
2025-09-12 10:00:00,10592.821071504404,15552.635509119356,15165.816278385946,15849.448929797714
2025-09-12 11:00:00,16135.432170625898,16034.982557813844,16368.50577613872,16502.778285594926
2025-09-12 12:00:00,16972.827312203295,16372.656542812381,16483.982504872925,16734.212561317574
2025-09-12 13:00:00,13643.306968468107,16187.469637120961,16402.648709815596,16662.87965574443
2025-09-12 14:00:00,15977.6453723154,15028.140200816835,15404.753817431814,15468.829055896302
2025-09-12 15:00:00,15394.55851465389,14679.242094697665,14630.918391865389,14989.475369380325
2025-09-12 16:00:00,12923.070531150312,13136.982081668228,13185.517150648022,13046.812908172154
2025-09-12 17:00:00,13685.693348749392,13002.751001533608,13395.40216943106,13094.507364153385
2025-09-12 18:00:00,13421.949159568107,13035.238129856463,13417.210796690633,13161.273907742889
2025-09-12 19:00:00,11241.28415518042,12654.296668389845,12606.166385263266,12552.362108997622
2025-09-12 20:00:00,12134.930438016096,12366.631011997764,12580.580725681355,12033.726323710052
2025-09-12 21:00:00,16173.867153979667,12013.354084308194,12448.913649116525,11259.478343484476
2025-09-12 22:00:00,6283.338105868192,10764.655480887779,11663.839868731468,10783.334142897515
2025-09-12 23:00:00,9203.446032089627,9101.266706374181,8771.324895123917,8939.416474107056
2025-09-13 00:00:00,7820.348394969293,7810.3181246225395,8005.570848507634,7719.813467313747
2025-09-13 01:00:00,6151.526112599808,6910.353156424573,6607.734910777663,6927.496064654587
2025-09-13 02:00:00,8213.4922388634,6271.198812740067,6257.512400484187,6177.084650892216
2025-09-13 03:00:00,4966.847160540003,6947.221040887743,6627.152839616416,6190.303961463542
2025-09-13 04:00:00,7281.789426475778,6855.198596786515,6801.327034569361,6354.5856800501315
2025-09-13 05:00:00,5776.942745340923,6715.084846593354,7149.970871812522,6321.194452094852
2025-09-13 06:00:00,5241.268526198768,7266.316366301038,7150.1017868467125,6728.6499375652875
2025-09-13 07:00:00,6932.711951055517,7954.043264927512,7221.306066943103,7486.680452909816
2025-09-13 08:00:00,10361.550600941428,10396.373045034503,10416.840021349995,10193.526997033632
2025-09-13 11:00:00,17442.764917538596,16044.623743133545,15564.015868563287,16043.052505785745
2025-09-13 12:00:00,19686.173905546613,18380.575093105468,17858.941482041417,18199.2138674263
2025-09-13 13:00:00,19343.04185053077,18604.434766110026,19032.422055939533,18558.32097951294
2025-09-13 14:00:00,18357.915798629623,17229.337520482644,17649.5682954979,16842.093113301915
2025-09-13 15:00:00,16915.598856085006,16061.756686432123,16351.686353053232,15887.756177829995
2025-09-13 16:00:00,14858.502904798297,14327.081815218948,13089.397383322197,14126.670111519594
2025-09-13 17:00:00,15462.343102690804,14114.362330366239,13702.35619722402,14339.938970499683
2025-09-13 18:00:00,14448.483176630794,13765.72545382697,14062.515992926219,13831.947652098359
2025-09-13 19:00:00,13818.936153472798,13783.091000262713,13893.684145193562,13713.662023304647
2025-09-13 20:00:00,12550.87553830991,12984.241504541358,13110.87610227637,12879.586983067347
2025-09-13 21:00:00,11237.06091805069,12521.107887136355,12223.152099535007,12588.337020866691
2025-09-13 22:00:00,12326.938728864705,11584.118193119872,11671.308540109885,11354.815319894964
2025-09-13 23:00:00,7378.940520789003,9521.67337459478,8683.594512239573,9351.87413379048
2025-09-14 00:00:00,8295.173008826492,8157.112670192746,8450.833086240644,7831.372449073746
2025-09-14 01:00:00,7330.39173382752,7573.906604680595,7750.523632927833,7432.109128527167
2025-09-14 02:00:00,5797.835455610679,6500.360750122401,6595.456801020021,6665.67340237547
2025-09-14 03:00:00,8269.348955980813,7072.699431654287,7363.3201372331705,7115.855290425295
2025-09-14 04:00:00,4853.484287325176,6647.800085121872,6654.9617288883965,6422.245694028792
2025-09-14 05:00:00,6381.004002567912,6565.5355788802235,6998.548941717125,6471.733621830492
2025-09-14 06:00:00,6694.681390512287,6674.521434217572,6021.621224045299,6406.683795590784
2025-09-14 07:00:00,5901.26258437322,7473.3119716446245,6593.182855272418,7043.910454259889
2025-09-14 08:00:00,8203.360876795621,9166.43655825109,8996.720530805056,8685.129155941457
2025-09-14 09:00:00,11997.752847294982,11410.046908849072,10067.158834448463,11859.299070917392
2025-09-14 10:00:00,15580.093801866686,14412.456781349221,13379.717397783219,14237.051278474475
2025-09-14 11:00:00,18328.01108471372,17306.105951290734,17125.793824809574,17397.41153399662
2025-09-14 12:00:00,19567.703750433513,18936.78543618788,18885.67856267374,18677.953936434635
2025-09-14 13:00:00,20871.81697464907,18711.85902434963,19033.280158362737,18351.318825779912
2025-09-14 14:00:00,15798.30510993653,17220.360341726722,16906.466070601426,16477.90849842543
2025-09-14 15:00:00,15610.928428525582,15430.330831788744,15492.80568151181,15275.006381240779
2025-09-14 16:00:00,14737.871400993972,13478.326384598407,13519.139147133908,13706.122163677961
2025-09-14 17:00:00,13663.753593280326,13332.007841080198,13477.14755451549,13487.315430712639
2025-09-14 18:00:00,17464.42868332491,13301.799745429162,13440.227172611427,12971.642966844152
2025-09-14 19:00:00,10570.084872780692,13012.706410024422,13267.484144372638,12744.33172937479
2025-09-14 20:00:00,10602.472266481802,12888.756585854586,12667.314876766692,12272.988673317595
2025-09-14 21:00:00,12142.832291875795,11922.238510609468,12423.46400509385,10861.376016677836
2025-09-14 22:00:00,11424.942637926397,10752.308969795271,11970.66062945288,10081.149480089125
2025-09-14 23:00:00,8190.147134571505,8917.39583307321,8135.755766522171,8563.972772259385
2025-09-15 00:00:00,8004.037660520222,7258.779804952582,6965.330203584677,6894.268217101807
2025-09-15 01:00:00,7967.938745201551,6575.125253793866,6438.3250921870895,6362.4712347583345
2025-09-15 02:00:00,7624.46994004563,6119.555202865646,6215.225242998346,5856.4487847745395
2025-09-15 03:00:00,3356.35465765777,6576.779408569961,6350.971277175564,5972.795166820723
2025-09-15 04:00:00,6747.909087968335,6737.23168872181,6602.493053879172,6155.444947371518
2025-09-15 05:00:00,7938.308484451372,7000.639168026846,6826.967657064788,6553.5163683250985
2025-09-15 06:00:00,7112.138648949611,8938.074106575581,9498.373123340989,8645.241965385729
2025-09-15 07:00:00,10907.171616849704,10160.067426140999,10855.097526033993,9817.400836847866
2025-09-15 08:00:00,12196.303997019586,11487.460088673753,11600.007128415415,11336.790360887508
2025-09-15 09:00:00,16809.669949756226,13583.861381829047,13621.729264731035,13612.976048137545
2025-09-15 10:00:00,17037.003800259867,15531.674570824234,15734.02358811927,15627.08554145541
2025-09-15 11:00:00,18205.566702516044,16594.71513570212,16661.36104498185,17138.847385062418
2025-09-15 12:00:00,24975.677666638498,16452.881670670715,16516.524330982582,17181.270686593754
2025-09-15 13:00:00,10788.852942522786,15651.45427558973,15973.752612623439,15574.30485583582
2025-09-15 14:00:00,16359.952333928119,14859.433418413886,15295.32331715768,15067.059818300415
2025-09-15 15:00:00,16706.286496408164,15024.51185222347,15109.688910815541,15061.517758874104
2025-09-15 16:00:00,15717.762418521292,13598.979887271877,13384.44534048821,13915.265127638817
2025-09-15 17:00:00,13713.86893206683,13634.750887179158,13699.609077583358,13876.754538624098
2025-09-15 18:00:00,13794.78124065101,13638.29081850664,13682.210796521413,14040.91551649756
2025-09-15 19:00:00,13427.942728131693,13599.140052769066,13621.36807639175,13784.243018147266
2025-09-15 21:00:00,11877.0474435,14421.192777114282,14635.18969895308,16190.27584418014
2025-09-15 22:00:00,11831.743889600002,12403.562482081577,12495.365834068003,14298.736124371248
2025-09-15 23:00:00,11784.064396900001,10237.832029347142,8835.901911327033,11141.857945803293
2025-09-16 00:00:00,11732.727485000001,13141.532726555743,14473.934940287247,13121.212008185916
2025-09-16 03:00:00,9826.623649622203,8939.603099840511,9393.408355134055,9310.727850612304
2025-09-16 04:00:00,-217.48895279417047,6665.016133102557,6570.554132824015,6333.11279442794
2025-09-16 05:00:00,8995.832207387466,7049.090525366211,6762.675020934989,7495.440010336292
2025-09-16 06:00:00,8048.391387103609,8322.034033905316,9115.06470723234,8093.4970001347865
2025-09-16 07:00:00,10555.286538430311,9643.611055493291,10417.291117573322,9161.850818710509
2025-09-16 08:00:00,9158.34322613008,11825.496974479998,12665.354119425054,11190.653414706387
2025-09-16 09:00:00,16426.9283274184,14301.503877701867,16038.862561432814,14541.673786156789
2025-09-16 10:00:00,16455.042654602606,15678.530659508748,16387.89697771765,15697.67698245524
2025-09-16 11:00:00,15157.26739772692,16445.130795229587,16386.9904907804,16663.216574951046
2025-09-16 12:00:00,21424.46489991627,17859.84019905814,16888.262718346785,18113.741066547114
2025-09-16 13:00:00,12461.875493861906,16962.980576213642,17156.887064311995,16112.043318943306
2025-09-16 14:00:00,15634.92399695919,14952.498169416293,15487.553102730397,14925.369965205458
2025-09-16 15:00:00,15120.950269976802,14679.426228813978,14808.380055277452,14828.097299575258
2025-09-16 16:00:00,13592.61487386818,13481.274483787818,13289.287864361047,13521.391483238805
2025-09-16 17:00:00,13963.305081510418,13108.089694987595,13266.559199133591,13414.165305663519
2025-09-16 18:00:00,14081.378389692112,12819.64442177795,13061.771349425191,12981.865279401614
2025-09-16 19:00:00,13385.954945801892,12259.493381310818,12674.820630266182,12778.625706425973
2025-09-16 20:00:00,11110.200136664998,11955.286667812037,12649.304339468134,12350.465799950618
2025-09-16 21:00:00,12061.068226147301,11717.222782608365,12398.376978020477,11823.34171788642
2025-09-16 22:00:00,12716.875548118078,10453.582546797526,11637.681376605387,10898.756368921324
2025-09-16 23:00:00,8393.18847321292,9178.010853120615,8816.549174114483,9493.397136862706
2025-09-17 00:00:00,7706.23623117981,9570.203837977799,9622.437174053355,9334.522101580531
2025-09-17 01:00:00,8800.089341760904,8635.371570283181,9763.629725088185,8994.589402823289
2025-09-17 02:00:00,4476.005948607199,7797.171013098446,7807.924725449628,7558.725832823491
2025-09-17 03:00:00,5584.1510754423125,7008.677858436025,6823.174709803195,6943.387611530294
2025-09-17 04:00:00,7839.392016849888,7083.193613453395,6920.255550717751,8007.371195612671
2025-09-17 05:00:00,6617.50206466129,8311.897396066557,6824.1247358443525,8327.812792673318
2025-09-17 06:00:00,6918.854476315613,9455.087240637613,10085.19112996092,9383.57178217158
2025-09-17 07:00:00,8870.618752812192,10398.713572603703,11337.38555522695,10681.963581015812
2025-09-17 08:00:00,12411.09415661429,11822.412784129247,11859.25999788008,11820.347323452908
2025-09-17 09:00:00,12802.173647675128,13137.64842518877,13842.982736262786,13260.33108595854
2025-09-17 10:00:00,16195.469751763587,14800.848002786754,14974.239453957001,14597.006769179818
2025-09-17 11:00:00,13570.848191773393,14997.109487792153,15461.824962754434,15228.524383240296
2025-09-17 12:00:00,21605.091962475497,16204.731063319836,16458.356181709372,16010.116616211906
2025-09-17 13:00:00,11382.3969166321,16299.504219426055,16685.809466096143,16007.94411956413
2025-09-17 14:00:00,16292.66075664791,15461.411715004011,15668.127276659348,15671.474112695309
2025-09-17 15:00:00,16081.569362047008,15309.955708419307,15810.211094227661,15275.461848567968
2025-09-17 16:00:00,17032.323355194283,13927.025470960998,13757.727783001837,14071.395015482094
2025-09-17 17:00:00,12632.9047102289,13352.689010407097,13515.729493670126,13475.909977856125
2025-09-17 18:00:00,14040.92417108898,13270.19130961948,13474.469864500696,13279.640813497152
2025-09-17 19:00:00,18662.306740262316,14271.762709996245,13686.494630751602,14597.126898167468
2025-09-17 20:00:00,8046.800461000084,12994.287937999612,12948.471906978946,13040.951716306987
2025-09-17 21:00:00,13258.062060297907,12835.515131766666,12781.44047233604,13166.25924148653
2025-09-17 22:00:00,12930.190776754484,11694.024333111378,11925.266794860268,12124.631190606515
2025-09-17 23:00:00,8615.526116779229,9334.681203279662,9241.087592575144,9652.003165476597
2025-09-18 00:00:00,10851.201367083402,9992.98710707888,9034.248615827019,9645.065655680111
2025-09-18 01:00:00,7951.351808822292,8842.63438212182,8573.87760990104,8509.081255085808
2025-09-18 02:00:00,5191.887857733498,7602.280608663032,7872.286115995878,7546.724125574144
2025-09-18 03:00:00,7683.432303092899,7863.257673008031,8976.53862896245,9572.120819228752
2025-09-18 04:00:00,9017.977928639506,8136.7316172596875,7950.554301166485,7967.683121754509
2025-09-18 05:00:00,7194.945786632822,8076.487074618362,7165.717620667932,8255.017179358352
2025-09-18 06:00:00,7258.714579126481,9064.533156797994,8128.877358062145,9166.055951773227
2025-09-18 07:00:00,6564.358475597281,9520.88189375054,8488.747860003936,10274.23295684299
2025-09-18 08:00:00,7156.846073276818,11014.168556219372,11025.193826157047,11032.560626225279
2025-09-18 09:00:00,13562.908626009088,12596.278626003637,12040.964408989896,12687.178201890012
2025-09-18 10:00:00,17624.008773426198,16365.67187279832,16139.517183394379,16317.924810693934
2025-09-18 11:00:00,24480.284608293216,18000.255784983467,18002.283625360094,18259.455707361478
2025-09-18 12:00:00,15058.153984765795,18105.921036452477,18335.370461233797,18734.60234135128
2025-09-18 13:00:00,16971.819625001703,17467.77150143119,18215.22643307898,17436.83772726621
2025-09-18 14:00:00,14121.4891585295,15688.915153489947,15637.47052116799,15996.649574588208
2025-09-18 15:00:00,17275.32039191639,15507.656399229072,15545.793570023226,15595.08108137628
2025-09-18 16:00:00,9305.08633340281,13722.30463941778,13650.803561823077,13825.767457615535
2025-09-18 17:00:00,9707.303635503598,13591.320503033952,13547.317957372767,13745.385514802152
2025-09-18 18:00:00,11485.9025064942,13557.806573135984,13425.214561402294,13809.081441323566
2025-09-18 19:00:00,12531.180209690796,13272.416858374118,13173.288946822835,12946.321126226863
2025-09-18 20:00:00,15721.670905695504,12856.353942273488,12883.86484553668,12803.39111051524
2025-09-18 21:00:00,7696.4455669044,12101.526681474224,12362.35688559666,12478.545261169089
2025-09-18 22:00:00,10819.139882654294,11488.582755573247,11703.11787041313,11102.318642397135
2025-09-18 23:00:00,10080.448916365329,9230.128871049686,9719.864148415214,9023.828230704374
2025-09-19 00:00:00,8843.099506945673,7677.573089856036,7784.880440796211,7578.522342074541
2025-09-19 01:00:00,13805.57555490041,7392.4504707557135,7798.145653083135,7073.665985533842
2025-09-19 02:00:00,8847.276131606792,7171.454105707293,7508.514431861847,6921.164356589829
2025-09-19 03:00:00,829.6243726820012,7128.040459281425,7047.408956289047,6632.1231318650425
2025-09-19 04:00:00,7298.08294357,6929.344618903733,7300.011417355011,6610.70039883732
2025-09-19 05:00:00,7175.692616736684,7464.239149483047,7131.5934674184255,7163.059589805625
2025-09-19 06:00:00,7599.655418791128,8003.648037665622,7631.470756424032,8423.826523386573
2025-09-19 07:00:00,6771.645552753482,8950.539793565877,7984.016431534546,9524.010891791637
2025-09-19 08:00:00,8642.52336405039,10846.727265093661,10594.462470358296,10866.066478190993
2025-09-19 09:00:00,11950.533484050586,11711.419970821486,11256.328972498968,11938.89271737283
2025-09-19 10:00:00,18055.931940982955,14763.119160435772,14701.46109613757,14295.964129942728
2025-09-19 11:00:00,19566.25308585095,17219.029855977813,17503.38456064801,17142.60532091632
2025-09-19 12:00:00,26775.180255160707,17816.24153842461,17773.266132946967,18132.456483449278
2025-09-19 13:00:00,11109.021914765235,17602.928798518282,17930.734240228783,17895.862602140747
2025-09-19 14:00:00,16018.29210328317,15885.70699879817,16052.13481476023,16493.407456118166
2025-09-19 15:00:00,14411.179560943037,15104.251094413234,15294.903999414193,15228.287441848215
2025-09-19 16:00:00,13420.15449475935,13421.956474184537,13530.842303332045,13383.368894538511
2025-09-19 17:00:00,14821.538173688848,13537.142191255869,13478.821135186656,13330.669074030375
2025-09-19 18:00:00,12812.6121174014,13055.917330660699,13208.346360404194,12901.563853726591
2025-09-19 19:00:00,10399.503567172684,13091.966777899544,12839.63636590941,12665.479183406282
2025-09-19 20:00:00,12062.106572840601,12597.904821738824,12727.25733123937,12338.775687504098
2025-09-19 21:00:00,11589.9160711474,12267.196134449117,12246.2231755717,11583.254570163146
2025-09-19 22:00:00,10606.9275006514,11092.371917372595,11618.541173930456,10924.593570506659
2025-09-19 23:00:00,9641.64249760318,9266.335083997104,9969.777223192732,8897.621615777169
2025-09-20 00:00:00,8645.819238034415,7673.835749483625,7792.491232616826,7332.492277492647
2025-09-20 01:00:00,8709.037425438495,6864.246569966987,6749.295154392088,6635.569798720062
2025-09-20 02:00:00,7365.051280736414,7021.163489849872,6737.930778206144,6468.809286457022
2025-09-20 03:00:00,7055.55921843049,7156.4219571070125,6957.785922499091,6692.686091252191
2025-09-20 04:00:00,7125.14750383512,7127.541501431836,7239.197915026118,6967.960311908406
2025-09-20 05:00:00,6507.83104090648,7072.096254825893,6981.983626157291,7338.435572940131
2025-09-20 06:00:00,7045.800777559885,8299.861478302832,7483.841553678678,8775.70698728042
2025-09-20 07:00:00,7711.050625791813,9065.620454088665,8029.984752767288,9094.71157813973
2025-09-20 08:00:00,12343.033716747323,10479.431533740724,10462.98941252409,9800.704546244373
2025-09-20 09:00:00,9651.20837083449,11944.593091761268,12079.68685627578,11697.545218581472
2025-09-20 10:00:00,13221.486405233903,13937.559891929333,13937.252157462446,14254.222525076026
2025-09-20 11:00:00,14725.289215270901,14398.2634116345,14974.075259488582,14779.405597403294
2025-09-20 12:00:00,16307.123771065799,14436.763622286027,15991.16870090936,14505.094374842914
2025-09-20 13:00:00,16756.953880912984,14855.624280962144,16341.33683209296,15054.713086729324
2025-09-20 14:00:00,16386.760821225693,15086.351933145348,15525.280541063286,15041.973815641912
2025-09-20 15:00:00,15940.751830950609,14929.111828946528,15481.455690970157,15530.971612349771
2025-09-20 16:00:00,14779.594662537202,13792.835144428886,15006.99228509653,13644.741716657247
2025-09-20 17:00:00,13439.273086094381,13004.94134099464,13098.387709954848,12944.543241903893
2025-09-20 18:00:00,13053.864459859124,12869.595398364978,13193.041804044342,13017.285422574836
2025-09-20 19:00:00,12517.500742869819,12808.310288376708,13259.015773667732,13214.087695665214
2025-09-20 20:00:00,14780.44142315495,12866.997543852955,13496.272815701595,13182.311193457594
2025-09-20 21:00:00,12335.786131880119,12952.407655764706,13421.1864746639,12980.03491590368
2025-09-20 22:00:00,9213.990533595213,11329.944558386665,11454.652190140328,11521.03113249531
2025-09-20 23:00:00,10725.487713114397,9981.446325126211,10282.097296712973,9760.754583059872
2025-09-21 00:00:00,12127.580038969802,8222.700887493396,7928.702123868889,8170.631331535819
2025-09-21 01:00:00,6769.734833597322,7761.272344348933,7486.336400022241,8164.0583460567
2025-09-21 02:00:00,10673.136590386188,7825.789933774404,7617.414848276116,8157.856778117668
2025-09-21 03:00:00,6088.540023217391,7590.614822745293,7914.576103335649,8002.805480412659
2025-09-21 04:00:00,10762.104394108988,7671.718729036874,7667.5057782277,7809.549502250867
2025-09-21 05:00:00,6622.439997947535,7767.8198961064245,8066.450982836677,7939.382219816061
2025-09-21 06:00:00,8039.884671402677,7740.335562714562,9004.562960118834,7218.32299273489
2025-09-21 07:00:00,8138.2541477520535,7652.814137496792,9737.932364379518,7365.818504978011
2025-09-21 08:00:00,16643.755966250657,9057.941401411586,8228.077014915441,8884.009577532233
2025-09-21 09:00:00,10052.654884209496,10495.99903096137,7917.88941639124,11327.374412755984
2025-09-21 10:00:00,15671.026161111273,14356.886808470355,13346.062558767848,15152.724459066683
2025-09-21 11:00:00,20577.62471016241,16770.487581697256,17187.904410265583,17321.27515270755
2025-09-21 12:00:00,22310.059578298107,18969.21513189162,20167.591822077407,19297.70905183336
2025-09-21 13:00:00,22877.365042728194,19178.505054353547,19771.12105638664,18677.5213734267
2025-09-21 14:00:00,17445.608308859508,16622.81886474916,17605.797708480848,16683.45110911951
2025-09-21 15:00:00,17017.674678364794,15536.049527695799,16102.975715039385,15725.470262083269
2025-09-21 16:00:00,14933.446500264006,13767.30509990268,14275.956156461121,14473.08229455497
2025-09-21 17:00:00,14744.698076262499,13517.97053475666,14052.770270808373,13938.054638514419
2025-09-21 18:00:00,12862.24886159637,12935.662886088568,13379.785724118245,12488.424753629597
2025-09-21 19:00:00,12030.324973682527,12437.090742045995,12609.196388482156,12057.724326222107
2025-09-21 20:00:00,15063.248932854205,12898.558994947134,13398.712339569785,12130.533648161205
2025-09-21 21:00:00,11018.57819329287,11777.497634869393,12448.354115713955,11721.74446705676
2025-09-21 22:00:00,11022.72802128322,10795.277020118296,10349.961904933414,10343.914818789839
2025-09-21 23:00:00,9080.760255644107,8973.652455513373,8850.953799951008,8414.393975287934
2025-09-22 00:00:00,8727.8292166239,6966.43978746533,7756.830175151198,7303.087343985045
2025-09-22 01:00:00,5973.115442322596,6949.658631338913,7137.734418019503,6633.73590952665
2025-09-22 02:00:00,3495.97249616278,6520.186132831707,7060.555269807799,6607.134068379311
2025-09-22 03:00:00,6022.360996622438,6940.3226646949815,6855.256434926171,6662.256818048633
2025-09-22 04:00:00,7859.056985804287,6724.891894822054,6388.164323076685,6323.9323904847315
2025-09-22 05:00:00,9559.953032651181,7453.572154291024,6802.426728753049,7625.500090415468
2025-09-22 06:00:00,7414.187411700612,9118.066283734337,9803.302340045193,8633.720623281506
2025-09-22 07:00:00,10732.171976334004,10553.577183347217,10509.111864879245,9914.340737309492
2025-09-22 08:00:00,14485.485718366795,12807.527113293889,12969.014156730422,12781.158279317762
2025-09-22 09:00:00,13642.799790715904,13706.120711396867,14838.578188008392,13484.073737797657
2025-09-22 10:00:00,14277.747187540495,15136.707471458858,15698.999744084527,15747.631620680733
2025-09-22 11:00:00,16267.1063487696,16643.973543578413,16277.913741758723,16669.07782024153
2025-09-22 12:00:00,17454.889314283788,16580.800992683846,15591.912335142793,17057.425486606182
2025-09-22 13:00:00,16402.230522668917,14859.860491044696,14104.682503050195,14974.233220247872
2025-09-22 14:00:00,15237.3787074194,14297.122808276968,14964.207578912308,14600.08434234442
2025-09-22 15:00:00,15065.28731449712,14183.040352457858,15321.624907860874,14574.977893569001
2025-09-22 16:00:00,17825.75501191616,14028.584993429822,13731.499689328635,13956.927921258846
2025-09-22 17:00:00,9039.914854453422,13624.784650742145,13529.443611347895,13506.959417341972
2025-09-22 18:00:00,15561.4294908021,13010.860075724824,13780.007793783901,13361.741300585323
2025-09-22 19:00:00,12339.846107857582,13514.963544954117,13312.183494882927,13509.23463381354
2025-09-22 20:00:00,14509.131388773216,13586.823310676074,12829.010566928051,13334.781766423808
2025-09-22 21:00:00,13187.7861497265,13265.537570720744,12826.250798749192,13166.278381803215
2025-09-22 22:00:00,17868.1520147607,11634.275155210576,11276.241257044194,11968.675685624547
2025-09-22 23:00:00,2240.136240240776,9248.260292974699,9388.65902833558,9170.003531203945
2025-09-23 00:00:00,9395.484039613326,7828.0159247403635,7414.187067893689,7517.9594558489425
2025-09-23 01:00:00,4902.13044674242,7130.365331773166,6701.655174635499,6766.201191484055
2025-09-23 02:00:00,7375.4867200712615,7125.553139472255,6541.039319293277,7082.896290420176
2025-09-23 03:00:00,3986.941224301516,6780.651447879317,6271.77455198086,6677.330985937202
2025-09-23 04:00:00,6947.423914675193,6701.593432510053,6431.8128578384385,6270.712566575361
2025-09-23 05:00:00,7633.924977701223,7454.694880682112,7329.8821646031365,6972.989472243518
2025-09-23 06:00:00,9432.07458019318,9165.891667624686,9417.720382321359,8430.19480403691
2025-09-23 07:00:00,13430.181563956907,10438.304308001665,10575.741430331334,9615.03638931783
2025-09-23 08:00:00,9459.1345959317,13059.840611676327,12650.205870171545,12541.670250615742
2025-09-23 09:00:00,12895.01325954928,12858.835966372044,12971.100151887531,12495.835627857161
2025-09-23 10:00:00,13700.889549555119,13588.01740280566,13666.685549657714,13692.756625358808
2025-09-23 11:00:00,14992.35970374222,15007.984827698147,15437.075932350273,15451.739776198967
2025-09-23 12:00:00,15736.2652347691,16252.220794464149,15778.453717685996,15758.551540716959
2025-09-23 13:00:00,16013.942496633867,16002.279220034296,16324.175911287271,16029.346693570242
2025-09-23 14:00:00,15819.687353177611,15094.976884272684,15468.673833109675,15181.817663891326
2025-09-23 15:00:00,15033.344658721293,14604.755584685028,14455.537382364337,14366.216066515
2025-09-23 16:00:00,13632.378990367826,13489.621851255162,13643.238231097304,12915.089480296043
2025-09-23 17:00:00,13419.555274590875,13389.191576685813,13555.71461436699,12896.544758347196
2025-09-23 18:00:00,13744.726389439984,13379.456040126446,13540.198230078828,12989.797539663405
2025-09-23 19:00:00,13938.847596032825,13537.20985425572,13412.670124335178,13021.38967223668
2025-09-23 20:00:00,14108.840778552889,14012.663514892989,13704.650018416283,13487.652724710457
2025-09-23 21:00:00,13184.043554966502,13022.639638931185,12942.035611997788,12487.882619214837
2025-09-23 22:00:00,11953.697173962319,12154.952872781962,12313.111276188785,11862.404288447813
2025-09-23 23:00:00,13422.357503631292,10115.14145342528,9218.29272631983,10081.07861829768
2025-09-24 00:00:00,8199.367854971399,8503.549553095196,8483.91676666219,8270.457329290124
2025-09-24 01:00:00,2616.1028152019007,7916.1469502742875,7768.682353947629,7714.70675715514
2025-09-24 02:00:00,5298.765937744101,6704.320337715618,6464.285851939061,6381.872452068153
2025-09-24 03:00:00,5089.634418905471,6702.922638325997,6158.803912499031,6180.586679139315
2025-09-24 04:00:00,10347.760383198343,7098.995547989198,6758.9464117928155,6791.094379801478
2025-09-24 05:00:00,4725.874991752171,7378.262480114527,6855.235323125493,7533.951528789142
2025-09-24 06:00:00,8461.976349650522,9298.638842865934,9394.486227983802,8951.179073402462
2025-09-24 07:00:00,12328.866414342087,10867.668342694727,10546.722152795292,10413.401639894786
2025-09-24 08:00:00,12242.05246071688,12224.494382407893,12276.388774255469,11826.113788988288
2025-09-24 09:00:00,14793.348349417316,14147.492521426771,14871.629782842341,14367.942845297552
2025-09-24 10:00:00,16015.54907944888,15776.273737631218,16024.336047852992,16125.615330298508
2025-09-24 11:00:00,15893.724137680028,16797.807490301493,16985.492290254697,16804.360668599562
2025-09-24 12:00:00,17141.03989251739,16445.396518510293,16537.835398154813,17202.10870733425
2025-09-24 13:00:00,17317.391214880405,15895.292954093498,16380.14082068485,16117.184901764012
2025-09-24 14:00:00,14348.3445560547,15070.941477853514,15549.906245804596,15343.51483092357
2025-09-24 15:00:00,14028.666054913872,15135.21114749088,15072.462655173662,14878.50155734345
2025-09-24 16:00:00,15621.970581684931,13540.723436105556,13564.618300417278,13772.762631632433
2025-09-24 17:00:00,14627.46375145092,13710.14009245895,13587.969024577771,13702.719434141585
2025-09-24 18:00:00,12168.740576314074,13596.404556072457,13524.039174761223,13556.426526470126
2025-09-24 19:00:00,13793.6082345574,13487.26874840977,13324.735060986613,13456.873189427799
2025-09-24 20:00:00,14306.862498070715,12810.004782763053,12842.439448104427,12664.509118965294
2025-09-24 21:00:00,13767.642466580804,12825.89322984855,12708.197343380627,12389.41209423283
2025-09-24 22:00:00,11503.186654457277,11090.260735716523,11833.53320253873,11255.245446513334
2025-09-24 23:00:00,9055.41392109071,9152.995870513365,8952.933648999864,8267.170195273757
2025-09-25 00:00:00,7781.1692751884,8198.353007270629,8640.977851852776,7338.838354390165
2025-09-25 01:00:00,5749.222328215023,7550.484543285244,7817.392267287802,6929.455928819761
2025-09-25 02:00:00,6469.451115171672,7202.155646537102,6879.021712829125,6532.698935757372
2025-09-25 03:00:00,5977.459903950008,6597.7663736609975,6326.439973521959,6006.775931272332
2025-09-25 04:00:00,6774.699060302097,7046.1886717573725,6449.485408612402,6433.11296700715
2025-09-25 05:00:00,7396.180336209094,7467.031323880266,6768.221879873263,7041.25391078831
2025-09-25 06:00:00,10661.456779960605,9861.726264650148,10506.397504238848,9275.344273604846
2025-09-25 07:00:00,11155.593888572166,11492.853571133252,11056.764909822146,11196.311564770756
2025-09-25 08:00:00,29406.321095791925,13168.383945029918,13514.026905145738,15537.774706623528
2025-09-25 10:00:00,13519.022858673976,14127.541583731332,14976.7592568807,14754.632550643095
2025-09-25 11:00:00,14675.101738264018,14279.757164450684,14447.10134171516,14786.782425367071
2025-09-25 12:00:00,14175.448141230689,14859.604713135657,14855.008285825876,14778.683228017837
2025-09-25 13:00:00,14424.06295881471,14818.232510872218,14961.072494498892,14544.734060757277
2025-09-25 14:00:00,13850.390085731506,14253.756498153105,14710.81900836182,14368.913479611287
2025-09-25 15:00:00,13907.439915944484,14261.746953904067,14426.005442705538,14087.381248773003
2025-09-25 16:00:00,12484.497508430315,13281.911336301911,13641.157325944354,13150.705889340554
2025-09-25 17:00:00,12729.866004164007,12900.637157605897,13729.108947682595,13013.83826959302
2025-09-25 18:00:00,14846.218566454092,12707.8022904305,14026.863188247475,12837.15537951641
2025-09-25 19:00:00,11416.93438568911,12663.74321764302,14278.755437355274,12971.494453344363
2025-09-25 20:00:00,13464.376369811396,12949.49978927392,14333.558197889317,12866.175843176336
2025-09-25 21:00:00,12551.201404341602,12763.873724576617,14535.994056787411,12688.637545490277
2025-09-25 22:00:00,11305.669434820498,11337.775411245313,12440.690681175005,11611.430672848735
2025-09-25 23:00:00,10382.564136990195,9811.103778579236,9302.73617230283,10010.083391990178
2025-09-26 00:00:00,8850.834360661178,8513.318699847689,8062.498234388922,8568.74705171282
2025-09-26 01:00:00,7720.901222990651,7756.74123938511,6875.245218243689,8002.629282477526
2025-09-26 02:00:00,8849.084855830471,7744.511499419742,6770.814107834482,8098.246240435319
2025-09-26 03:00:00,4826.454025669393,7689.514950875249,7444.369776094305,7670.507194214272
2025-09-26 04:00:00,8281.265059698693,7854.571474134929,6982.484134628759,7920.988493039893
2025-09-26 05:00:00,8938.262685911024,7965.86976085192,7443.6544021808495,8364.107584766412
2025-09-26 06:00:00,10083.201548255503,10111.558254376901,10834.129763161363,10065.716113045464
2025-09-26 07:00:00,11878.959402053075,10922.013865883588,11819.948057920352,10647.320234360806
2025-09-26 08:00:00,12569.624730545493,11150.112221518073,10979.853827526003,11066.251797538313
2025-09-26 09:00:00,15463.66174669324,13310.46984749868,13671.448823797673,12877.26076203692
2025-09-26 10:00:00,12669.892307458264,14396.208097181281,14672.593230995197,14324.328093150607
2025-09-26 11:00:00,15037.092693448218,14676.097011163922,15059.90443108889,14823.72612074535
2025-09-26 12:00:00,14015.943132992772,14976.414419772122,15272.876073388174,15144.03291164413
2025-09-26 13:00:00,14455.083115814003,15042.876200969084,15134.373160058003,15123.762411514928
2025-09-26 14:00:00,15832.71129142313,14657.329361421765,15394.415291972246,15614.573157185123
2025-09-26 15:00:00,13988.901947528295,14668.719352025644,15048.715078629742,15365.214930097987
2025-09-26 16:00:00,14456.528352329216,13536.495405434865,14571.228005185922,13499.375781778432
2025-09-26 17:00:00,14157.968574993207,12854.318065706308,14578.910858678097,13078.225018680876
2025-09-26 18:00:00,20598.071489303973,12983.886535567512,14591.835286204381,13174.88945367994
2025-09-26 19:00:00,7666.405848414903,12875.171929184009,14592.730739052475,13045.258099278397
2025-09-26 20:00:00,14207.852511874886,12856.607009344498,14664.858958654422,13023.855719444788
2025-09-26 21:00:00,13261.0147192021,13396.930541818827,13684.790591805962,13758.844330091617
2025-09-26 22:00:00,13517.10044733651,12042.065766508094,12062.813717085684,12379.033550776641
2025-09-26 23:00:00,14991.340089730405,10373.118726038338,7836.854870818249,10983.542853728064
2025-09-27 00:00:00,9475.267662855611,9920.234236460126,9835.058746987035,10177.770525360009
2025-09-27 01:00:00,5275.830402264895,7970.9653016078955,8230.328225573207,8308.096324596057
2025-09-27 02:00:00,7442.048269678882,8003.182627462913,8024.485280104142,8231.87020541949
2025-09-27 03:00:00,6891.423050580232,7432.490160936538,7441.297950987985,7622.976590645498
2025-09-27 04:00:00,8990.065765158477,7760.578218294026,7198.845483331143,8001.603821012246
2025-09-27 05:00:00,7318.285447604801,8079.968761574357,7342.95114115647,8359.369058831071
2025-09-27 06:00:00,4363.305715771934,7700.706150125858,7230.443717062711,8135.334507893478
2025-09-27 07:00:00,7365.138462419662,8149.39916593307,7651.0399722195325,8505.252760584313
2025-09-27 08:00:00,10960.477162798827,9940.31514319057,10728.13134922998,9627.302425691942
2025-09-27 09:00:00,16492.173932278576,12985.426810874891,11893.364434462022,12586.765948103512
2025-09-27 10:00:00,17295.20256509241,15987.578454775512,16116.978798206352,16086.331511525332
2025-09-27 11:00:00,17754.51990557269,16762.404557604583,16213.358648395584,16583.825616631704
2025-09-27 12:00:00,20075.58932236541,17056.886597094614,16659.863242092026,17208.296684735105
2025-09-27 13:00:00,18629.21889954271,16788.16833013829,16852.19591763553,16080.726301671602
2025-09-27 14:00:00,17931.610781862986,15740.407136670483,16394.25621960265,15166.82449040704
2025-09-27 15:00:00,17039.8615629269,15617.733184345481,15391.304065202765,15156.433313819
2025-09-27 16:00:00,16364.049676544295,14219.641288706158,13456.773770560736,13766.912382666887
2025-09-27 17:00:00,12161.795808770108,13083.929067752857,13460.42419910249,13426.69329808608
2025-09-27 18:00:00,14031.127989098593,13931.8449742721,14509.283675230356,14058.100752842876
2025-09-27 19:00:00,19644.78521314869,14677.889814678458,15125.545202661606,15238.458002692127
2025-09-27 20:00:00,4969.669301917913,14213.300350882186,15009.624618138065,13337.490486859198
2025-09-27 21:00:00,11245.671866693421,13274.4760881529,14520.479500186522,12913.09535167709
2025-09-27 22:00:00,10600.284159961877,11722.151587598733,11237.244662053557,11705.971882731354
2025-09-27 23:00:00,10147.3395903812,10196.84726099545,9307.244263112952,10075.573025003781
2025-09-28 00:00:00,7716.969595748484,8383.235034521187,8243.145634979366,8091.745283718559
2025-09-28 01:00:00,6715.818499038593,7872.142951420736,9659.692426395788,8060.879224232967
2025-09-28 02:00:00,5570.208837511629,7513.928721529495,8258.081643357702,7411.284481127118
2025-09-28 03:00:00,8802.446652770295,7896.048870014334,8093.718876856645,7268.9607173372715
2025-09-28 04:00:00,5287.282807094307,7959.284222696868,6738.168611913003,8000.138358973396
2025-09-28 05:00:00,5070.747964850416,6939.8343828510915,6097.004840108425,7516.676523894747
2025-09-28 06:00:00,5934.773284086685,7423.62723830284,6670.890358620485,7747.361414173754
2025-09-28 07:00:00,6393.761941037705,7864.492855644118,7177.859861353776,8264.442858833692
2025-09-28 08:00:00,8488.717885926879,9146.22943468457,8480.00897713735,9129.624040924611
2025-09-28 09:00:00,11372.4900684333,11362.875385439256,10066.76137799958,11490.381650579899
2025-09-28 10:00:00,20917.813256783054,14597.81613630602,14556.592530447611,14784.628164125083
2025-09-28 11:00:00,12932.587573962146,15347.925212185071,15709.469079696526,15421.41680991025
2025-09-28 12:00:00,19521.809481270186,16728.91687996925,16744.196893725028,16591.267581385317
2025-09-28 13:00:00,18844.197243483923,16615.70274841581,16848.199575929575,16651.1852302378
2025-09-28 14:00:00,18539.20597420658,15880.137093277126,16238.561251348729,15791.719389108845
2025-09-28 15:00:00,16148.341965067822,15003.624286125161,15338.177753747344,15303.699919254152
2025-09-28 16:00:00,18390.916568210698,13203.92804012786,14082.224588082634,13979.516931031645
2025-09-28 17:00:00,10800.996212059701,12714.277964493132,14150.822790067394,13122.502300786338
2025-09-28 18:00:00,13265.1125768307,12520.032950619161,14226.503973302402,13040.097441148608
2025-09-28 19:00:00,13356.881997851993,12684.092500618204,14335.603398896026,13056.542045807699
2025-09-28 20:00:00,15045.675762043224,13176.811877110367,15064.419955930582,12908.271774117457
2025-09-28 21:00:00,12017.151500044889,12721.921248140468,13335.021527246608,12967.002818634868
2025-09-28 22:00:00,11098.613505257868,11865.491031717587,11413.810779307185,12031.340798926944
2025-09-28 23:00:00,9247.696415791734,9870.933437319081,9124.498305965815,10146.076711154845
2025-09-29 00:00:00,6604.379897343188,8071.077869042256,8382.759704167835,7944.259633117737
2025-09-29 01:00:00,6273.810733817329,7954.280409657698,7982.090998156056,8095.269350575461
2025-09-29 02:00:00,5872.606853130681,7133.390639077281,6721.308111681508,6861.269340929953
2025-09-29 03:00:00,6011.986312284095,7041.261043219754,6967.371281691035,7235.279272453171
2025-09-29 04:00:00,5994.351539596973,7026.773630298202,7044.227812377329,6747.999333702444
2025-09-29 05:00:00,7450.282923748535,7197.134446918881,6574.151578509211,7493.553684437167
2025-09-29 06:00:00,12094.210936782085,10154.509880751712,10122.807722065041,10279.981796291746
2025-09-29 07:00:00,9463.6323451803,11098.083004327562,11123.314279430395,11187.13313031591
2025-09-29 08:00:00,12514.790368385107,12501.891960337523,13523.020744402816,12517.67505015596
2025-09-29 09:00:00,12723.800159030001,13419.559428870878,14188.969122190361,13765.127730304579
2025-09-29 10:00:00,16381.152510793101,15207.89907664423,15185.687878976523,15412.053070258971
2025-09-29 11:00:00,22459.652946948096,15410.333784285856,14146.186812930653,15247.073563605692
2025-09-29 12:00:00,8520.8788707616,15431.849296556837,14003.7426133433,15270.632932357112
2025-09-29 13:00:00,17520.431251391095,15691.285771371287,14604.496565753067,15478.754096776887
2025-09-29 14:00:00,14276.732022385102,15130.091373936304,15271.085962025694,14935.522296714447
2025-09-29 15:00:00,14512.941247554405,14828.066563112438,15295.432785011712,14919.503464541229
2025-09-29 16:00:00,15783.815506313695,13395.751426252116,14071.334281401329,13320.406019295058
2025-09-29 17:00:00,12779.11088032441,12791.78701398377,14049.908682074469,13052.614102651261
2025-09-29 18:00:00,11374.732999134594,12707.02178771655,14104.376703460111,12858.257326623618
2025-09-29 19:00:00,13210.127716207706,12707.02178771655,14237.910784784874,12754.385029638706
2025-09-29 20:00:00,12692.514673299293,12560.432076981055,14655.006307217562,12517.82301458863
2025-09-29 23:00:00,10704.273551694694,10284.697486169765,8702.978086835144,10520.335863852606
2025-09-30 00:00:00,7890.047876135202,8335.201214991106,9028.74984174315,8646.051820727165
2025-09-30 01:00:00,6421.103738761391,7967.314696811332,7591.179018469327,8282.459238254185
2025-09-30 02:00:00,3910.7019756890077,7318.485546939146,6694.495423571526,7474.564167429692
2025-09-30 03:00:00,7065.887355516597,7457.75650243974,6835.717160469943,7427.058132219905
2025-09-30 04:00:00,7974.452968563231,8034.888352314836,7475.966497480242,8456.079170037328
2025-09-30 05:00:00,8169.031642169073,8007.604599024239,7695.64896439434,8565.324182787064
2025-09-30 06:00:00,9758.41624805269,9841.108708353806,10734.57203028745,9636.537708357722
2025-09-30 07:00:00,11510.282260253774,10502.357453064213,10385.76604193601,10622.020277249949
2025-09-30 08:00:00,15487.55367878966,12660.619308816602,12488.670434212963,12494.961633136509
2025-09-30 09:00:00,23737.619798973177,14985.346649134228,14431.071736750564,15246.375675314543
2025-09-30 10:00:00,6192.392940942002,14694.33024574689,14681.904723636646,15118.807206879705
2025-09-30 11:00:00,17576.1823144773,14845.478934964643,14076.67443244626,15118.183213309374
2025-09-30 12:00:00,20132.95931581588,14910.20925365602,14786.239291435713,15247.985240403765
2025-09-30 13:00:00,6932.98032706782,14864.94062198571,14195.956939533582,15177.93418243917
2025-09-30 14:00:00,15258.658304535002,14666.368654968031,14599.438319656723,14769.81208768364
2025-09-30 15:00:00,14280.01581042507,14476.037304079513,14655.26854861121,14652.80085272092
2025-09-30 16:00:00,12905.870568482525,13259.236039033316,13840.960877700216,13659.714325681452
2025-09-30 17:00:00,13515.055563528116,13235.49150948337,13806.819026502862,13391.545702873693
2025-09-30 18:00:00,14381.519330628758,13137.35403335484,13836.895517720775,13535.72981901617
2025-09-30 19:00:00,13283.730393575523,13169.108170438514,13792.608278613163,13535.72981901617
2025-09-30 20:00:00,13521.0646432618,12999.972662627595,13796.043820162367,13488.370524427357
