timestamp_utc,Volumen_Total_m3,fecha_hora_local,anio,mes,dia,hora,dia_semana,es_fin_de_semana,hora_seno,hora_coseno,dia_semana_seno,dia_semana_coseno,feriado,nombre_feriado,feriado_movible,feriado_irrenunciable,fecha_feriado_oficial,fecha_feriado_observado,anio_nuevo,fiestas_patrias,elecciones,festival_vina,vacaciones_escolares,inicio_clases,temporada_turistica_alta,elecciones_primarias_comunal,hour,day_of_week,day_of_month,month,quarter,year,week_of_year,hour_sin,hour_cos,day_of_week_sin,day_of_week_cos,month_sin,month_cos,is_weekend,is_morning,is_afternoon,is_evening,is_night,Volumen_Total_m3_lag_1h,Volumen_Total_m3_lag_2h,Volumen_Total_m3_lag_3h,Volumen_Total_m3_lag_24h,Volumen_Total_m3_lag_48h,Volumen_Total_m3_lag_168h,Volumen_Total_m3_rolling_mean_6h,Volumen_Total_m3_rolling_std_6h,Volumen_Total_m3_rolling_max_6h,Volumen_Total_m3_rolling_min_6h,Volumen_Total_m3_rolling_mean_24h,Volumen_Total_m3_rolling_std_24h,Volumen_Total_m3_rolling_max_24h,Volumen_Total_m3_rolling_min_24h,Volumen_Total_m3_rolling_mean_168h,Volumen_Total_m3_rolling_std_168h,Volumen_Total_m3_rolling_max_168h,Volumen_Total_m3_rolling_min_168h,Volumen_Total_m3_diff_1h,Volumen_Total_m3_diff_24h,Volumen_Total_m3_diff_168h,Volumen_Total_m3_pct_change_1h,Volumen_Total_m3_pct_change_24h,feriado_weekend,vacaciones_weekend,any_special_event,timestamp,Qin,delta_volumen_m3_hr,Demanda_m3_hr,temp,HR,mmhr,fecha,abs_demanda
2025-04-23 09:00:00+00:00,3411.79810405,2025-04-23 05:00:00-04:00,2025,4,23,9,Wednesday,0,0.8660254037844387,-0.4999999999999997,0.9749279121818238,-0.2225209339563143,0,,0,0,,,0,0,0,0,0,0,0,0,9,2,23,4,2,2025,17,0.7071067811865476,-0.7071067811865475,0.9749279121818236,-0.2225209339563143,0.8660254037844387,-0.4999999999999998,0,1,0,0,0,142652.4651993519,143994.71723360234,142574.98316948372,139623.12268150022,136776.978946744,133044.4675874857,118183.1631311118,56318.79742999839,143994.71723360234,3411.79810405,115030.89234053828,28036.847998730893,143994.71723360234,3411.79810405,120388.90801147006,18532.846889399123,149982.59047415562,3411.79810405,-139240.6670953019,-136211.32457745023,-129632.6694834357,-0.9760831465528328,-0.9755642329255678,0,0,0,2025-04-23 09:00:00+00:00,11026.8,-139240.6670953019,150267.4670953019,13.2,97.1,0.0,2025-04-23,150267.4670953019
2025-04-11 10:00:00+00:00,3070.2577135,2025-04-11 06:00:00-04:00,2025,4,11,10,Friday,0,0.7071067811865477,-0.7071067811865475,-0.433883739117558,-0.900968867902419,0,,0,0,,,0,0,0,0,0,0,0,0,10,4,11,4,2,2025,15,0.4999999999999999,-0.8660254037844387,-0.433883739117558,-0.9009688679024191,0.8660254037844387,-0.4999999999999998,0,1,0,0,0,129394.6639681452,132605.2255201069,134573.1249342685,119993.00273623972,130413.1413901961,136876.6941427557,111333.6206834783,53077.160905978366,135267.5526790104,3070.2577135,108340.50796959728,25997.740371878648,135267.5526790104,3070.2577135,115758.85070988472,16947.13257394087,143725.5511382821,3070.2577135,-126324.4062546452,-116922.74502273972,-133806.4364292557,-0.976272145857144,-0.9744130270641796,0,0,0,2025-04-11 10:00:00+00:00,11721.6,-126324.4062546452,138046.0062546452,12.3,70.0,0.0,2025-04-11,138046.0062546452
2025-04-14 12:00:00+00:00,2944.3915260000003,2025-04-14 08:00:00-04:00,2025,4,14,12,Monday,0,0.258819045102521,-0.9659258262890684,0.0,1.0,0,,0,0,,,0,0,0,0,0,0,0,0,12,0,14,4,2,2025,16,1.2246467991473532e-16,-1.0,0.0,1.0,0.8660254037844387,-0.4999999999999998,0,0,1,0,0,118180.4200446976,125002.7376970766,129110.1544779961,118866.3197901809,116327.54945985528,107945.8416071752,106928.49563299584,51257.27288632819,134076.6558734486,2944.3915260000003,106173.14397255331,26833.096387746074,134076.6558734486,2944.3915260000003,110818.88650343443,26085.98548249647,141569.33387030018,2913.7660325,-115236.0285186976,-115921.9282641809,-105001.4500811752,-0.9750856231101024,-0.9752293876751856,0,0,0,2025-04-14 12:00:00+00:00,12592.8,-115236.0285186976,127828.8285186976,8.8,100.0,0.0,2025-04-14,127828.8285186976
2025-07-25 09:00:00+00:00,23056.934288771,2025-07-25 05:00:00-04:00,2025,7,25,9,Friday,0,0.8660254037844387,-0.4999999999999997,-0.433883739117558,-0.900968867902419,0,,0,0,,,0,0,0,0,0,0,0,0,9,4,25,7,3,2025,30,0.7071067811865476,-0.7071067811865475,-0.433883739117558,-0.9009688679024191,-0.4999999999999997,-0.8660254037844388,0,1,0,0,0,136710.0311120827,137283.94428694368,132798.7284030422,132889.9137474463,136671.8608479969,129622.5102665312,115434.63020712248,45349.965750167175,137283.94428694368,23056.934288771,112488.55513833924,22718.567016643377,137283.94428694368,23056.934288771,116092.93225690268,16851.622175699096,144482.2586080439,23056.934288771,-113653.0968233117,-109832.97945867528,-106565.5759777602,-0.8313442393274887,-0.8264959797280771,0,0,0,2025-07-25 09:00:00+00:00,11678.4,-113653.0968233117,125331.4968233117,8.8,95.0,0.0,2025-07-25,125331.4968233117
2024-07-19 05:00:00+00:00,136286.1670122295,2024-07-19 01:00:00-04:00,2024,7,19,5,Friday,0,0.8660254037844385,0.5000000000000001,-0.433883739117558,-0.900968867902419,0,,0,0,,,0,0,0,0,0,0,0,0,5,4,19,7,3,2024,29,0.9659258262890684,0.2588190451025207,-0.433883739117558,-0.9009688679024191,-0.4999999999999997,-0.8660254037844388,0,0,0,0,1,3384.06444356,3401.841761655,3401.54595921,132200.2317753115,132267.67046188962,140859.6998853223,43265.13750354512,62335.58173621447,136286.1670122295,3384.06444356,98792.55162397365,44816.646901101136,136286.1670122295,3384.06444356,115890.7698072642,22735.613960279454,149054.48965860228,3384.06444356,132902.1025686695,4085.935236918013,-4573.532873092801,39.27292307378694,0.0309071715083109,0,0,0,2024-07-19 05:00:00+00:00,10022.4,132902.1025686695,-122879.70256866953,8.9,89.4,0.0,2024-07-19,122879.70256866953
2025-04-23 10:00:00+00:00,134784.52299927166,2025-04-23 06:00:00-04:00,2025,4,23,10,Wednesday,0,0.7071067811865477,-0.7071067811865475,0.9749279121818238,-0.2225209339563143,0,,0,0,,,0,0,0,0,0,0,0,0,10,2,23,4,2,2025,17,0.4999999999999999,-0.8660254037844387,0.9749279121818236,-0.2225209339563143,0.8660254037844387,-0.4999999999999998,0,1,0,0,0,3411.79810405,142652.4651993519,143994.71723360234,135096.395927209,133202.7140908762,40060.09445449701,118169.65005914826,56314.00363324933,143994.71723360234,3411.79810405,115017.89763520753,28027.214172710614,143994.71723360234,3411.79810405,120952.74389566516,17485.665218863276,149982.59047415562,3411.79810405,131372.72489522168,-311.8729279373365,94724.42854477464,38.505421742064605,-0.0023085214509006,0,0,0,2025-04-23 10:00:00+00:00,10854.0,131372.72489522168,-120518.72489522168,14.2,89.6,0.0,2025-04-23,120518.72489522168
2025-02-11 03:00:00+00:00,980.0533794,2025-02-11 00:00:00-03:00,2025,2,11,3,Tuesday,0,0.7071067811865476,0.7071067811865477,0.7818314824680299,0.6234898018587335,0,,0,0,,,0,0,0,0,0,0,1,0,3,1,11,2,1,2025,7,0.7071067811865476,0.7071067811865476,0.7818314824680298,0.6234898018587336,0.8660254037844386,0.5000000000000001,0,0,0,0,1,106420.07049339912,877.1451063,97059.2078894899,121556.5671891826,118079.1531580534,107253.0819349061,49481.531681543966,53482.99850374546,106420.07049339912,752.54772595,97425.95946346578,40809.29566363527,136648.93938753862,752.54772595,110305.75616090068,20433.605947337503,143942.4743002634,752.54772595,-105440.01711399911,-120576.5138097826,-106273.02855550611,-0.9907907091692748,-0.9919374707425334,0,0,0,2025-02-11 03:00:00+00:00,13456.8,-105440.01711399911,118896.81711399912,16.8,85.4,0.0,2025-02-11,118896.81711399912
2025-03-12 14:00:00+00:00,2946.57980965,2025-03-12 11:00:00-03:00,2025,3,12,14,Wednesday,0,-0.4999999999999997,-0.8660254037844387,0.9749279121818238,-0.2225209339563143,0,,0,0,,,0,0,0,0,0,0,1,0,14,2,12,3,1,2025,11,-0.4999999999999997,-0.8660254037844388,0.9749279121818236,-0.2225209339563143,1.0,6.123233995736766e-17,0,0,1,0,0,107391.8104006839,110923.78301830668,114680.6961778686,116354.97625658051,107258.7503637706,110082.6154387124,96525.57152537598,46211.45205338636,123540.2320236114,2946.57980965,108140.7771066109,24141.363039198222,127514.6561400032,2946.57980965,111456.67408504988,15990.208303702932,137944.88764840312,2946.57980965,-104445.2305910339,-113408.39644693052,-107136.0356290624,-0.9725623415914476,-0.9746759450738716,0,0,0,2025-03-12 14:00:00+00:00,12672.0,-104445.2305910339,117117.2305910339,17.6,66.0,0.0,2025-03-12,117117.2305910339
2024-04-19 13:00:00+00:00,10381.7296685541,2024-04-19 09:00:00-04:00,2024,4,19,13,Friday,0,1.2246467991473532e-16,-1.0,-0.433883739117558,-0.900968867902419,0,,0,0,,,0,0,0,0,0,0,0,0,13,4,19,4,2,2024,16,-0.2588190451025208,-0.9659258262890684,-0.433883739117558,-0.9009688679024191,0.8660254037844387,-0.4999999999999998,0,0,1,0,0,114584.8670602282,119247.6409350356,124153.9490903893,114278.43715648798,111415.7856569937,117940.48731052708,105014.64192102628,46820.87745993489,132999.51224486617,10381.7296685541,111628.13122013402,24414.752508102545,135418.8668509292,10381.7296685541,109965.14808144026,17385.371912531442,135831.4309303804,10381.7296685541,-104203.1373916741,-103896.70748793388,-107558.75764197296,-0.9093970265454228,-0.9091540807970816,0,0,0,2024-04-19 13:00:00+00:00,11844.0,-104203.1373916741,116047.1373916741,16.0,68.0,0.0,2024-04-19,116047.1373916741
2024-04-25 23:00:00+00:00,3253.89142759,2024-04-25 19:00:00-04:00,2024,4,25,23,Thursday,0,-0.5000000000000003,0.8660254037844383,0.4338837391175582,-0.900968867902419,0,,0,0,,,0,0,0,0,0,0,0,0,23,3,25,4,2,2024,17,-0.2588190451025215,0.965925826289068,0.4338837391175582,-0.900968867902419,0.8660254037844387,-0.4999999999999998,0,0,0,0,1,105271.8346520486,107055.8295402951,108459.9219890689,103081.29266542778,98369.0777140108,105402.3329832088,90243.63939162968,42637.008755625895,108730.0245888291,3253.89142759,115711.34062509028,26329.25149764084,138690.6824327069,3253.89142759,117404.21032619652,18596.703458631768,145656.5135400743,3253.89142759,-102017.9432244586,-99827.40123783778,-102148.4415556188,-0.9690905792765464,-0.9684337347402968,0,0,0,2024-04-25 23:00:00+00:00,11725.2,-102017.9432244586,113743.1432244586,15.1,64.8,0.0,2024-04-25,113743.1432244586
2025-02-11 01:00:00+00:00,877.1451063,2025-02-10 22:00:00-03:00,2025,2,11,1,Tuesday,0,0.2588190451025208,0.9659258262890684,0.7818314824680299,0.6234898018587335,0,,0,0,,,0,0,0,0,0,0,1,0,1,1,11,2,1,2025,7,0.2588190451025207,0.9659258262890684,0.7818314824680298,0.6234898018587336,0.8660254037844386,0.5000000000000001,0,0,0,0,1,97059.2078894899,90800.1654947248,752.54772595,109438.4196984806,112936.34794805158,93441.56902450298,60383.47379958412,46406.94499765339,97059.2078894899,752.54772595,102845.0028092494,35594.5006604869,136648.93938753862,752.54772595,110903.8481425198,18604.54989235572,143942.4743002634,752.54772595,-96182.0627831899,-108561.2745921806,-92564.423918203,-0.9909627831776796,-0.991985034974768,0,0,0,2025-02-11 01:00:00+00:00,13377.6,-96182.0627831899,109559.66278318992,17.4,82.0,0.0,2025-02-11,109559.66278318992
2024-10-09 04:00:00+00:00,125074.1666838152,2024-10-09 01:00:00-03:00,2024,10,9,4,Wednesday,0,0.8660254037844385,0.5000000000000001,0.9749279121818238,-0.2225209339563143,0,,0,0,,,0,0,0,0,0,0,0,0,4,2,9,10,4,2024,41,0.8660254037844386,0.5000000000000001,0.9749279121818236,-0.2225209339563143,-0.8660254037844386,0.5000000000000001,0,0,0,0,1,3725.2835315,3699.233649100001,3662.9359477,129121.05549935828,126709.5961102302,122302.38458319592,23875.29454007753,49577.1935729117,125074.1666838152,3484.5947225,94040.1060867142,48862.754885204165,136846.5804617299,3484.5947225,112098.01795211696,23314.02745100231,147229.0726661556,3484.5947225,121348.8831523152,-4046.888815543076,2771.7821006192826,32.57440195523952,-0.0313418195033511,0,0,0,2024-10-09 04:00:00+00:00,11890.8,121348.8831523152,-109458.0831523152,12.5,72.3,0.0,2024-10-09,109458.0831523152
2024-07-22 21:00:00+00:00,2740.067605175,2024-07-22 17:00:00-04:00,2024,7,22,21,Monday,0,-0.8660254037844385,0.5,0.0,1.0,0,,0,0,,,0,0,0,0,0,0,0,0,21,0,22,7,3,2024,30,-0.7071067811865477,0.7071067811865474,0.0,1.0,-0.4999999999999997,-0.8660254037844388,0,0,0,1,0,98331.55406752568,97980.3569799236,98991.82992025113,85563.5818925864,108594.4900406829,109663.4728767235,83244.97615604388,39459.72937519734,101533.33595385747,2740.067605175,106402.63586501112,25915.65050972161,131324.7359571788,2740.067605175,113039.05666992832,24696.97651813248,149054.48965860228,2740.067605175,-95591.48646235067,-82823.5142874114,-106923.4052715485,-0.9721344015035768,-0.9679762400712164,0,0,0,2024-07-22 21:00:00+00:00,11898.0,-95591.48646235067,107489.48646235067,16.7,57.0,0.0,2024-07-22,107489.48646235067
2024-10-08 23:00:00+00:00,3484.5947225,2024-10-08 20:00:00-03:00,2024,10,8,23,Tuesday,0,-0.2588190451025215,0.9659258262890682,0.7818314824680299,0.6234898018587335,0,,0,0,,,0,0,0,0,0,0,0,0,23,1,8,10,4,2024,41,-0.2588190451025215,0.965925826289068,0.7818314824680298,0.6234898018587336,-0.8660254037844386,0.5000000000000001,0,0,0,0,1,98402.5122413834,99792.5173352132,100751.9794696567,100933.9151043618,109023.8808079821,96379.0546755822,85225.17139117433,40125.62616823575,105444.7825618449,3484.5947225,111979.01035748298,26449.498062521223,136846.5804617299,3484.5947225,114609.32694447236,16013.918078237712,147229.0726661556,3484.5947225,-94917.9175188834,-97449.3203818618,-92894.4599530822,-0.9645883560985494,-0.9654764732062848,0,0,0,2024-10-08 23:00:00+00:00,10900.8,-94917.9175188834,105818.7175188834,14.0,67.0,0.0,2024-10-08,105818.7175188834
2025-07-03 08:00:00+00:00,43114.715754531,2025-07-03 04:00:00-04:00,2025,7,3,8,Thursday,0,0.9659258262890684,-0.2588190451025207,0.4338837391175582,-0.900968867902419,0,,0,0,,,0,0,0,0,1,0,0,0,8,3,3,7,3,2025,27,0.8660254037844387,-0.4999999999999998,0.4338837391175582,-0.900968867902419,-0.4999999999999997,-0.8660254037844388,0,1,0,0,0,136923.4378540609,134098.8892130987,131290.4584476768,125307.480921025,137874.3404347377,136066.09972011202,115181.80329162984,35834.742944878075,136923.4378540609,43114.715754531,109147.11778655752,19195.041588136733,136923.4378540609,43114.715754531,115406.476397729,16700.803369672667,145643.6027632714,32985.871723753,-93808.7220995299,-82192.765166494,-92951.38396558102,-0.6851180745221678,-0.6559286370004993,0,0,0,2025-07-03 08:00:00+00:00,11761.2,-93808.7220995299,105569.9220995299,14.2,42.4,0.0,2025-07-03,105569.9220995299
2025-09-07 01:00:00+00:00,115819.1128766877,2025-09-06 21:00:00-04:00,2025,9,7,1,Sunday,1,0.2588190451025208,0.9659258262890684,-0.78183148246803,0.6234898018587333,0,,0,0,,,0,0,0,0,0,0,0,0,1,6,7,9,3,2025,36,0.2588190451025207,0.9659258262890684,-0.7818314824680299,0.6234898018587334,-1.0,-1.8369701987210292e-16,1,0,0,0,1,204.827931,112760.1644196697,110517.13366855838,115981.6781084877,115505.3238061492,107975.3319892545,92804.51080355028,45443.841884231806,115819.1128766877,204.827931,116816.91868390508,27803.80804153703,143742.9741762651,204.827931,116198.71696157052,15816.796772276466,143742.9741762651,204.827931,115614.28494568769,-162.5652318000066,7843.780887433197,564.445895543844,-0.0014016457982953,0,0,0,2025-09-07 01:00:00+00:00,10972.8,115614.28494568769,-104641.48494568768,8.8,81.9,0.0,2025-09-07,104641.48494568768
2025-02-10 22:00:00+00:00,752.54772595,2025-02-10 19:00:00-03:00,2025,2,10,22,Monday,0,-0.5000000000000003,0.8660254037844383,0.0,1.0,0,,0,0,,,0,0,0,0,0,0,1,0,22,0,10,2,1,2025,7,-0.5000000000000004,0.8660254037844384,0.0,1.0,0.8660254037844386,0.5000000000000001,0,0,0,0,1,91230.590588966,81581.185992074,91832.8864350509,98501.8200283221,101768.1740859237,81880.609728185,76329.95398000201,37413.41419122666,96393.592610771,752.54772595,108012.56433738388,27962.7232760877,136648.93938753862,752.54772595,111351.92062122196,16721.77811982277,143942.4743002634,752.54772595,-90478.042863016,-97749.27230237208,-81128.06200223499,-0.9917511470539464,-0.9923600627304792,0,0,0,2025-02-10 22:00:00+00:00,13464.0,-90478.042863016,103942.042863016,21.2,67.0,0.0,2025-02-10,103942.042863016
2025-04-16 10:00:00+00:00,40060.09445449701,2025-04-16 06:00:00-04:00,2025,4,16,10,Wednesday,0,0.7071067811865477,-0.7071067811865475,0.9749279121818238,-0.2225209339563143,0,,0,0,,,0,0,0,0,0,0,0,0,10,2,16,4,2,2025,16,0.4999999999999999,-0.8660254037844387,0.9749279121818236,-0.2225209339563143,0.8660254037844387,-0.4999999999999998,0,1,0,0,0,133044.4675874857,139148.6597638392,141268.8120366437,135687.7972728834,125002.7376970766,130413.1413901961,122898.06870229889,40721.97766990539,142133.6820611142,40060.09445449701,120372.22171143076,20446.80325365116,142133.6820611142,40060.09445449701,110838.16838979784,26666.55106687632,143406.66720718227,2913.7660325,-92984.3731329887,-95627.7028183864,-90353.0469356991,-0.6988969539214038,-0.7047627328349089,0,0,0,2025-04-16 10:00:00+00:00,10119.6,-92984.3731329887,103103.9731329887,10.0,96.5,0.0,2025-04-16,103103.9731329887
2025-02-11 04:00:00+00:00,115805.3921671057,2025-02-11 01:00:00-03:00,2025,2,11,4,Tuesday,0,0.8660254037844385,0.5000000000000001,0.7818314824680299,0.6234898018587335,0,,0,0,,,0,0,0,0,0,0,1,0,4,1,11,2,1,2025,7,0.8660254037844386,0.5000000000000001,0.7818314824680298,0.6234898018587336,0.8660254037844386,0.5000000000000001,0,0,0,0,1,980.0533794,106420.07049339912,877.1451063,125180.79112063482,126332.0308772964,115168.142356286,68657.00575506991,53141.89195249876,115805.3921671057,877.1451063,97035.31784040206,40576.27199862747,136648.93938753862,752.54772595,110309.54931453646,20434.573096515192,143942.4743002634,752.54772595,114825.33878770572,-9375.398953529118,637.2498108197033,117.16233135995418,-0.0748948690098482,0,0,0,2025-02-11 04:00:00+00:00,12945.6,114825.33878770572,-101879.7387877057,15.7,92.0,0.0,2025-02-11,101879.7387877057
2024-04-26 00:00:00+00:00,114599.9061561416,2024-04-25 20:00:00-04:00,2024,4,26,0,Friday,0,-0.2588190451025215,0.9659258262890682,0.4338837391175582,-0.900968867902419,0,,0,0,,,0,0,0,0,0,0,0,0,0,4,26,4,2,2024,17,0.0,1.0,-0.433883739117558,-0.9009688679024191,0.8660254037844387,-0.4999999999999998,0,0,0,0,1,3253.89142759,105271.8346520486,107055.8295402951,106116.0540369138,103354.7161440024,108438.41562402858,91221.95298618176,43209.5158182679,114599.9061561416,3253.89142759,116064.83446339144,26251.66240219997,138690.6824327069,3253.89142759,117440.88586507816,18584.987672346942,145656.5135400743,3253.89142759,111346.0147285516,8483.852119227799,6161.490532113021,34.21933927617868,0.0799488088416535,0,0,0,2024-04-26 00:00:00+00:00,10818.0,111346.0147285516,-100528.0147285516,14.0,74.8,0.0,2024-04-26,100528.0147285516
2025-02-25 15:00:00+00:00,25196.859204922297,2025-02-25 12:00:00-03:00,2025,2,25,15,Tuesday,0,-0.7071067811865471,-0.707106781186548,0.7818314824680299,0.6234898018587335,0,,0,0,,,0,0,0,1,0,0,1,0,15,1,25,2,1,2025,9,-0.7071067811865471,-0.7071067811865479,0.7818314824680298,0.6234898018587336,0.8660254037844386,0.5000000000000001,0,0,1,0,0,111759.6162015389,115686.3105093911,120730.17826713833,103958.65594783548,108391.6089881738,115310.86814214422,104680.19456133124,39461.52360306694,129740.70272203653,25196.859204922297,108578.43962831644,23433.358925751785,134928.80644777618,25196.859204922297,110390.89791728684,16873.640054179832,142109.97754187038,25196.859204922297,-86562.7569966166,-78761.79674291318,-90114.00893722192,-0.7745441505500147,-0.7576261545977891,0,0,1,2025-02-25 15:00:00+00:00,12700.8,-86562.7569966166,99263.5569966166,15.3,95.8,,2025-02-25,99263.5569966166
2024-03-20 21:00:00+00:00,25252.31866316,2024-03-20 18:00:00-03:00,2024,3,20,21,Wednesday,0,-0.7071067811865477,0.7071067811865474,0.9749279121818238,-0.2225209339563143,0,,0,0,,,0,0,0,0,0,0,1,0,21,2,20,3,1,2024,12,-0.7071067811865477,0.7071067811865474,0.9749279121818236,-0.2225209339563143,1.0,6.123233995736766e-17,0,0,0,1,0,111900.222734128,112275.3376360111,117775.631859632,100246.0050128696,90222.6097997862,97766.3994421287,100839.57810385518,37172.36580295349,119907.1551346649,25252.31866316,120469.19647116736,23306.952553456194,141151.09302703958,25252.31866316,113804.49338717146,15694.54574893266,142272.57995034478,25252.31866316,-86647.904070968,-74993.6863497096,-72514.08077896871,-0.7743318284257678,-0.7480965085848748,0,0,0,2024-03-20 21:00:00+00:00,11811.6,-86647.904070968,98459.504070968,18.2,69.0,0.0,2024-03-20,98459.504070968
2024-01-30 09:00:00+00:00,60435.15589235791,2024-01-30 06:00:00-03:00,2024,1,30,9,Tuesday,0,0.7071067811865477,-0.7071067811865475,0.7818314824680299,0.6234898018587335,0,,0,0,,,0,0,0,0,0,0,1,0,9,1,30,1,1,2024,5,0.7071067811865476,-0.7071067811865475,0.7818314824680298,0.6234898018587336,0.4999999999999999,0.8660254037844387,0,1,0,0,0,144438.8833976559,142318.4347615737,139745.60945570708,142390.1014363835,147051.3302657383,140125.36089316892,124788.07500244996,32076.28243090529,144438.8833976559,60435.15589235791,115022.80788046496,18734.50872800968,144438.8833976559,60435.15589235791,118690.69911464346,16535.462480269918,147051.3302657383,60435.15589235791,-84003.72750529801,-81954.9455440256,-79690.20500081102,-0.581586658171724,-0.5755663119647478,0,0,0,2024-01-30 09:00:00+00:00,12708.0,-84003.72750529801,96711.727505298,13.1,99.3,0.0,2024-01-30,96711.727505298
2025-07-22 14:00:00+00:00,38061.966171492,2025-07-22 10:00:00-04:00,2025,7,22,14,Tuesday,0,-0.2588190451025208,-0.9659258262890684,0.7818314824680299,0.6234898018587335,0,,0,0,,,0,0,0,0,0,0,0,0,14,1,22,7,3,2025,30,-0.4999999999999997,-0.8660254037844388,0.7818314824680298,0.6234898018587336,-0.4999999999999997,-0.8660254037844388,0,0,1,0,0,122957.05725681498,126657.7184310762,126321.5820326179,106368.08656538758,113982.8977934042,125710.2039758023,114360.08190874787,37772.73692335579,136661.87176331307,38061.966171492,113976.90818304614,22911.62001291947,140994.4362218737,38061.966171492,116484.15287106688,16047.511013521746,148927.2266397233,38061.966171492,-84895.09108532299,-68306.12039389557,-87648.23780431031,-0.6904450462571363,-0.6421674263352082,0,0,0,2025-07-22 14:00:00+00:00,11646.0,-84895.09108532299,96541.091085323,15.0,58.0,0.0,2025-07-22,96541.091085323
2025-04-14 13:00:00+00:00,109989.9864496041,2025-04-14 09:00:00-04:00,2025,4,14,13,Monday,0,1.2246467991473532e-16,-1.0,0.0,1.0,0,,0,0,,,0,0,0,0,0,0,0,0,13,0,14,4,2,2025,16,-0.2588190451025208,-0.9659258262890684,0.0,1.0,0.8660254037844387,-0.4999999999999998,0,0,1,0,0,2944.3915260000003,118180.4200446976,125002.7376970766,112835.70504518008,107206.6093427554,104335.7359827512,102914.05072902174,49622.96974783788,132256.61417875608,2944.3915260000003,106054.57236440432,26808.65172271134,134076.6558734486,2944.3915260000003,110852.54275621334,26081.21793962522,141569.33387030018,2913.7660325,107045.59492360408,-2845.718595575978,5654.2504668529,36.35576110661721,-0.0252200187381869,0,0,0,2025-04-14 13:00:00+00:00,12056.4,107045.59492360408,-94989.1949236041,11.6,88.0,0.0,2025-04-14,94989.1949236041
2024-09-19 04:00:00+00:00,42282.304350012,2024-09-19 01:00:00-03:00,2024,9,19,4,Thursday,0,0.8660254037844385,0.5000000000000001,0.4338837391175582,-0.900968867902419,1,Glorias del Ejército (Fiestas Patrias),0,1,2024-09-19,2024-09-19,0,1,0,0,0,0,0,0,4,3,19,9,3,2024,38,0.8660254037844386,0.5000000000000001,0.4338837391175582,-0.900968867902419,-1.0,-1.8369701987210292e-16,0,0,0,0,1,125927.2867182826,129452.2770769042,120829.14695290232,132010.39764643373,127457.08957719902,117196.113748491,111275.79456411143,33913.197534194136,129452.2770769042,42282.304350012,127008.30845309756,20121.1618436504,149657.565035131,42282.304350012,117677.03696399584,15447.6176635248,149657.565035131,42282.304350012,-83644.9823682706,-89728.09329642174,-74913.809398479,-0.6642323879763758,-0.6797047421729795,0,0,1,2024-09-19 04:00:00+00:00,9201.6,-83644.9823682706,92846.5823682706,9.5,99.0,1.5,2024-09-19,92846.5823682706
2025-02-11 02:00:00+00:00,106420.07049339912,2025-02-10 23:00:00-03:00,2025,2,11,2,Tuesday,0,0.4999999999999999,0.8660254037844386,0.7818314824680299,0.6234898018587335,0,,0,0,,,0,0,0,0,0,0,1,0,2,1,11,2,1,2025,7,0.4999999999999999,0.8660254037844387,0.7818314824680298,0.6234898018587336,0.8660254037844386,0.5000000000000001,0,0,0,0,1,877.1451063,97059.2078894899,90800.1654947248,115900.596982423,113388.272759403,100626.494849913,64523.28788313831,49669.345856677326,106420.07049339912,752.54772595,102449.98087220672,35495.782070911664,136648.93938753862,752.54772595,110938.33371182629,18590.75001546683,143942.4743002634,752.54772595,105542.92538709912,-9480.526489023876,5793.575643486125,120.32550216497644,-0.0817987718429237,0,0,0,2025-02-11 02:00:00+00:00,13474.8,105542.92538709912,-92068.12538709912,16.9,84.6,0.0,2025-02-11,92068.12538709912
2025-07-25 10:00:00+00:00,126087.6536477385,2025-07-25 06:00:00-04:00,2025,7,25,10,Friday,0,0.7071067811865477,-0.7071067811865475,-0.433883739117558,-0.900968867902419,0,,0,0,,,0,0,0,0,0,0,0,0,10,4,25,7,3,2025,30,0.4999999999999999,-0.8660254037844387,-0.433883739117558,-0.9009688679024191,-0.4999999999999997,-0.8660254037844388,0,1,0,0,0,23056.934288771,136710.0311120827,137283.94428694368,129700.264334628,133452.3814018913,116082.42372446088,114915.21721535549,45178.238054253816,137283.94428694368,23056.934288771,112338.02969305216,22611.28456693782,137283.94428694368,23056.934288771,116152.48719692216,16869.255219345247,144482.2586080439,23056.934288771,103030.7193589675,-3612.610686889501,10005.229923277611,4.468535064921648,-0.0278535337257981,0,0,0,2025-07-25 10:00:00+00:00,11757.6,103030.7193589675,-91273.1193589675,8.3,93.3,0.0,2025-07-25,91273.1193589675
2025-06-27 14:00:00+00:00,32985.871723753,2025-06-27 10:00:00-04:00,2025,6,27,14,Friday,0,-0.2588190451025208,-0.9659258262890684,-0.433883739117558,-0.900968867902419,0,,0,0,,,0,0,0,0,1,0,0,0,14,4,27,6,2,2025,26,-0.4999999999999997,-0.8660254037844388,-0.433883739117558,-0.9009688679024191,1.2246467991473532e-16,-1.0,0,0,1,0,0,111866.713250547,115318.4397434558,114426.3872643694,110149.2188894242,112320.2476149291,100311.93965605512,103672.93847974978,35155.41529653347,129228.4796098392,32985.871723753,110095.32734610065,19934.60771901305,131723.2012965884,32985.871723753,117218.95438762856,15634.635854986234,148032.14795912258,32985.871723753,-78880.84152679401,-77163.3471656712,-67326.06793230213,-0.7051323779409269,-0.7005346741780655,0,0,0,2025-06-27 14:00:00+00:00,11696.4,-78880.84152679401,90577.241526794,9.8,72.0,0.0,2025-06-27,90577.241526794
2024-01-03 16:00:00+00:00,34196.938514481895,2024-01-03 13:00:00-03:00,2024,1,3,16,Wednesday,0,-0.8660254037844383,-0.5000000000000003,0.9749279121818238,-0.2225209339563143,0,,0,0,,,0,0,0,0,0,0,1,0,16,2,3,1,1,2024,1,-0.8660254037844385,-0.5000000000000004,0.9749279121818236,-0.2225209339563143,0.4999999999999999,0.8660254037844387,0,0,1,0,0,110832.1143509198,113920.72833263969,118113.27675953852,98567.1630195059,113348.7645356952,0.0,104167.03389647952,34702.354363548344,125855.8540408936,34196.938514481895,107331.00912633806,21757.307353191907,131893.0267485457,34196.938514481895,114364.26836680458,18044.4297250527,142545.5060712823,34196.938514481895,-76635.1758364379,-64370.224505024,0.0,-0.691452800348042,-0.6530595234062433,0,0,0,2024-01-03 16:00:00+00:00,12668.4,-76635.1758364379,89303.5758364379,17.1,81.0,0.0,2024-01-03,89303.5758364379
2024-05-17 05:00:00+00:00,47243.527450602,2024-05-17 01:00:00-04:00,2024,5,17,5,Friday,0,0.8660254037844385,0.5000000000000001,-0.433883739117558,-0.900968867902419,0,,0,0,,,0,0,0,0,0,0,0,0,5,4,17,5,2,2024,20,0.9659258262890684,0.2588190451025207,-0.433883739117558,-0.9009688679024191,0.4999999999999999,-0.8660254037844387,0,0,0,0,1,124957.63470249002,125464.0035760036,119397.5281479278,135953.6850117017,139206.3836652961,139223.46375609658,106234.56307641814,29726.7682711882,125464.0035760036,47243.527450602,111731.93401847708,19431.210941935813,138970.8826980074,47243.527450602,115790.66298563423,15261.203187008388,144628.9414430139,47243.527450602,-77714.10725188802,-88710.15756109968,-91979.93630549456,-0.6219236418560299,-0.652502781027703,0,0,0,2024-05-17 05:00:00+00:00,11318.4,-77714.10725188802,89032.50725188802,6.7,87.2,0.0,2024-05-17,89032.50725188802
2024-02-02 15:00:00+00:00,23607.001287888903,2024-02-02 12:00:00-03:00,2024,2,2,15,Friday,0,-0.7071067811865471,-0.707106781186548,-0.433883739117558,-0.900968867902419,0,,0,0,,,0,0,0,0,0,0,1,0,15,4,2,2,1,2024,5,-0.7071067811865471,-0.7071067811865479,-0.433883739117558,-0.9009688679024191,0.8660254037844386,0.5000000000000001,0,0,1,0,0,98803.5226940429,106959.9437023164,116745.9338270072,117641.19145906012,112911.41010315828,94778.75368750902,99741.95255783606,38874.82664964263,129406.3914469205,23607.001287888903,114387.681409941,22743.0375588154,138144.612660848,23607.001287888903,117079.74219072088,17805.83524903684,147051.3302657383,23607.001287888903,-75196.521406154,-94034.1901711712,-71171.7523996201,-0.7610712589571239,-0.7993304811427018,0,0,0,2024-02-02 15:00:00+00:00,13546.8,-75196.521406154,88743.321406154,31.3,30.0,0.0,2024-02-02,88743.321406154
2025-04-11 15:00:00+00:00,103360.6188639026,2025-04-11 11:00:00-04:00,2025,4,11,15,Friday,0,-0.4999999999999997,-0.8660254037844387,-0.433883739117558,-0.900968867902419,0,,0,0,,,0,0,0,0,0,0,0,0,15,4,11,4,2,2025,15,-0.7071067811865471,-0.7071067811865479,-0.433883739117558,-0.9009688679024191,0.8660254037844387,-0.4999999999999998,0,0,1,0,0,2913.7660325,2953.514696,2973.7798213,101463.0530549335,116515.4076661553,118696.697301368,19712.07032757543,40979.28567459866,103360.6188639026,2913.7660325,90793.64386406542,47768.31189702973,135267.5526790104,2913.7660325,112695.44214383852,24071.26614444385,143725.5511382821,2913.7660325,100446.8528314026,1897.5658089690987,-15336.078437465403,34.47320468116638,0.0187020373607498,0,0,0,2025-04-11 15:00:00+00:00,11815.2,100446.8528314026,-88631.65283140259,15.2,62.0,0.0,2025-04-11,88631.65283140259
2024-09-19 05:00:00+00:00,140040.95427270388,2024-09-19 02:00:00-03:00,2024,9,19,5,Thursday,0,0.9659258262890684,0.2588190451025208,0.4338837391175582,-0.900968867902419,1,Glorias del Ejército (Fiestas Patrias),0,1,2024-09-19,2024-09-19,0,1,0,0,0,0,0,0,5,3,19,9,3,2024,38,0.9659258262890684,0.2588190451025207,0.4338837391175582,-0.900968867902419,-1.0,-1.8369701987210292e-16,0,0,0,0,1,42282.304350012,125927.2867182826,129452.2770769042,134670.9076862436,135052.58935856292,134054.75775289352,113857.895660778,35670.14186973589,140040.95427270388,42282.304350012,127232.06039420005,20239.58606326863,149657.565035131,42282.304350012,117712.66908613755,15492.460332583829,149657.565035131,42282.304350012,97758.64992269188,5370.046586460288,5986.196519810357,2.3120464086689294,0.0398753277803058,0,0,1,2024-09-19 05:00:00+00:00,9212.4,97758.64992269188,-88546.24992269189,9.9,99.3,0.1,2024-09-19,88546.24992269189
2024-05-29 15:00:00+00:00,32986.35839792401,2024-05-29 11:00:00-04:00,2024,5,29,15,Wednesday,0,-0.4999999999999997,-0.8660254037844387,0.9749279121818238,-0.2225209339563143,0,,0,0,,,0,0,0,0,0,0,0,0,15,2,29,5,2,2024,22,-0.7071067811865471,-0.7071067811865479,0.9749279121818236,-0.2225209339563143,0.4999999999999999,-0.8660254037844387,0,0,1,0,0,109185.72713154028,113114.6153597214,118088.0928228576,111551.1828406204,111765.2792712279,123619.4346127715,104011.54159669355,35417.01234549115,127472.869449557,32986.35839792401,113224.86775565606,20378.112806302128,134248.9416131643,32986.35839792401,117170.39495624734,14774.431034910924,144545.1509309586,32986.35839792401,-76199.36873361627,-78564.8244426964,-90633.07621484748,-0.6978876336264714,-0.7042939612298552,0,0,0,2024-05-29 15:00:00+00:00,11937.6,-76199.36873361627,88136.96873361628,14.7,66.0,0.0,2024-05-29,88136.96873361628
2025-08-12 21:00:00+00:00,28659.22339483,2025-08-12 17:00:00-04:00,2025,8,12,21,Tuesday,0,-0.8660254037844385,0.5,0.7818314824680299,0.6234898018587335,0,,0,0,,,0,0,0,0,0,0,0,0,21,1,12,8,3,2025,33,-0.7071067811865477,0.7071067811865474,0.7818314824680298,0.6234898018587336,-0.8660254037844385,-0.5000000000000004,0,0,0,1,0,105865.3776231438,108352.28386280812,108447.0852275841,95458.318373116,93448.71319400048,100101.9184161874,96458.86352321414,33369.56530854734,114629.3636647334,28659.22339483,114695.21832346206,22383.627816485445,137539.41280175291,28659.22339483,112646.5045646181,17376.183204911864,138581.26654657663,28659.22339483,-77206.1542283138,-66799.094978286,-71442.6950213574,-0.7292861553202956,-0.6997723835568705,0,0,0,2025-08-12 21:00:00+00:00,10915.2,-77206.1542283138,88121.3542283138,21.6,44.0,0.0,2025-08-12,88121.3542283138
2024-07-22 22:00:00+00:00,100104.0467146804,2024-07-22 18:00:00-04:00,2024,7,22,22,Monday,0,-0.7071067811865477,0.7071067811865474,0.0,1.0,0,,0,0,,,0,0,0,0,0,0,0,0,22,0,22,7,3,2024,30,-0.5000000000000004,0.8660254037844384,0.0,1.0,-0.4999999999999997,-0.8660254037844388,0,0,0,0,1,2740.067605175,98331.55406752568,97980.3569799236,88612.483841738,108945.91572536122,107206.2521650058,83006.7612828477,39331.34853999031,100104.0467146804,2740.067605175,106881.45098471706,25677.73695931238,131324.7359571788,2740.067605175,112996.7816374859,24713.09394188037,149054.48965860228,2740.067605175,97363.9791095054,11491.562872942406,-7102.205450325404,35.53342221397017,0.1296833400299031,0,0,0,2024-07-22 22:00:00+00:00,11905.2,97363.9791095054,-85458.7791095054,13.2,68.0,0.0,2024-07-22,85458.7791095054
2025-05-13 19:00:00+00:00,37981.984202862,2025-05-13 15:00:00-04:00,2025,5,13,19,Tuesday,0,-1.0,-1.8369701987210287e-16,0.7818314824680299,0.6234898018587335,0,,0,0,,,0,0,0,0,0,0,0,0,19,1,13,5,2,2025,20,-0.9659258262890684,0.2588190451025203,0.7818314824680298,0.6234898018587336,0.4999999999999999,-0.8660254037844387,0,0,0,1,0,111655.30346988812,114843.1644690193,116777.68392646089,96701.09503616668,118200.0346710292,107949.1460702911,103213.89153232402,32078.73726389555,119432.43183107847,37981.984202862,112784.20692075744,20179.506406158293,131234.6330178178,37981.984202862,118841.19465057868,14819.45874628012,148842.59681800002,37981.984202862,-73673.31926702612,-58719.11083330468,-69967.1618674291,-0.659828212162755,-0.6072228118134904,0,0,0,2025-05-13 19:00:00+00:00,10897.2,-73673.31926702612,84570.51926702612,15.4,76.0,0.0,2025-05-13,84570.51926702612
2024-02-02 17:00:00+00:00,1238.89028598,2024-02-02 14:00:00-03:00,2024,2,2,17,Friday,0,-0.9659258262890684,-0.2588190451025207,-0.433883739117558,-0.900968867902419,0,,0,0,,,0,0,0,0,0,0,1,0,17,4,2,2,1,2024,5,-0.9659258262890684,-0.2588190451025206,-0.433883739117558,-0.9009688679024191,0.8660254037844386,0.5000000000000001,0,0,1,0,0,71721.447094674,23607.001287888903,98803.5226940429,113305.263283912,108995.3473607998,107304.20589031072,69846.12314865158,47463.84842723276,116745.9338270072,1238.89028598,107974.15949957709,33317.11008395843,138144.612660848,1238.89028598,116216.12333954722,20202.930527704302,147051.3302657383,1238.89028598,-70482.556808694,-112066.372997932,-106065.31560433072,-0.9827263623899748,-0.9890659070013748,0,0,0,2024-02-02 17:00:00+00:00,13690.8,-70482.556808694,84173.356808694,31.8,31.0,0.0,2024-02-02,84173.356808694
2024-04-19 14:00:00+00:00,105654.3253809161,2024-04-19 10:00:00-04:00,2024,4,19,14,Friday,0,-0.2588190451025208,-0.9659258262890684,-0.433883739117558,-0.900968867902419,0,,0,0,,,0,0,0,0,0,0,0,0,14,4,19,4,2,2024,16,-0.4999999999999997,-0.8660254037844388,-0.433883739117558,-0.9009688679024191,0.8660254037844387,-0.4999999999999998,0,0,1,0,0,10381.7296685541,114584.8670602282,119247.6409350356,111527.2218895108,108752.8243805681,119385.4385903355,100457.11077703458,44841.05823396049,128720.1525270842,10381.7296685541,111383.42719894258,24445.22027865362,135418.8668509292,10381.7296685541,109883.4152647175,17373.091964886808,135831.4309303804,10381.7296685541,95272.595712362,-5872.896508594698,-13731.113209419404,9.17694823059585,-0.0526588612994676,0,0,0,2024-04-19 14:00:00+00:00,11764.8,95272.595712362,-83507.795712362,19.4,54.0,0.0,2024-04-19,83507.795712362
2025-03-12 19:00:00+00:00,93342.5695330987,2025-03-12 16:00:00-03:00,2025,3,12,19,Wednesday,0,-0.9659258262890684,0.2588190451025203,0.9749279121818238,-0.2225209339563143,0,,0,0,,,0,0,0,0,0,0,1,0,19,2,12,3,1,2025,11,-0.9659258262890684,0.2588190451025203,0.9749279121818236,-0.2225209339563143,1.0,6.123233995736766e-17,0,0,0,1,0,2930.52997635,3048.68626375,3061.10461145,104099.8040307276,98937.3032025999,99553.5849752165,18051.94278441645,36884.76130213417,93342.5695330987,2930.52997635,89473.19646865757,46332.70597408292,127514.6561400032,2930.52997635,109003.13294464591,23048.302213717085,137944.88764840312,2930.52997635,90412.0395567487,-10757.234497628902,-6211.015442117801,30.851770937814344,-0.1033357804828685,0,0,0,2025-03-12 19:00:00+00:00,12661.2,90412.0395567487,-77750.8395567487,20.1,61.0,0.0,2025-03-12,77750.8395567487
2024-09-08 01:00:00+00:00,91195.6760816301,2024-09-07 21:00:00-04:00,2024,9,8,1,Sunday,1,0.2588190451025208,0.9659258262890684,-0.78183148246803,0.6234898018587333,0,,0,0,,,0,0,0,0,0,0,0,0,1,6,8,9,3,2024,36,0.2588190451025207,0.9659258262890684,-0.7818314824680299,0.6234898018587334,-1.0,-1.8369701987210292e-16,1,0,0,0,1,2465.58595865,91915.2539188165,87832.02544671549,115623.1182136237,107684.919781464,107751.17867795107,73111.47212651285,34868.64642280448,91915.2539188165,2465.58595865,102103.1572853808,28754.60991943948,135872.2611784064,2465.58595865,110176.86183726609,17080.955182074962,139354.0772379904,2465.58595865,88730.0901229801,-24427.44213199361,-16555.502596320977,35.9874251439861,-0.2112678027491162,0,0,0,2024-09-08 01:00:00+00:00,11836.8,88730.0901229801,-76893.29012298009,10.2,83.8,0.0,2024-09-08,76893.29012298009
2025-02-10 23:00:00+00:00,90800.1654947248,2025-02-10 20:00:00-03:00,2025,2,10,23,Monday,0,-0.2588190451025215,0.9659258262890682,0.0,1.0,0,,0,0,,,0,0,0,0,0,0,1,0,23,0,10,2,1,2025,7,-0.2588190451025215,0.965925826289068,0.0,1.0,0.8660254037844386,0.5000000000000001,0,0,0,0,1,752.54772595,91230.590588966,81581.185992074,98981.3468467222,103552.3389198082,82993.575502607,75397.71612732766,36879.37317502122,96188.9205272002,752.54772595,107671.68178105068,28126.99036581456,136648.93938753862,752.54772595,111398.38841879409,16653.208021758033,143942.4743002634,752.54772595,90047.6177687748,-8181.181351997395,7806.589992117806,119.65701930080331,-0.0826537687415628,0,0,0,2025-02-10 23:00:00+00:00,13464.0,90047.6177687748,-76583.6177687748,21.3,66.0,0.0,2025-02-10,76583.6177687748
2025-04-16 11:00:00+00:00,123850.5198807826,2025-04-16 07:00:00-04:00,2025,4,16,11,Wednesday,0,0.4999999999999999,-0.8660254037844386,0.9749279121818238,-0.2225209339563143,0,,0,0,,,0,0,0,0,0,0,0,0,11,2,16,4,2,2025,16,0.258819045102521,-0.9659258262890682,0.9749279121818236,-0.2225209339563143,0.8660254037844387,-0.4999999999999998,0,1,0,0,0,40060.09445449701,133044.4675874857,139148.6597638392,132944.58148106883,118180.4200446976,117719.38794481289,119917.7059640604,39709.61072725605,142133.6820611142,40060.09445449701,119993.3024780855,20287.3262738728,142133.6820611142,40060.09445449701,110874.66322275008,26680.21675112295,143406.66720718227,2913.7660325,83790.42542628558,-9094.061600286235,6131.131935969708,2.0916182691845737,-0.0684049060065018,0,0,0,2025-04-16 11:00:00+00:00,9090.0,83790.42542628558,-74700.42542628558,9.9,95.7,0.0,2025-04-16,74700.42542628558
2025-08-10 03:00:00+00:00,50113.20790011551,2025-08-09 23:00:00-04:00,2025,8,10,3,Sunday,1,0.4999999999999999,0.8660254037844386,-0.78183148246803,0.6234898018587333,0,,0,0,,,0,0,0,0,0,0,0,0,3,6,10,8,3,2025,32,0.7071067811865476,0.7071067811865476,-0.7818314824680299,0.6234898018587334,-0.8660254037844385,-0.5000000000000004,1,0,0,0,1,113182.9596655918,108736.83529864327,104187.33490828727,121766.9067156749,120955.8497971595,109681.8872364323,96013.63077129488,23081.443480361224,113182.9596655918,50113.20790011551,110805.29889060196,18873.821243580365,135863.28714359962,50113.20790011551,114131.54178704329,13156.879498679124,136998.07531187712,50113.20790011551,-63069.75176547629,-71653.69881555939,-59568.6793363168,-0.5572371667238687,-0.5884496925167887,0,0,0,2025-08-10 03:00:00+00:00,10828.8,-63069.75176547629,73898.5517654763,6.9,99.1,0.0,2025-08-10,73898.5517654763
2024-03-20 22:00:00+00:00,108176.68661015193,2024-03-20 19:00:00-03:00,2024,3,20,22,Wednesday,0,-0.5000000000000003,0.8660254037844383,0.9749279121818238,-0.2225209339563143,0,,0,0,,,0,0,0,0,0,0,1,0,22,2,20,3,1,2024,12,-0.5000000000000004,0.8660254037844384,0.9749279121818236,-0.2225209339563143,1.0,6.123233995736766e-17,0,0,0,0,1,25252.31866316,111900.222734128,112275.3376360111,103334.69104732772,91435.8414095986,97887.434565868,99214.558772958,36482.70738416299,119907.1551346649,25252.31866316,120670.94628628503,23172.754344011988,141151.09302703958,25252.31866316,113865.7389350541,15652.07859453597,142272.57995034478,25252.31866316,82924.36794699193,4841.995562824202,10289.25204428393,3.2838318355283667,0.0468574059084043,0,0,0,2024-03-20 22:00:00+00:00,11829.6,82924.36794699193,-71094.76794699192,17.8,69.0,0.0,2024-03-20,71094.76794699192
2025-08-10 07:00:00+00:00,135973.35091615398,2025-08-10 03:00:00-04:00,2025,8,10,7,Sunday,1,1.0,6.123233995736766e-17,-0.78183148246803,0.6234898018587333,0,,0,0,,,0,0,0,0,0,0,0,0,7,6,10,8,3,2025,32,0.9659258262890684,-0.2588190451025206,-0.7818314824680299,0.6234898018587334,-0.8660254037844385,-0.5000000000000004,1,1,0,0,0,54147.2887805308,53904.376759911,49619.2104477906,135863.28714359962,134106.4487390273,133009.1402321152,76156.73241168227,38238.87429290164,135973.35091615398,49619.2104477906,101216.87065899634,25643.946266670424,135973.35091615398,49619.2104477906,112911.1145915731,15458.12732009426,136998.07531187712,49619.2104477906,81826.06213562319,110.06377255436382,2964.210684038786,1.5111756096834266,0.0008101067982995,0,0,0,2025-08-10 07:00:00+00:00,10933.2,81826.06213562319,-70892.86213562319,5.5,97.4,0.0,2025-08-10,70892.86213562319
2024-05-17 06:00:00+00:00,129851.4896047939,2024-05-17 02:00:00-04:00,2024,5,17,6,Friday,0,0.9659258262890684,0.2588190451025208,-0.433883739117558,-0.900968867902419,0,,0,0,,,0,0,0,0,0,0,0,0,6,4,17,5,2,2024,20,1.0,6.123233995736766e-17,-0.433883739117558,-0.9009688679024191,0.4999999999999999,-0.8660254037844387,0,1,0,0,0,47243.527450602,124957.63470249002,125464.0035760036,138970.8826980074,140263.45971389097,140804.76235044212,109953.18219558266,31277.757691666546,129851.4896047939,47243.527450602,111351.95930625986,18958.82022577342,137921.66152842803,47243.527450602,115725.46493357682,15176.863387170915,144628.9414430139,47243.527450602,82607.96215419189,-9119.393093213495,-10953.272745648224,1.7485561856185925,-0.0656208906223221,0,0,0,2024-05-17 06:00:00+00:00,11890.8,82607.96215419189,-70717.16215419189,6.3,88.7,0.0,2024-05-17,70717.16215419189
2024-01-30 10:00:00+00:00,139712.04644096122,2024-01-30 07:00:00-03:00,2024,1,30,10,Tuesday,0,0.4999999999999999,-0.8660254037844386,0.7818314824680299,0.6234898018587335,0,,0,0,,,0,0,0,0,0,0,1,0,10,1,30,1,1,2024,5,0.4999999999999999,-0.8660254037844387,0.7818314824680298,0.6234898018587336,0.4999999999999999,0.8660254037844387,0,1,0,0,0,60435.15589235791,144438.8833976559,142318.4347615737,138105.78477472832,144869.146633016,137405.9739888686,126654.6267765,32656.966194826862,144438.8833976559,60435.15589235791,115089.73544989132,18823.215283080903,144438.8833976559,60435.15589235791,118704.4257363821,16552.040527840858,147051.3302657383,60435.15589235791,79276.89054860332,1606.2616662328946,2306.0724520926306,1.3117677844631483,0.0116306617340682,0,0,0,2024-01-30 10:00:00+00:00,12654.0,79276.89054860332,-66622.89054860332,12.9,99.3,0.0,2024-01-30,66622.89054860332
2025-09-16 02:00:00+00:00,108491.3856467893,2025-09-15 23:00:00-03:00,2025,9,16,2,Tuesday,0,0.4999999999999999,0.8660254037844386,0.7818314824680299,0.6234898018587335,0,,0,0,,,0,0,0,0,0,0,0,0,2,1,16,9,3,2025,38,0.4999999999999999,0.8660254037844387,0.7818314824680298,0.6234898018587336,-1.0,-1.8369701987210292e-16,0,0,0,0,1,30675.0579651331,2800.9528296,2637.4803146000004,120620.0519463579,115878.7852683358,111167.8201372524,24928.8516781204,42449.49927236462,108491.3856467893,2448.2886011,92653.17914207195,52763.14611829999,143760.1694504811,2402.1360446,113622.32030026094,25026.21766837672,150725.06458674438,2402.1360446,77816.3276816562,-12128.666299568593,-2676.4344904631,2.536794804759827,-0.100552653591647,0,0,0,2025-09-16 02:00:00+00:00,11768.4,77816.3276816562,-66047.9276816562,15.5,63.3,0.0,2025-09-16,66047.9276816562
2025-04-11 21:00:00+00:00,45594.425519435,2025-04-11 17:00:00-04:00,2025,4,11,21,Friday,0,-0.8660254037844385,0.5,-0.433883739117558,-0.900968867902419,0,,0,0,,,0,0,0,0,0,0,0,0,21,4,11,4,2,2025,15,-0.7071067811865477,0.7071067811865474,-0.433883739117558,-0.9009688679024191,0.8660254037844387,-0.4999999999999998,0,0,0,1,0,98818.37839169949,99978.5023739412,99688.45236550747,99879.6775264712,106655.84216734,109882.5043942374,90958.4437460751,22239.568915955344,101398.6200651774,45594.425519435,88559.77126731316,48604.58298068559,135267.5526790104,2913.7660325,111901.11497421926,24706.02518022088,143725.5511382821,2913.7660325,-53223.95287226449,-54285.25200703621,-64288.078874802406,-0.538603787458378,-0.5435064805115029,0,0,0,2025-04-11 21:00:00+00:00,12632.4,-53223.95287226449,65856.35287226448,16.2,53.0,0.0,2025-04-11,65856.35287226448
2025-09-13 09:00:00+00:00,100960.4101644388,2025-09-13 06:00:00-03:00,2025,9,13,9,Saturday,1,0.7071067811865477,-0.7071067811865475,-0.9749279121818236,-0.2225209339563146,0,,0,0,,,0,0,0,0,0,0,0,0,9,5,13,9,3,2025,37,0.7071067811865476,-0.7071067811865475,-0.9749279121818236,-0.2225209339563146,-1.0,-1.8369701987210292e-16,1,1,0,0,0,150725.06458674438,149253.4151876858,144313.32713874133,123905.9120781021,137052.9461729911,140529.39612333718,135775.22519213858,18496.47635281097,150725.06458674438,100960.4101644388,117007.61695040918,15847.80226695994,150725.06458674438,98425.92588168712,115655.73234774244,16987.423618813686,150725.06458674438,204.827931,-49764.65442230558,-22945.501913663305,-39568.98595889838,-0.3301684066863698,-0.1851848836655992,0,0,0,2025-09-13 09:00:00+00:00,10926.0,-49764.65442230558,60690.65442230558,6.8,98.5,0.0,2025-09-13,60690.65442230558
2025-06-27 15:00:00+00:00,104803.09812242042,2025-06-27 11:00:00-04:00,2025,6,27,15,Friday,0,-0.4999999999999997,-0.8660254037844387,-0.433883739117558,-0.900968867902419,0,,0,0,,,0,0,0,0,1,0,0,0,15,4,27,6,2,2025,26,-0.7071067811865471,-0.7071067811865479,-0.433883739117558,-0.9009688679024191,1.2246467991473532e-16,-1.0,0,0,1,0,0,32985.871723753,111866.713250547,115318.4397434558,106672.4853586039,89235.5318080681,102130.0633896494,99602.04156517998,32949.27766003551,118211.7392865342,32985.871723753,110017.43621125964,19952.20777490968,131723.2012965884,32985.871723753,117234.86530865695,15620.542156690608,148032.14795912258,32985.871723753,71817.22639866741,-1869.38723618348,2673.0347327710188,2.177211716583258,-0.0175245493709002,0,0,0,2025-06-27 15:00:00+00:00,11718.0,71817.22639866741,-60099.22639866741,12.4,64.0,0.0,2025-06-27,60099.22639866741
2024-01-03 17:00:00+00:00,106309.6263215216,2024-01-03 14:00:00-03:00,2024,1,3,17,Wednesday,0,-0.9659258262890684,-0.2588190451025207,0.9749279121818238,-0.2225209339563143,0,,0,0,,,0,0,0,0,0,0,1,0,17,2,3,1,1,2024,1,-0.9659258262890684,-0.2588190451025206,0.9749279121818236,-0.2225209339563143,0.4999999999999999,0.8660254037844387,0,0,1,0,0,34196.938514481895,110832.1143509198,113920.72833263969,96469.62220826,112328.5542648542,0.0,100909.32927658416,33141.44516633694,122083.2913804035,34196.938514481895,107741.00929772395,21636.10994197256,131893.0267485457,34196.938514481895,114242.22833581544,17932.517388280652,142545.5060712823,34196.938514481895,72112.6878070397,9840.004113261602,0.0,2.108746891962304,0.102001064044999,0,0,0,2024-01-03 17:00:00+00:00,12646.8,72112.6878070397,-59465.8878070397,17.2,78.0,0.0,2024-01-03,59465.8878070397
2025-07-22 15:00:00+00:00,107189.2292013346,2025-07-22 11:00:00-04:00,2025,7,22,15,Tuesday,0,-0.4999999999999997,-0.8660254037844387,0.7818314824680299,0.6234898018587335,0,,0,0,,,0,0,0,0,0,0,0,0,15,1,22,7,3,2025,30,-0.7071067811865471,-0.7071067811865479,0.7818314824680298,0.6234898018587336,-0.4999999999999997,-0.8660254037844388,0,0,1,0,0,38061.966171492,122957.05725681498,126657.7184310762,104360.5244508531,109518.0327262552,122637.5369212358,109447.97481508482,36175.06543087854,135500.2957971731,38061.966171492,114094.77088098286,22867.23303947479,140994.4362218737,38061.966171492,116392.19865844844,16056.298176385792,148927.2266397233,38061.966171492,69127.26302984261,2828.704750481498,-15448.307719901204,1.8161768816246329,0.0271051220312104,0,0,0,2025-07-22 15:00:00+00:00,11656.8,69127.26302984261,-57470.463029842605,18.6,45.0,0.0,2025-07-22,57470.463029842605
2025-08-12 22:00:00+00:00,95989.5568240707,2025-08-12 18:00:00-04:00,2025,8,12,22,Tuesday,0,-0.7071067811865477,0.7071067811865474,0.7818314824680299,0.6234898018587335,0,,0,0,,,0,0,0,0,0,0,0,0,22,1,12,8,3,2025,33,-0.5000000000000004,0.8660254037844384,0.7818314824680298,0.6234898018587336,-0.8660254037844385,-0.5000000000000004,0,0,0,0,1,28659.22339483,105865.3776231438,108352.28386280812,95466.3747815538,94859.3745688614,104989.9666095072,93352.22904977037,32186.287612218868,112799.8473661854,28659.22339483,114717.0175752336,22364.33322173384,137539.41280175291,28659.22339483,112592.93069684764,17413.76532222898,138581.26654657663,28659.22339483,67330.33342924071,523.1820425169135,-9000.409785436495,2.3493425659743035,0.0054802755809473,0,0,0,2025-08-12 22:00:00+00:00,10926.0,67330.33342924071,-56404.33342924071,19.1,62.0,0.0,2025-08-12,56404.33342924071
2024-05-29 16:00:00+00:00,101225.15481856608,2024-05-29 12:00:00-04:00,2024,5,29,16,Wednesday,0,-0.7071067811865471,-0.707106781186548,0.9749279121818238,-0.2225209339563143,0,,0,0,,,0,0,0,0,0,0,0,0,16,2,29,5,2,2024,22,-0.8660254037844385,-0.5000000000000004,0.9749279121818236,-0.2225209339563143,0.4999999999999999,-0.8660254037844387,0,0,1,0,0,32986.35839792401,109185.72713154028,113114.6153597214,109128.2469641489,111640.8134009351,121407.520017346,99636.9224915284,33509.193097326155,123221.5864185611,32986.35839792401,112895.57224959011,20510.61276881484,134248.9416131643,32986.35839792401,117050.26183006416,14821.749182681517,144545.1509309586,32986.35839792401,68238.79642064207,-7903.092145582821,-20182.365198779924,2.0686974778318263,-0.0724202245105171,0,0,0,2024-05-29 16:00:00+00:00,11890.8,68238.79642064207,-56347.99642064207,16.8,59.0,0.0,2024-05-29,56347.99642064207
2025-07-04 13:00:00+00:00,119626.9366716422,2025-07-04 09:00:00-04:00,2025,7,4,13,Friday,0,1.2246467991473532e-16,-1.0,-0.433883739117558,-0.900968867902419,0,,0,0,,,0,0,0,0,1,0,0,0,13,4,4,7,3,2025,27,-0.2588190451025208,-0.9659258262890684,-0.433883739117558,-0.9009688679024191,-0.4999999999999997,-0.8660254037844388,0,0,1,0,0,60178.7803971696,53987.3827443156,64503.7521034618,34489.840308016,107952.104406237,111866.713250547,72017.1880270049,23835.63857727013,119626.9366716422,53987.3827443156,56995.79778860923,17948.843727210337,119626.9366716422,30918.245017592,104928.79192943654,29284.600665530044,145643.6027632714,30918.245017592,59448.1562744726,85137.09636362619,7760.223421095186,0.987859107182382,2.4684688477330803,0,0,0,2025-07-04 13:00:00+00:00,11718.0,59448.1562744726,-47730.1562744726,7.8,100.0,0.1,2025-07-04,47730.1562744726
2024-07-04 10:00:00+00:00,108137.7438385701,2024-07-04 06:00:00-04:00,2024,7,4,10,Thursday,0,0.7071067811865477,-0.7071067811865475,0.4338837391175582,-0.900968867902419,0,,0,0,,,0,0,0,0,1,0,0,0,10,3,4,7,3,2024,27,0.4999999999999999,-0.8660254037844387,0.4338837391175582,-0.900968867902419,-0.4999999999999997,-0.8660254037844388,0,1,0,0,0,141803.2166541166,143452.69136158488,143071.08596600252,131278.7937638772,130589.02344767647,132422.5141867788,135404.69956074742,13575.680597940302,143452.69136158488,108137.7438385701,120205.05850088756,13056.716775400377,143452.69136158488,106571.9317330928,114141.98568349743,14829.510722041316,147140.4311579218,85051.88589194449,-33665.47281554651,-23141.04992530712,-24284.77034820871,-0.2374097965468767,-0.1762740901392607,0,0,0,2024-07-04 10:00:00+00:00,10983.6,-33665.47281554651,44649.07281554651,8.4,73.7,0.0,2024-07-04,44649.07281554651
2024-11-28 10:00:00+00:00,102261.7086983306,2024-11-28 07:00:00-03:00,2024,11,28,10,Thursday,0,0.4999999999999999,-0.8660254037844386,0.4338837391175582,-0.900968867902419,0,,0,0,,,0,0,0,0,0,0,0,0,10,3,28,11,4,2024,48,0.4999999999999999,-0.8660254037844387,0.4338837391175582,-0.900968867902419,-0.5000000000000004,0.8660254037844384,0,1,0,0,0,134123.84584570592,138422.0392565792,140529.21861113262,121017.1988923958,120959.9466282381,123213.8422654302,131828.7979291187,14651.753506361702,140529.21861113262,102261.7086983306,114812.27776448196,14338.47214350287,140529.21861113262,98826.5603861791,113395.08173570051,15331.897699076277,144220.03276314543,86139.98539451341,-31862.13714737531,-18755.49019406519,-20952.13356709959,-0.2375575867696863,-0.1549820221069726,0,0,0,2024-11-28 10:00:00+00:00,12747.6,-31862.13714737531,44609.73714737531,8.6,91.6,0.0,2024-11-28,44609.73714737531
2025-04-11 22:00:00+00:00,102405.343383963,2025-04-11 18:00:00-04:00,2025,4,11,22,Friday,0,-0.7071067811865477,0.7071067811865474,-0.433883739117558,-0.900968867902419,0,,0,0,,,0,0,0,0,0,0,0,0,22,4,11,4,2,2025,15,-0.5000000000000004,0.8660254037844384,-0.433883739117558,-0.9009688679024191,0.8660254037844387,-0.4999999999999998,0,0,0,0,1,45594.425519435,98818.37839169949,99978.5023739412,100138.2843133335,106487.730935481,110782.7171911846,91126.2309658727,22337.66971855751,102405.343383963,45594.425519435,88654.23206192272,48630.25983595404,135267.5526790104,2913.7660325,111851.2496539382,24716.7479061546,143725.5511382821,2913.7660325,56810.917864528,2267.0590706295043,-8377.373807221593,1.2460057828848372,0.0226392841276954,0,0,0,2025-04-11 22:00:00+00:00,12636.0,56810.917864528,-44174.917864528,14.9,54.0,0.0,2025-04-11,44174.917864528
2025-05-13 20:00:00+00:00,92223.1168226304,2025-05-13 16:00:00-04:00,2025,5,13,20,Tuesday,0,-0.9659258262890684,0.2588190451025203,0.7818314824680299,0.6234898018587335,0,,0,0,,,0,0,0,0,0,0,0,0,20,1,13,5,2,2025,20,-0.8660254037844386,0.5000000000000001,0.7818314824680298,0.6234898018587336,0.4999999999999999,-0.8660254037844387,0,0,0,1,0,37981.984202862,111655.30346988812,114843.1644690193,96284.2070387178,117156.3163757678,105435.69210021022,98679.00569758266,31239.692265841128,118592.7812946353,37981.984202862,112614.99482842046,20340.2666143182,131234.6330178178,37981.984202862,118762.54836916452,14925.70566375077,148842.59681800002,37981.984202862,54241.1326197684,-4061.090216087396,-13212.575277579816,1.428075277217383,-0.0421781550784787,0,0,0,2025-05-13 20:00:00+00:00,10900.8,54241.1326197684,-43340.33261976841,15.1,80.0,0.0,2025-05-13,43340.33261976841
2024-04-30 12:00:00+00:00,106531.1325276201,2024-04-30 08:00:00-04:00,2024,4,30,12,Tuesday,0,0.258819045102521,-0.9659258262890684,0.7818314824680299,0.6234898018587335,0,,0,0,,,0,0,0,0,0,0,0,0,12,1,30,4,2,2024,18,1.2246467991473532e-16,-1.0,0.7818314824680298,0.6234898018587336,0.8660254037844387,-0.4999999999999998,0,0,1,0,0,137505.5031915341,140143.4064080243,139523.26320944328,117258.231637301,127254.3994031924,117561.97233515978,133997.50088829995,13503.7696712646,140935.7792918421,106531.1325276201,117828.4162599912,16155.284310496188,140935.7792918421,100563.0283742534,115703.41469667382,17510.35671544605,144605.5684330479,3253.89142759,-30974.37066391401,-10727.0991096809,-11030.839807539684,-0.2252591346890983,-0.0914826955847465,0,0,0,2024-04-30 12:00:00+00:00,11869.2,-30974.37066391401,42843.57066391401,11.4,98.3,0.0,2024-04-30,42843.57066391401
2025-09-06 11:00:00+00:00,104916.9802714037,2025-09-06 07:00:00-04:00,2025,9,6,11,Saturday,1,0.4999999999999999,-0.8660254037844386,-0.9749279121818236,-0.2225209339563146,0,,0,0,,,0,0,0,0,0,0,0,0,11,5,6,9,3,2025,36,0.258819045102521,-0.9659258262890682,-0.9749279121818236,-0.2225209339563146,-1.0,-1.8369701987210292e-16,1,1,0,0,0,136726.8208282115,140529.39612333718,142329.4724845105,117426.96949205433,119869.8693187908,125974.24249635587,134744.71017562808,14802.632635711478,143742.9741762651,104916.9802714037,120799.15096007152,12943.67915834287,143742.9741762651,104916.9802714037,115818.75242846242,13796.145535359472,143742.9741762651,88346.7680580548,-31809.840556807787,-12509.98922065062,-21057.262224952166,-0.2326525283343991,-0.1065342082382284,0,0,0,2025-09-06 11:00:00+00:00,11001.6,-31809.840556807787,42811.440556807785,8.0,100.0,0.0,2025-09-06,42811.440556807785
2024-08-10 08:00:00+00:00,112127.6605907289,2024-08-10 04:00:00-04:00,2024,8,10,8,Saturday,1,0.9659258262890684,-0.2588190451025207,-0.9749279121818236,-0.2225209339563146,0,,0,0,,,0,0,0,0,0,0,0,0,8,5,10,8,3,2024,32,0.8660254037844387,-0.4999999999999998,-0.9749279121818236,-0.2225209339563146,-0.8660254037844385,-0.5000000000000004,1,1,0,0,0,141377.2256010031,137501.5030002179,132657.408291298,134993.8912522198,137325.2775697157,119693.36066133362,128259.72879218544,11031.143660678066,141377.2256010031,112127.6605907289,111384.60500189656,13832.325869639712,141377.2256010031,96432.99026459247,111069.932737404,15588.742248317134,141377.2256010031,68387.1056210285,-29249.5650102742,-22866.23066149089,-7565.700070604711,-0.206890217897066,-0.1693871511472181,0,0,0,2024-08-10 08:00:00+00:00,11833.2,-29249.565010274197,41082.76501027419,9.9,65.7,0.0,2024-08-10,41082.76501027419
2025-06-26 12:00:00+00:00,96230.322048013,2025-06-26 08:00:00-04:00,2025,6,26,12,Thursday,0,0.258819045102521,-0.9659258262890684,0.4338837391175582,-0.900968867902419,0,,0,0,,,0,0,0,0,1,0,0,0,12,3,26,6,2,2025,26,1.2246467991473532e-16,-1.0,0.4338837391175582,-0.900968867902419,1.2246467991473532e-16,-1.0,0,0,1,0,0,125330.377570578,130213.9861201471,133471.21552934422,121142.4577875723,118271.9005383271,115968.1115786549,122696.5586529154,14966.928546463096,136066.09972011202,96230.322048013,112910.59479286162,14226.896891470406,136066.09972011202,85842.8262906951,118149.79783793051,14719.253547581951,148032.14795912258,85842.8262906951,-29100.055522565,-24912.135739559308,-19737.78953064191,-0.2321867697731758,-0.205643307842108,0,0,0,2025-06-26 12:00:00+00:00,11682.0,-29100.055522565,40782.055522565,6.3,95.1,0.0,2025-06-26,40782.055522565
2025-09-03 08:00:00+00:00,108133.33371586372,2025-09-03 04:00:00-04:00,2025,9,3,8,Wednesday,0,0.9659258262890684,-0.2588190451025207,0.9749279121818238,-0.2225209339563143,0,,0,0,,,0,0,0,0,0,0,0,0,8,2,3,9,3,2025,36,0.8660254037844387,-0.4999999999999998,0.9749279121818236,-0.2225209339563143,-1.0,-1.8369701987210292e-16,0,1,0,0,0,137910.6469713134,139246.47494325758,138850.333440385,135518.8105301465,131330.16454030582,139611.2461289099,131340.8653263021,11932.643682743152,139246.47494325758,108133.33371586372,120582.09931061255,10737.401854214608,139246.47494325758,106637.2435737646,115377.4097426524,13903.97772506596,139246.47494325758,81598.49735390331,-29777.313255449684,-27385.47681428278,-31477.912413046182,-0.215917435741155,-0.2020787867540411,0,0,0,2025-09-03 08:00:00+00:00,10983.6,-29777.313255449684,40760.91325544968,6.6,88.7,0.0,2025-09-03,40760.91325544968
2024-09-19 12:00:00+00:00,107480.7819535136,2024-09-19 09:00:00-03:00,2024,9,19,12,Thursday,0,1.2246467991473532e-16,-1.0,0.4338837391175582,-0.900968867902419,1,Glorias del Ejército (Fiestas Patrias),0,1,2024-09-19,2024-09-19,0,1,0,0,0,0,0,0,12,3,19,9,3,2024,38,1.2246467991473532e-16,-1.0,0.4338837391175582,-0.900968867902419,-1.0,-1.8369701987210292e-16,0,0,1,0,0,138763.91079118158,135470.38954962732,146301.0067470461,131051.9163856922,124523.55164549733,123825.04814342438,137436.641333193,15608.733007635508,148800.70556906532,107480.7819535136,126057.95822904869,20473.8262685663,148800.70556906532,42282.304350012,117940.0441155866,15968.289494450932,149657.565035131,42282.304350012,-31283.128837667988,-23571.1344321786,-16344.266189910792,-0.225441389330287,-0.179861043487587,0,0,1,2024-09-19 12:00:00+00:00,9252.0,-31283.128837667988,40535.12883766799,10.4,93.0,0.1,2024-09-19,40535.12883766799
2024-10-19 07:00:00+00:00,109700.5646912786,2024-10-19 04:00:00-03:00,2024,10,19,7,Saturday,1,0.9659258262890684,-0.2588190451025207,-0.9749279121818236,-0.2225209339563146,0,,0,0,,,0,0,0,0,0,0,0,0,7,5,19,10,4,2024,42,0.9659258262890684,-0.2588190451025206,-0.9749279121818236,-0.2225209339563146,-0.8660254037844386,0.5000000000000001,1,1,0,0,0,137906.7664702181,131896.10442881883,127274.345842617,129598.9477023754,132401.94329002246,135483.04190631802,124365.76707222394,10235.2837273322,137906.7664702181,109700.5646912786,114212.00481901193,11660.67388391047,137906.7664702181,99779.57621573831,113363.91832026024,14632.67545955528,141311.46352974468,84607.9439860676,-28206.201778939503,-19898.3830110968,-25782.477215039413,-0.204530948704615,-0.1535381526152012,0,0,0,2024-10-19 07:00:00+00:00,11257.2,-28206.201778939503,39463.4017789395,9.6,98.9,0.0,2024-10-19,39463.4017789395
2024-01-17 13:00:00+00:00,97626.46188605049,2024-01-17 10:00:00-03:00,2024,1,17,13,Wednesday,0,-0.2588190451025208,-0.9659258262890684,0.9749279121818238,-0.2225209339563143,0,,0,0,,,0,0,0,0,0,0,1,0,13,2,17,1,1,2024,3,-0.2588190451025208,-0.9659258262890684,0.9749279121818236,-0.2225209339563143,0.4999999999999999,0.8660254037844387,0,0,1,0,0,124239.4628384378,128730.9639790666,131737.508710479,116032.3559960189,104740.9284920488,115178.9691973684,125975.71095717268,14709.510799011625,137699.45169207218,97626.46188605049,114078.88353319252,15356.999259728573,137699.45169207218,94363.1192881279,115189.6925708691,16282.637874017371,148707.09735794,82337.2736093768,-26613.00095238732,-18405.894109968416,-17552.50731131791,-0.2142073085666437,-0.1586272548891443,0,0,0,2024-01-17 13:00:00+00:00,12740.4,-26613.00095238732,39353.40095238732,13.8,92.0,0.0,2024-01-17,39353.40095238732
2024-02-23 12:00:00+00:00,98974.63824913402,2024-02-23 09:00:00-03:00,2024,2,23,12,Friday,0,1.2246467991473532e-16,-1.0,-0.433883739117558,-0.900968867902419,0,,0,0,,,0,0,0,0,0,0,1,0,12,4,23,2,1,2024,8,1.2246467991473532e-16,-1.0,-0.433883739117558,-0.9009688679024191,0.8660254037844386,0.5000000000000001,0,0,1,0,0,125319.6449634892,134489.46080180063,140915.54999565758,126738.2742040343,116122.0622394011,130469.90547089408,131465.4179627807,17517.374872556513,144851.551377506,98974.63824913402,122999.08048599356,12618.566304563908,144851.551377506,98974.63824913402,116846.62313409612,14551.419794070334,144851.551377506,85207.77576779269,-26345.006714355182,-27763.63595490028,-31495.267221760063,-0.2102224812560758,-0.2190627585018553,0,0,0,2024-02-23 12:00:00+00:00,12531.6,-26345.006714355182,38876.60671435519,15.5,80.0,0.0,2024-02-23,38876.60671435519
2024-04-16 00:00:00+00:00,75934.13745819201,2024-04-15 20:00:00-04:00,2024,4,16,0,Tuesday,0,-0.2588190451025215,0.9659258262890682,0.0,1.0,0,,0,0,,,0,0,0,0,0,0,0,0,0,1,16,4,2,2024,16,0.0,1.0,0.7818314824680298,0.6234898018587336,0.8660254037844387,-0.4999999999999998,0,0,0,0,1,103495.63849981852,100336.8168361044,99521.5211956058,97014.1494233904,89738.7058316916,115750.6864297742,96821.90560586886,10331.873161596244,103495.63849981852,75934.13745819201,111142.44632165402,12900.559205155285,130589.3121743584,75934.13745819201,113293.96780763802,15974.31148344452,142190.1914015288,75934.13745819201,-27561.50104162652,-21080.011965198384,-39816.54897158219,-0.2663059182119529,-0.2172880151038662,0,0,0,2024-04-16 00:00:00+00:00,11289.6,-27561.501041626518,38851.10104162651,12.8,73.0,0.0,2024-04-16,38851.10104162651
2024-01-21 12:00:00+00:00,116764.454847658,2024-01-21 09:00:00-03:00,2024,1,21,12,Sunday,1,1.2246467991473532e-16,-1.0,-0.78183148246803,0.6234898018587333,0,,0,0,,,0,0,0,0,0,0,1,0,12,6,21,1,1,2024,3,1.2246467991473532e-16,-1.0,-0.7818314824680299,0.6234898018587334,0.4999999999999999,0.8660254037844387,1,0,1,0,0,142924.12891277912,147917.8588390093,148891.5011388805,124695.4621031476,116287.1868037042,126616.8445406002,140892.80073386058,12146.429944211728,148891.5011388805,116764.454847658,116495.42035640222,18719.9595839908,148891.5011388805,88635.2940011657,114015.63877497266,15933.142316544669,148891.5011388805,79311.1686212342,-26159.67406512113,-7931.007255489603,-9852.389692942204,-0.1830318943632347,-0.0636030142695096,0,0,0,2024-01-21 12:00:00+00:00,12618.0,-26159.67406512113,38777.67406512113,12.1,98.0,0.0,2024-01-21,38777.67406512113
2025-08-12 11:00:00+00:00,105588.6828034822,2025-08-12 07:00:00-04:00,2025,8,12,11,Tuesday,0,0.4999999999999999,-0.8660254037844386,0.7818314824680299,0.6234898018587335,0,,0,0,,,0,0,0,0,0,0,0,0,11,1,12,8,3,2025,33,0.258819045102521,-0.9659258262890682,0.7818314824680298,0.6234898018587336,-0.8660254037844385,-0.5000000000000004,0,1,0,0,0,132041.2873808946,135130.563034605,137539.41280175291,121372.5784307856,122918.4014796892,125701.27099368768,130502.66974669484,12354.460918337434,137539.41280175291,105588.6828034822,113214.78105637642,15697.758226749582,137539.41280175291,95458.318373116,112830.3924079823,16132.683347447,138581.26654657663,49619.2104477906,-26452.604577412392,-15783.895627303398,-20112.588190205483,-0.2003358578374471,-0.1300449890030505,0,0,0,2025-08-12 11:00:00+00:00,11728.8,-26452.604577412392,38181.4045774124,14.8,68.9,0.0,2025-08-12,38181.4045774124
2024-02-14 21:00:00+00:00,82295.51949121401,2024-02-14 18:00:00-03:00,2024,2,14,21,Wednesday,0,-0.7071067811865477,0.7071067811865474,0.9749279121818238,-0.2225209339563143,0,,0,0,,,0,0,0,0,0,0,1,0,21,2,14,2,1,2024,7,-0.7071067811865477,0.7071067811865474,0.9749279121818236,-0.2225209339563143,0.8660254037844386,0.5000000000000001,0,0,0,1,0,106981.7772622118,110626.70839709647,106456.097152361,99773.2517217326,85009.3872013788,99538.5303542507,103166.68487749732,10374.683110175729,110626.70839709647,82295.51949121401,117342.32733979129,15684.76110293213,140268.53530701442,82295.51949121401,113423.3348997413,15030.092423030355,143776.7983526794,82295.51949121401,-24686.257770997792,-17477.73223051858,-17243.01086303669,-0.2307519878875437,-0.1751745275303239,0,0,0,2024-02-14 21:00:00+00:00,12744.0,-24686.257770997792,37430.25777099779,20.4,71.0,0.0,2024-02-14,37430.25777099779
2024-08-19 11:00:00+00:00,97440.7653374257,2024-08-19 07:00:00-04:00,2024,8,19,11,Monday,0,0.4999999999999999,-0.8660254037844386,0.0,1.0,0,,0,0,,,0,0,0,0,0,0,0,0,11,0,19,8,3,2024,34,0.258819045102521,-0.9659258262890682,0.0,1.0,-0.8660254037844385,-0.5000000000000004,0,1,0,0,0,123464.17531107127,128261.0105057396,131771.6133767182,136811.33697853843,124247.6223259763,120350.5319137944,124241.96208327358,13582.88737804113,133313.43019777563,97440.7653374257,118260.57864738548,10591.667243934278,133313.43019777563,97440.7653374257,116868.28842531692,13685.96576976185,144944.9716601147,93068.8297045815,-26023.40997364557,-39370.57164111272,-22909.766576368696,-0.2107770121015176,-0.2877727278353311,0,0,0,2024-08-19 11:00:00+00:00,10850.4,-26023.40997364557,36873.80997364557,4.8,86.6,0.0,2024-08-19,36873.80997364557
2024-03-02 10:00:00+00:00,104134.064258399,2024-03-02 07:00:00-03:00,2024,3,2,10,Saturday,1,0.4999999999999999,-0.8660254037844386,-0.9749279121818236,-0.2225209339563146,0,,0,0,,,0,0,0,0,0,0,1,0,10,5,2,3,1,2024,9,0.4999999999999999,-0.8660254037844387,-0.9749279121818236,-0.2225209339563146,1.0,6.123233995736766e-17,1,1,0,0,0,129045.7231775022,141615.7954222805,137208.32057447569,129066.76317065571,131576.54005098992,129195.9391701872,129050.3306094375,13101.88337079433,141615.7954222805,104134.064258399,112998.57237119989,13853.738876524689,141615.7954222805,96837.43132776512,115012.7727983844,14314.899045034846,144811.93252426904,87912.9084424803,-24911.6589191032,-24932.69891225672,-25061.8749117882,-0.1930452114622756,-0.1931767582897388,0,0,0,2024-03-02 10:00:00+00:00,11901.6,-24911.6589191032,36813.2589191032,13.6,98.3,0.0,2024-03-02,36813.2589191032
2025-03-04 08:00:00+00:00,104296.74583804332,2025-03-04 05:00:00-03:00,2025,3,4,8,Tuesday,0,0.8660254037844387,-0.4999999999999997,0.7818314824680299,0.6234898018587335,0,,0,0,,,0,0,0,0,0,1,1,0,8,1,4,3,1,2025,10,0.8660254037844387,-0.4999999999999998,0.7818314824680298,0.6234898018587336,1.0,6.123233995736766e-17,0,1,0,0,0,127324.06639241731,126175.4794721038,123427.26253967592,129412.5623292652,140539.5383243069,134928.80644777618,118391.03540874676,9111.82685651722,127324.06639241731,104296.74583804332,103121.05400471088,15493.208518098749,127497.2815274208,83463.69730818349,107124.06658349364,22377.94732810823,142552.76669303302,9032.5477305213,-23027.32055437399,-25115.81649122188,-30632.060609732856,-0.1808559937396514,-0.1940755676200858,0,0,0,2025-03-04 08:00:00+00:00,13435.2,-23027.32055437399,36462.52055437399,14.7,74.4,0.0,2025-03-04,36462.52055437399
2024-08-20 11:00:00+00:00,98887.25565148258,2024-08-20 07:00:00-04:00,2024,8,20,11,Tuesday,0,0.4999999999999999,-0.8660254037844386,0.7818314824680299,0.6234898018587335,0,,0,0,,,0,0,0,0,0,0,0,0,11,1,20,8,3,2024,34,0.258819045102521,-0.9659258262890682,0.7818314824680298,0.6234898018587336,-0.8660254037844385,-0.5000000000000004,0,1,0,0,0,123476.9831925062,130447.63240418262,132245.5080507654,97440.7653374257,136811.33697853843,117877.2058471994,125253.78163366986,13427.9336435097,133307.2610980956,98887.25565148258,110555.36198381084,14444.107650806724,133307.2610980956,94653.5414011153,116382.48900028656,14042.441220951316,144944.9716601147,93068.8297045815,-24589.72754102361,1446.4903140568786,-18989.95019571681,-0.1991442202850641,0.0148448168387005,0,0,0,2024-08-20 11:00:00+00:00,10850.4,-24589.727541023614,35440.12754102362,5.4,71.9,0.0,2024-08-20,35440.12754102362
2025-01-28 10:00:00+00:00,96695.634157678,2025-01-28 07:00:00-03:00,2025,1,28,10,Tuesday,0,0.4999999999999999,-0.8660254037844386,0.7818314824680299,0.6234898018587335,0,,0,0,,,0,0,0,0,0,0,1,0,10,1,28,1,1,2025,5,0.4999999999999999,-0.8660254037844387,0.7818314824680298,0.6234898018587336,0.4999999999999999,0.8660254037844387,0,1,0,0,0,118944.3816201727,119107.38076685392,124167.9761018356,125017.67778382127,137058.9824882791,133375.8720548688,116485.62848924524,9884.158213065131,124167.9761018356,96695.634157678,99993.27858240898,14997.02102384738,124167.9761018356,78959.67042949621,110398.63055137548,14743.64244464396,139968.90981235408,78959.67042949621,-22248.747462494703,-28322.04362614328,-36680.23789719082,-0.1870516888602779,-0.2265443105983566,0,0,0,2025-01-28 10:00:00+00:00,13186.8,-22248.747462494703,35435.54746249471,13.4,90.2,0.0,2025-01-28,35435.54746249471
2024-11-29 12:00:00+00:00,94549.4714641382,2024-11-29 09:00:00-03:00,2024,11,29,12,Friday,0,1.2246467991473532e-16,-1.0,-0.433883739117558,-0.900968867902419,0,,0,0,,,0,0,0,0,0,0,0,0,12,4,29,11,4,2024,48,1.2246467991473532e-16,-1.0,-0.433883739117558,-0.9009688679024191,-0.5000000000000004,0.8660254037844384,0,0,1,0,0,117144.7333665825,123077.3698444458,128726.87550289893,122142.277623082,113603.03752464207,119070.28314303212,121300.70817490538,14373.3850699391,133917.2125439921,94549.4714641382,115001.62247671692,11598.33496100418,133917.2125439921,94549.4714641382,113530.85571765514,14971.585193212077,144220.03276314543,86139.98539451341,-22595.261902444297,-27592.8061589438,-24520.81167889392,-0.1928832927702917,-0.2259070871765814,0,0,0,2024-11-29 12:00:00+00:00,12679.2,-22595.261902444297,35274.461902444295,16.1,63.0,0.0,2024-11-29,35274.461902444295
2025-08-19 09:00:00+00:00,114305.62926847878,2025-08-19 05:00:00-04:00,2025,8,19,9,Tuesday,0,0.8660254037844387,-0.4999999999999997,0.7818314824680299,0.6234898018587335,0,,0,0,,,0,0,0,0,0,0,0,0,9,1,19,8,3,2025,34,0.7071067811865476,-0.7071067811865475,0.7818314824680298,0.6234898018587336,-0.8660254037844385,-0.5000000000000004,0,1,0,0,0,138185.6108286061,140356.09283290862,141603.7866201062,129691.43339101793,139347.6805004152,135130.563034605,135026.93929254625,10350.60954004732,141603.7866201062,114305.62926847878,120171.31407231244,11841.619376119934,141603.7866201062,107033.33328489352,117515.74858707529,15644.178866100296,147643.20060979528,28659.22339483,-23879.981560127315,-15385.80412253915,-20824.933766126225,-0.1728109129230977,-0.1186339276253595,0,0,0,2025-08-19 09:00:00+00:00,11332.8,-23879.981560127315,35212.78156012732,8.7,88.5,0.0,2025-08-19,35212.78156012732
2024-12-11 12:00:00+00:00,105524.43302690928,2024-12-11 09:00:00-03:00,2024,12,11,12,Wednesday,0,1.2246467991473532e-16,-1.0,0.9749279121818238,-0.2225209339563143,0,,0,0,,,0,0,0,0,0,0,1,0,12,2,11,12,4,2024,50,1.2246467991473532e-16,-1.0,0.9749279121818236,-0.2225209339563143,-2.4492935982947064e-16,1.0,0,0,1,0,0,127831.9039270446,132123.5060038859,136449.4015634904,117066.6862878645,116568.158046772,118468.2362397862,130466.28927302416,13174.254741567467,141301.55629781628,105524.43302690928,116831.84495375903,15031.70808434856,141301.55629781628,99084.1222636044,114953.73161669869,13843.659927393595,141982.06763133072,92940.1700128286,-22307.47090013532,-11542.253260955227,-12943.803212876926,-0.1745062868880251,-0.0985955409429892,0,0,0,2024-12-11 12:00:00+00:00,12801.6,-22307.47090013532,35109.07090013532,14.4,69.0,0.0,2024-12-11,35109.07090013532
2024-02-14 15:00:00+00:00,99051.6678732986,2024-02-14 12:00:00-03:00,2024,2,14,15,Wednesday,0,-0.7071067811865471,-0.707106781186548,0.9749279121818238,-0.2225209339563143,0,,0,0,,,0,0,0,0,0,0,1,0,15,2,14,2,1,2024,7,-0.7071067811865471,-0.7071067811865479,0.9749279121818236,-0.2225209339563143,0.8660254037844386,0.5000000000000001,0,0,1,0,0,121253.1042158922,125687.83777504652,130038.5125509147,110274.8340062303,98791.8524338521,106909.9188234342,124732.53008588769,13913.977988137623,137784.01424704952,99051.6678732986,117522.99683876777,14846.25056634028,140268.53530701442,99051.6678732986,113445.38474751396,14914.999317482225,143776.7983526794,84292.8455861691,-22201.436342593603,-11223.1661329317,-7858.250950135596,-0.1830999419451048,-0.1017745003569682,0,0,0,2024-02-14 15:00:00+00:00,12711.6,-22201.436342593603,34913.0363425936,16.5,91.0,0.0,2024-02-14,34913.0363425936
2025-06-25 15:00:00+00:00,89235.5318080681,2025-06-25 11:00:00-04:00,2025,6,25,15,Wednesday,0,-0.4999999999999997,-0.8660254037844387,0.9749279121818238,-0.2225209339563143,0,,0,0,,,0,0,0,0,1,0,0,0,15,2,25,6,2,2025,26,-0.7071067811865471,-0.7071067811865479,0.9749279121818236,-0.2225209339563143,1.2246467991473532e-16,-1.0,0,0,1,0,0,112320.2476149291,115124.5482325429,121142.4577875723,108198.600559484,110657.01033794988,107624.91929060448,114914.1447201715,13741.472223547184,126474.2404087402,89235.5318080681,115291.4969177806,13663.093077332624,135301.70060272247,89235.5318080681,118112.68749884136,14590.429840639625,148032.14795912258,89235.5318080681,-23084.715806861,-18963.068751415893,-18389.38748253637,-0.2055258628524665,-0.1752616822524486,0,0,0,2025-06-25 15:00:00+00:00,11667.6,-23084.715806861,34752.315806861,9.5,85.0,0.0,2025-06-25,34752.315806861
2024-01-26 15:00:00+00:00,94778.75368750902,2024-01-26 12:00:00-03:00,2024,1,26,15,Friday,0,-0.7071067811865471,-0.707106781186548,-0.433883739117558,-0.900968867902419,0,,0,0,,,0,0,0,0,0,0,1,0,15,4,26,1,1,2024,4,-0.7071067811865471,-0.7071067811865479,-0.433883739117558,-0.9009688679024191,0.4999999999999999,0.8660254037844387,0,0,1,0,0,117547.5991706999,124636.85565800488,130155.25327927092,129095.1352259177,112249.3397055402,104016.073677321,123166.31911394386,15599.512424166996,136932.8293037234,94778.75368750902,126065.14233265108,10913.693177486995,142789.499091459,94778.75368750902,120839.23560670142,15352.6284187221,148891.5011388805,88635.2940011657,-22768.84548319089,-34316.38153840868,-9237.319989811978,-0.193698941057286,-0.2658224221877509,0,0,0,2024-01-26 15:00:00+00:00,11836.8,-22768.84548319089,34605.64548319089,15.5,98.0,0.0,2024-01-26,34605.64548319089
2024-02-02 16:00:00+00:00,71721.447094674,2024-02-02 13:00:00-03:00,2024,2,2,16,Friday,0,-0.8660254037844383,-0.5000000000000003,-0.433883739117558,-0.900968867902419,0,,0,0,,,0,0,0,0,0,0,1,0,16,4,2,2,1,2024,5,-0.8660254037844385,-0.5000000000000004,-0.433883739117558,-0.9009688679024191,0.8660254037844386,0.5000000000000001,0,0,1,0,0,23607.001287888903,98803.5226940429,106959.9437023164,113579.59994547542,111951.4238741074,110744.0984875214,90127.79516579496,37166.75501803213,122928.92238884048,23607.001287888903,112643.59170782423,24355.5212934082,138144.612660848,23607.001287888903,116847.4645038587,18140.362227373145,147051.3302657383,23607.001287888903,48114.4458067851,-41858.152850801416,-39022.6513928474,2.038143058494653,-0.368535836284823,0,0,0,2024-02-02 16:00:00+00:00,13651.2,48114.4458067851,-34463.2458067851,32.5,28.0,0.0,2024-02-02,34463.2458067851
2025-02-26 22:00:00+00:00,65623.4710839082,2025-02-26 19:00:00-03:00,2025,2,26,22,Wednesday,0,-0.5000000000000003,0.8660254037844383,0.9749279121818238,-0.2225209339563143,0,,0,0,,,0,0,0,1,0,0,1,0,22,2,26,2,1,2025,9,-0.5000000000000004,0.8660254037844384,0.9749279121818236,-0.2225209339563143,0.8660254037844386,0.5000000000000001,0,0,0,0,1,87016.9662764502,80827.3597202594,89209.95534525519,77978.5101755823,92862.0138773963,96737.40513780688,84965.11473253381,10607.859113494353,94440.12835362728,65623.4710839082,106933.94121855228,17761.19918596183,132253.187401869,65623.4710839082,105945.83539721822,22519.517574364698,142109.97754187038,9032.5477305213,-21393.495192542003,-12355.039091674102,-31113.934053898687,-0.2458542983971141,-0.1584415894052677,0,0,1,2025-02-26 22:00:00+00:00,12805.2,-21393.495192542003,34198.695192542,18.4,70.0,0.0,2025-02-26,34198.695192542
2025-08-21 07:00:00+00:00,113850.185431888,2025-08-21 03:00:00-04:00,2025,8,21,7,Thursday,0,1.0,6.123233995736766e-17,0.4338837391175582,-0.900968867902419,0,,0,0,,,0,0,0,0,0,0,0,0,7,3,21,8,3,2025,34,0.9659258262890684,-0.2588190451025206,0.4338837391175582,-0.900968867902419,-0.8660254037844385,-0.5000000000000004,0,1,0,0,0,137047.6076652954,133530.9361928441,131771.2308748573,136275.1963286701,140356.09283290862,137003.96491334023,126960.6063567509,8911.897291345289,137047.6076652954,113850.185431888,116703.36083732908,10457.228650694911,137047.6076652954,103131.6221709097,118110.43537831082,13867.736837217915,147643.20060979528,86555.6707905275,-23197.422233407386,-22425.0108967821,-23153.77948145222,-0.1692654299377578,-0.1645568049133254,0,0,0,2025-08-21 07:00:00+00:00,10922.4,-23197.422233407386,34119.82223340739,10.5,99.4,0.0,2025-08-21,34119.82223340739
2025-06-12 06:00:00+00:00,117258.5802802021,2025-06-12 02:00:00-04:00,2025,6,12,6,Thursday,0,0.9659258262890684,0.2588190451025208,0.4338837391175582,-0.900968867902419,0,,0,0,,,0,0,0,0,0,0,0,0,6,3,12,6,2,2025,24,1.0,6.123233995736766e-17,0.4338837391175582,-0.900968867902419,1.2246467991473532e-16,-1.0,0,1,0,0,0,141240.53267891,137855.7656633459,130533.66777440412,140649.81474650998,135308.3651987168,135864.67882834308,128892.62878523135,9624.72758675442,141240.53267891,117258.5802802021,125752.08196631496,8996.484272361642,141240.53267891,114356.3604267951,116576.59491703533,15065.292819907698,145508.4558117282,85682.0667304503,-23981.9523987079,-23391.23446630787,-18606.098548140973,-0.1697951143615934,-0.1663083204799478,0,0,0,2025-06-12 06:00:00+00:00,10015.2,-23981.9523987079,33997.1523987079,11.3,100.0,2.8,2025-06-12,33997.1523987079
2024-04-27 10:00:00+00:00,116268.3093360254,2024-04-27 06:00:00-04:00,2024,4,27,10,Saturday,1,0.7071067811865477,-0.7071067811865475,-0.9749279121818236,-0.2225209339563146,0,,0,0,,,0,0,0,0,0,0,0,0,10,5,27,4,2,2024,17,0.4999999999999999,-0.8660254037844387,-0.9749279121818236,-0.2225209339563146,0.8660254037844387,-0.4999999999999998,1,1,0,0,0,138191.5074386799,141422.6570786809,141209.6734777219,128179.1573348508,131246.3440987675,139565.52147048918,134538.14175722998,9547.232734303669,141422.6570786809,116268.3093360254,115245.13209066236,14398.407063454317,141422.6570786809,98924.8606850235,118355.34958414636,16339.466096710545,145656.5135400743,3253.89142759,-21923.198102654496,-11910.847998825397,-23297.212134463785,-0.158643599082111,-0.09292343815079,0,0,0,2024-04-27 10:00:00+00:00,11833.2,-21923.198102654496,33756.39810265449,10.8,73.0,0.0,2024-04-27,33756.39810265449
2024-02-02 22:00:00+00:00,65899.1707590191,2024-02-02 19:00:00-03:00,2024,2,2,22,Friday,0,-0.5000000000000003,0.8660254037844383,-0.433883739117558,-0.900968867902419,0,,0,0,,,0,0,0,0,0,0,1,0,22,4,2,2,1,2024,5,-0.5000000000000004,0.8660254037844384,-0.433883739117558,-0.9009688679024191,0.8660254037844386,0.5000000000000001,0,0,0,0,1,18734.85412068,949.92763933,1006.79826988,104832.7882683538,102410.638458049,93837.42905887812,14821.874532918184,26000.89255428986,65899.1707590191,949.92763933,89092.83304334818,51495.25594617758,138144.612660848,949.92763933,113816.06486114538,26508.19758150343,147051.3302657383,949.92763933,47164.31663833911,-38933.6175093347,-27938.258299859008,2.517463778182183,-0.3713877895689598,0,0,0,2024-02-02 22:00:00+00:00,13687.2,47164.31663833911,-33477.11663833911,25.6,35.0,0.0,2024-02-02,33477.11663833911
2024-11-09 13:00:00+00:00,92668.6628840704,2024-11-09 10:00:00-03:00,2024,11,9,13,Saturday,1,-0.2588190451025208,-0.9659258262890684,-0.9749279121818236,-0.2225209339563146,0,,0,0,,,0,0,0,0,0,0,0,0,13,5,9,11,4,2024,45,-0.2588190451025208,-0.9659258262890684,-0.9749279121818236,-0.2225209339563146,-0.5000000000000004,0.8660254037844384,1,0,1,0,0,112959.5564802894,117566.7810754697,124302.7504173474,104353.49952629671,110084.6883988344,106332.9088926297,118247.48966554303,14462.346027108362,131860.41817751282,92668.6628840704,103201.48779372264,17251.03403377859,132312.48042669077,81811.6021315487,108232.3909808774,15004.397240607048,144503.1799935561,81811.6021315487,-20290.893596218983,-11684.836642226306,-13664.24600855929,-0.1796297208351698,-0.1119735964320177,0,0,0,2024-11-09 13:00:00+00:00,13053.6,-20290.893596218983,33344.493596218985,18.8,60.0,0.0,2024-11-09,33344.493596218985
2025-06-25 18:00:00+00:00,85842.8262906951,2025-06-25 14:00:00-04:00,2025,6,25,18,Wednesday,0,-0.9659258262890684,-0.2588190451025207,0.9749279121818238,-0.2225209339563143,0,,0,0,,,0,0,0,0,1,0,0,0,18,2,25,6,2,2025,26,-1.0,-1.8369701987210292e-16,0.9749279121818236,-0.2225209339563143,1.2246467991473532e-16,-1.0,0,0,0,1,0,106909.5805841688,108399.4770466904,89235.5318080681,100309.495907033,104604.986703551,101883.0719841292,102972.03526284908,12346.135916208412,115124.5482325429,85842.8262906951,115039.76683624396,14382.980738051812,135301.70060272247,85842.8262906951,118081.14721378576,14688.219991282998,148032.14795912258,85842.8262906951,-21066.7542934737,-14466.669616337897,-16040.245693434104,-0.1970520712770738,-0.1442203401136182,0,0,0,2025-06-25 18:00:00+00:00,11714.4,-21066.7542934737,32781.1542934737,11.7,76.0,0.0,2025-06-25,32781.1542934737
2025-08-25 10:00:00+00:00,105260.89380072452,2025-08-25 06:00:00-04:00,2025,8,25,10,Monday,0,0.7071067811865477,-0.7071067811865475,0.0,1.0,0,,0,0,,,0,0,0,0,0,0,0,0,10,0,25,8,3,2025,35,0.4999999999999999,-0.8660254037844387,0.0,1.0,-0.8660254037844385,-0.5000000000000004,0,1,0,0,0,126005.7696298407,131194.63111011582,132580.02616398872,134224.553947037,133544.3184618927,126652.390265738,126623.93584944207,10786.097949220211,133569.687959211,105260.89380072452,110146.82366498992,14570.87184689408,133569.687959211,91532.69004338628,117440.93909060718,12905.750550878498,142952.1707965722,91532.69004338628,-20744.87582911618,-28963.660146312483,-21391.49646501348,-0.1646343329361592,-0.2157851100607204,0,0,0,2025-08-25 10:00:00+00:00,11764.8,-20744.87582911618,32509.67582911618,8.1,70.7,0.0,2025-08-25,32509.67582911618
2024-01-18 22:00:00+00:00,79311.1686212342,2024-01-18 19:00:00-03:00,2024,1,18,22,Thursday,0,-0.5000000000000003,0.8660254037844383,0.4338837391175582,-0.900968867902419,0,,0,0,,,0,0,0,0,0,0,1,0,22,3,18,1,1,2024,3,-0.5000000000000004,0.8660254037844384,0.4338837391175582,-0.900968867902419,0.4999999999999999,0.8660254037844387,0,0,0,0,1,98961.12742538269,101442.9278461778,104686.9237388768,103194.4928111302,98468.44446977798,102683.5947944328,100236.37105034987,10963.241954714556,109805.8907945544,79311.1686212342,118986.17362656462,16717.989461499983,144747.1910711051,79311.1686212342,116021.3673993781,16533.065856757305,148707.09735794,79311.1686212342,-19649.95880414848,-23883.324189896,-23372.426173198604,-0.1985623983413555,-0.231439910592981,0,0,0,2024-01-18 22:00:00+00:00,12772.8,-19649.95880414848,32422.75880414848,22.6,46.0,0.0,2024-01-18,32422.75880414848
2024-04-16 11:00:00+00:00,103852.95001001192,2024-04-16 07:00:00-04:00,2024,4,16,11,Tuesday,0,0.4999999999999999,-0.8660254037844386,0.7818314824680299,0.6234898018587335,0,,0,0,,,0,0,0,0,0,0,0,0,11,1,16,4,2,2024,16,0.258819045102521,-0.9659258262890682,0.7818314824680298,0.6234898018587336,0.8660254037844387,-0.4999999999999998,0,1,0,0,0,124412.20838363782,128890.483989868,133898.047037472,118972.29452868082,115765.5697945085,126989.8567219943,127032.6585433976,12170.359764942808,135686.3301000879,103852.95001001192,112875.68566070842,14975.132640631497,135686.3301000879,75934.13745819201,112753.8759346985,15539.110443035432,140546.49741456227,75934.13745819201,-20559.258373625897,-15119.344518668906,-23136.90671198239,-0.1652511328327949,-0.1270829026082544,0,0,0,2024-04-16 11:00:00+00:00,11682.0,-20559.258373625897,32241.258373625897,10.5,92.2,0.0,2024-04-16,32241.258373625897
2024-02-03 14:00:00+00:00,63223.779242963,2024-02-03 11:00:00-03:00,2024,2,3,14,Saturday,1,-0.4999999999999997,-0.8660254037844387,-0.9749279121818236,-0.2225209339563146,0,,0,0,,,0,0,0,0,0,0,1,0,14,5,3,2,1,2024,5,-0.4999999999999997,-0.8660254037844388,-0.9749279121818236,-0.2225209339563146,0.8660254037844386,0.5000000000000001,1,0,1,0,0,82219.65656024999,93698.22826921708,94341.120265969,98803.5226940429,122494.380320762,104708.9597277055,89794.4701795387,15086.63650819112,104718.46295376102,63223.779242963,67420.45564379849,37882.85043902051,106059.38229583298,949.92763933,111354.79285215892,27400.20499091389,147051.3302657383,949.92763933,-18995.87731728699,-35579.7434510799,-41485.1804847425,-0.2310381496591018,-0.3601060213334386,0,0,0,2024-02-03 14:00:00+00:00,13014.0,-18995.87731728699,32009.87731728699,29.2,33.0,0.0,2024-02-03,32009.87731728699
2025-06-26 07:00:00+00:00,114867.3509292981,2025-06-26 03:00:00-04:00,2025,6,26,7,Thursday,0,1.0,6.123233995736766e-17,0.4338837391175582,-0.900968867902419,0,,0,0,,,0,0,0,0,1,0,0,0,7,3,26,6,2,2025,26,0.9659258262890684,-0.2588190451025206,0.4338837391175582,-0.900968867902419,1.2246467991473532e-16,-1.0,0,1,0,0,0,136032.0045447627,129822.0002314184,124346.849160682,135301.70060272247,138503.0241068384,129580.9148486994,120429.54162979568,13565.22291829733,136032.0045447627,97145.7794701689,113658.28121918355,13481.068774627583,136032.0045447627,85842.8262906951,118202.358524696,14563.5320805567,148032.14795912258,85842.8262906951,-21164.653615464587,-20434.349673424367,-14713.563919401293,-0.1555858394228113,-0.1510280327770927,0,0,0,2025-06-26 07:00:00+00:00,10828.8,-21164.653615464587,31993.453615464587,8.0,92.8,0.0,2025-06-26,31993.453615464587
2024-12-05 12:00:00+00:00,100431.8886187198,2024-12-05 09:00:00-03:00,2024,12,5,12,Thursday,0,1.2246467991473532e-16,-1.0,0.4338837391175582,-0.900968867902419,0,,0,0,,,0,0,0,0,0,0,1,0,12,3,5,12,4,2024,49,1.2246467991473532e-16,-1.0,0.4338837391175582,-0.900968867902419,-2.4492935982947064e-16,1.0,0,0,1,0,0,119486.274309,126584.98813196128,129882.21915052849,118468.2362397862,124183.98465909748,122142.277623082,123164.43762567954,11996.990372639204,131542.7906243628,100431.8886187198,113316.56818271888,11543.041309336078,131560.12862336892,99267.2030911608,115633.26165681932,13213.703444860854,141339.2228630773,94549.4714641382,-19054.385690280207,-18036.34762106641,-21710.38900436221,-0.1594692428103015,-0.1522462745588603,0,0,0,2024-12-05 12:00:00+00:00,12780.0,-19054.385690280207,31834.385690280207,13.3,60.0,0.0,2024-12-05,31834.385690280207
2024-10-01 12:00:00+00:00,98945.9779612214,2024-10-01 09:00:00-03:00,2024,10,1,12,Tuesday,0,1.2246467991473532e-16,-1.0,0.7818314824680299,0.6234898018587335,0,,0,0,,,0,0,0,0,0,0,0,0,12,1,1,10,4,2024,40,1.2246467991473532e-16,-1.0,0.7818314824680298,0.6234898018587336,-0.8660254037844386,0.5000000000000001,0,0,1,0,0,119443.46454615888,125754.3375962866,131373.693546753,126522.3431244184,129598.4156912595,115144.7723316624,124752.4672789084,14253.328193806865,137145.08527402798,98945.9779612214,118492.021002574,11573.001099621622,138619.274227026,98945.9779612214,117232.60160802797,13619.684445088214,146509.9655769158,91703.0680158898,-20497.48658493748,-27576.365163197,-16198.794370441,-0.1716082722719101,-0.2179564848564272,0,0,0,2024-10-01 12:00:00+00:00,11250.0,-20497.48658493748,31747.48658493748,11.2,84.0,0.0,2024-10-01,31747.48658493748
2024-07-12 10:00:00+00:00,119035.8268049724,2024-07-12 06:00:00-04:00,2024,7,12,10,Friday,0,0.7071067811865477,-0.7071067811865475,-0.433883739117558,-0.900968867902419,0,,0,0,,,0,0,0,0,0,0,0,0,10,4,12,7,3,2024,28,0.4999999999999999,-0.8660254037844387,-0.433883739117558,-0.9009688679024191,-0.4999999999999997,-0.8660254037844388,0,1,0,0,0,139724.54318600128,142140.5766342935,142566.7485223383,134928.4313794741,129631.032317706,131910.4197695869,137614.97138610468,9156.504135560152,142566.7485223383,119035.8268049724,122408.00603168477,12546.838151741482,142566.7485223383,107233.76491301478,118819.38002448557,13880.232850925706,145522.50070878703,98134.5082868328,-20688.71638102888,-15892.604574501687,-12874.592964614509,-0.1480678763321349,-0.1177854393771552,0,0,0,2024-07-12 10:00:00+00:00,11055.6,-20688.71638102888,31744.316381028875,5.8,97.1,0.0,2024-07-12,31744.316381028875
2025-09-29 21:00:00+00:00,84662.10347671901,2025-09-29 18:00:00-03:00,2025,9,29,21,Monday,0,-0.7071067811865477,0.7071067811865474,0.0,1.0,0,,0,0,,,0,0,0,0,0,0,0,0,21,0,29,9,3,2025,40,-0.7071067811865477,0.7071067811865474,0.0,1.0,-1.0,-1.8369701987210292e-16,0,0,0,1,0,104410.39877097,105190.5134442693,106495.441160477,96003.851386431,92693.38278508728,92247.3605392326,102256.78600866382,8664.09448551174,106817.285039936,84662.10347671901,115213.8396656746,13498.553820091762,134591.4799234982,84662.10347671901,115993.7109586383,13998.878357135343,142967.1414982459,84662.10347671901,-19748.295294250987,-11341.74790971198,-7585.257062513585,-0.1891410771983542,-0.1181384678418745,0,0,0,2025-09-29 21:00:00+00:00,11887.2,-19748.295294250987,31635.495294250988,12.2,80.0,0.0,2025-09-29,31635.495294250988
2024-10-21 12:00:00+00:00,99280.7703097906,2024-10-21 09:00:00-03:00,2024,10,21,12,Monday,0,1.2246467991473532e-16,-1.0,0.0,1.0,0,,0,0,,,0,0,0,0,0,0,0,0,12,0,21,10,4,2024,43,1.2246467991473532e-16,-1.0,0.0,1.0,-0.8660254037844386,0.5000000000000001,0,0,1,0,0,118202.3532529558,122723.4062483983,123896.8675099537,116815.3165566597,129734.1947587264,117905.2771364452,120907.42914887297,11661.059887784557,131670.26214374957,99280.7703097906,106695.42257939107,15911.383852312154,131670.26214374957,79226.1412708535,114287.14940324808,14308.122538397183,143069.71091306364,79226.1412708535,-18921.582943165195,-17534.546246869097,-18624.5068266546,-0.1600778869661974,-0.1501048557991469,0,0,0,2024-10-21 12:00:00+00:00,12657.6,-18921.582943165195,31579.182943165197,13.3,75.0,0.0,2024-10-21,31579.182943165197
2024-01-14 01:00:00+00:00,83348.2167169996,2024-01-13 22:00:00-03:00,2024,1,14,1,Sunday,1,0.2588190451025208,0.9659258262890684,-0.78183148246803,0.6234898018587333,0,,0,0,,,0,0,0,0,0,0,1,0,1,6,14,1,1,2024,2,0.2588190451025207,0.9659258262890684,-0.7818314824680299,0.6234898018587334,0.4999999999999999,0.8660254037844387,1,0,0,0,1,102751.8589573724,100173.6968742888,98908.54014439348,114872.355457202,114773.4966634629,110336.5006071056,97917.17747522616,7336.875979591348,102950.4359918083,83348.2167169996,120195.6811797228,19074.51436330322,148707.09735794,83348.2167169996,116124.49994925414,16426.906894133877,148707.09735794,83348.2167169996,-19403.642240372807,-31524.1387402024,-26988.283890106,-0.1888398169849422,-0.2744275471216166,0,0,0,2024-01-14 01:00:00+00:00,11880.0,-19403.642240372807,31283.642240372807,13.4,79.2,0.0,2024-01-14,31283.642240372807
2024-05-09 09:00:00+00:00,120248.5845457166,2024-05-09 05:00:00-04:00,2024,5,9,9,Thursday,0,0.8660254037844387,-0.4999999999999997,0.4338837391175582,-0.900968867902419,0,,0,0,,,0,0,0,0,0,0,0,0,9,3,9,5,2,2024,19,0.7071067811865476,-0.7071067811865475,0.4338837391175582,-0.900968867902419,0.4999999999999999,-0.8660254037844387,0,1,0,0,0,139437.9866998342,140801.12026859028,139866.6209719984,132537.11090501052,138183.3011765943,125661.0651002638,133987.49010014648,8058.285915695672,140801.12026859028,120248.5845457166,114393.2911524538,15197.587452042628,140801.12026859028,88464.9094599102,118372.91658357724,14015.301153981996,142518.4195736112,88464.9094599102,-19189.402154117604,-12288.526359293915,-5412.4805545472045,-0.1376196157753361,-0.0927176265981919,0,0,0,2024-05-09 09:00:00+00:00,11937.6,-19189.402154117604,31127.002154117603,6.6,84.3,0.0,2024-05-09,31127.002154117603
2024-06-09 13:00:00+00:00,108640.5707413505,2024-06-09 09:00:00-04:00,2024,6,9,13,Sunday,1,1.2246467991473532e-16,-1.0,-0.78183148246803,0.6234898018587333,0,,0,0,,,0,0,0,0,0,0,0,0,13,6,9,6,2,2024,23,-0.2588190451025208,-0.9659258262890684,-0.7818314824680299,0.6234898018587334,1.2246467991473532e-16,-1.0,1,0,1,0,0,129650.16195062212,131591.413026632,142704.5585492489,130385.2114761657,107473.3795180456,122786.89111939791,133895.65514734227,14164.566864485836,145490.7648059723,108640.5707413505,122748.91743643871,12715.96592621003,145490.7648059723,108640.5707413505,117797.81720467382,13426.796170255964,146123.56991223458,85245.39923029671,-21009.591209271617,-21744.6407348152,-14146.320378047414,-0.162048322139954,-0.1667722933347398,0,0,0,2024-06-09 13:00:00+00:00,10094.4,-21009.591209271617,31103.99120927162,11.7,87.0,0.0,2024-06-09,31103.99120927162
2025-02-21 13:00:00+00:00,94794.6697000592,2025-02-21 10:00:00-03:00,2025,2,21,13,Friday,0,-0.2588190451025208,-0.9659258262890684,-0.433883739117558,-0.900968867902419,0,,0,0,,,0,0,0,0,0,0,1,0,13,4,21,2,1,2025,8,-0.2588190451025208,-0.9659258262890684,-0.433883739117558,-0.9009688679024191,0.8660254037844386,0.5000000000000001,0,0,1,0,0,111555.0016861685,115801.9920590088,119983.40096214532,103067.0149201784,119249.4185820463,117103.8456104453,114450.2780995544,10490.54565181902,122717.5049473002,94794.6697000592,100104.81737903644,15397.0015683914,122717.5049473002,80020.62902634639,113937.62537716438,14850.604338133164,143632.171684932,80020.62902634639,-16760.331986109304,-8272.345220119198,-22309.17591038611,-0.1502427657458176,-0.0802618104980126,0,0,0,2025-02-21 13:00:00+00:00,14266.8,-16760.331986109304,31027.131986109303,16.9,79.0,0.0,2025-02-21,31027.131986109303
2024-01-18 13:00:00+00:00,108981.439696012,2024-01-18 10:00:00-03:00,2024,1,18,13,Thursday,0,-0.2588190451025208,-0.9659258262890684,0.4338837391175582,-0.900968867902419,0,,0,0,,,0,0,0,0,0,0,1,0,13,3,18,1,1,2024,3,-0.2588190451025208,-0.9659258262890684,0.4338837391175582,-0.900968867902419,0.4999999999999999,0.8660254037844387,0,0,1,0,0,127251.19845385448,131866.8817347869,137550.10851190958,97626.46188605049,116032.3559960189,117179.2213261158,132031.5601939189,12966.19096928331,144567.95755368652,108981.439696012,119731.33457654384,14753.0960092368,144747.1910711051,103194.4928111302,116242.53976477448,16248.825401294513,148707.09735794,82337.2736093768,-18269.758757842472,11354.97780996152,-8197.781630103796,-0.143572390514402,0.1163104509842325,0,0,0,2024-01-18 13:00:00+00:00,12657.6,-18269.758757842472,30927.35875784247,17.5,71.0,0.0,2024-01-18,30927.35875784247
2024-01-08 10:00:00+00:00,111828.0703854577,2024-01-08 07:00:00-03:00,2024,1,8,10,Monday,0,0.4999999999999999,-0.8660254037844386,0.0,1.0,0,,0,0,,,0,0,0,0,0,0,1,0,10,0,8,1,1,2024,2,0.4999999999999999,-0.8660254037844387,0.0,1.0,0.4999999999999999,0.8660254037844387,0,1,0,0,0,129271.2607175695,135109.9566924292,134235.31923779382,141312.8448048369,142714.0943555095,136142.94255233672,128119.13619972984,8551.42689794285,135109.9566924292,111828.0703854577,110684.69306447392,16016.44664711386,135109.9566924292,89423.65547855668,117094.78421217244,16369.888242119794,146589.7730382082,34196.938514481895,-17443.1903321118,-29484.7744193792,-24314.872166879024,-0.1349347893359027,-0.208648933931659,0,0,0,2024-01-08 10:00:00+00:00,13464.0,-17443.1903321118,30907.1903321118,13.5,79.9,0.0,2024-01-08,30907.1903321118
2024-12-09 13:00:00+00:00,98705.6930219019,2024-12-09 10:00:00-03:00,2024,12,9,13,Monday,0,-0.2588190451025208,-0.9659258262890684,0.0,1.0,0,,0,0,,,0,0,0,0,0,0,1,0,13,0,9,12,4,2024,50,-0.2588190451025208,-0.9659258262890684,0.0,1.0,-2.4492935982947064e-16,1.0,0,0,1,0,0,116568.158046772,121452.52814057788,126977.4680461244,115930.4083151983,114428.1624385059,112783.2053316078,121731.21071933514,13087.383743265746,134427.592807448,98705.6930219019,113508.0420088427,14634.543861826003,137085.29872987542,96260.4710196718,115852.6836395866,13394.931960861188,141982.06763133072,96260.4710196718,-17862.465024870107,-17224.71529329641,-14077.512309705897,-0.1532362295516666,-0.1485780611284043,0,0,0,2024-12-09 13:00:00+00:00,12733.2,-17862.465024870107,30595.665024870108,18.5,50.0,0.0,2024-12-09,30595.665024870108
2025-07-30 19:00:00+00:00,97466.487490545,2025-07-30 15:00:00-04:00,2025,7,30,19,Wednesday,0,-1.0,-1.8369701987210287e-16,0.9749279121818238,-0.2225209339563143,0,,0,0,,,0,0,0,0,0,0,0,0,19,2,30,7,3,2025,31,-0.9659258262890684,0.2588190451025203,0.9749279121818236,-0.2225209339563143,-0.4999999999999997,-0.8660254037844388,0,0,0,1,0,117723.2437627704,121196.2322915577,121656.8040378311,104085.0023405764,97495.2984240447,111742.4009614332,117610.64312675835,10133.31602945654,124680.9864850108,97466.487490545,121394.02809271072,12986.562444808163,139005.3216819083,97466.487490545,117630.58819572968,15760.915041914855,146897.686978631,23056.934288771,-20256.756272225408,-6618.514850031395,-14275.913470888205,-0.1720709999551638,-0.0635875938050609,0,0,0,2025-07-30 19:00:00+00:00,10206.0,-20256.756272225408,30462.756272225408,11.4,98.0,0.0,2025-07-30,30462.756272225408
2025-02-03 11:00:00+00:00,110842.7132987264,2025-02-03 08:00:00-03:00,2025,2,3,11,Monday,0,0.258819045102521,-0.9659258262890684,0.0,1.0,0,,0,0,,,0,0,0,0,0,0,1,0,11,0,3,2,1,2025,6,0.258819045102521,-0.9659258262890682,0.0,1.0,0.8660254037844386,0.5000000000000001,0,1,0,0,0,128696.4979682122,132984.35142132873,136112.24892304282,135908.0785264761,132273.682953639,118067.67532737707,129300.47831267289,9392.429447274591,136112.24892304282,110842.7132987264,115331.91993067152,12511.66921346966,136112.24892304282,98038.7083225719,112412.29455456104,15406.707323631856,145507.30533568608,78959.67042949621,-17853.7846694858,-25065.365227749706,-7224.962028650669,-0.1387278205028986,-0.1844288102628626,0,0,0,2025-02-03 11:00:00+00:00,12524.4,-17853.7846694858,30378.184669485803,15.2,69.7,0.0,2025-02-03,30378.184669485803
2024-06-23 10:00:00+00:00,110978.3177026143,2024-06-23 06:00:00-04:00,2024,6,23,10,Sunday,1,0.7071067811865477,-0.7071067811865475,-0.78183148246803,0.6234898018587333,0,,0,0,,,0,0,0,0,0,0,0,0,10,6,23,6,2,2024,25,0.4999999999999999,-0.8660254037844387,-0.7818314824680299,0.6234898018587334,1.2246467991473532e-16,-1.0,1,1,0,0,0,129539.14744655493,131337.92259308198,128099.9554926417,136335.9813094163,128568.0011394341,140329.39825086578,123468.1087799564,7838.292732717668,131337.92259308198,110978.3177026143,109554.41381382477,13720.984414044193,132878.92999655282,91591.9719481214,113580.54836593068,12350.09169280098,137301.2902157345,89323.8818872289,-18560.82974394063,-25357.663606802,-29351.080548251484,-0.1432835564368557,-0.185993920044133,0,0,0,2024-06-23 10:00:00+00:00,11761.2,-18560.82974394063,30322.02974394063,5.1,97.0,0.0,2024-06-23,30322.02974394063
2024-07-02 00:00:00+00:00,85051.88589194449,2024-07-01 20:00:00-04:00,2024,7,2,0,Tuesday,0,-0.2588190451025215,0.9659258262890682,0.0,1.0,0,,0,0,,,0,0,0,0,1,0,0,0,0,1,2,7,3,2024,27,0.0,1.0,0.7818314824680298,0.6234898018587336,-0.4999999999999997,-0.8660254037844388,0,0,0,0,1,104084.1311295105,88304.52584567961,87385.183192287,110414.3094988225,112069.329583069,102318.9774353626,92136.46620731847,7662.330971062747,104084.1311295105,85051.88589194449,110754.09305348566,16913.13354320917,139193.2757259741,85051.88589194449,115260.52863873994,14953.334755986189,147140.4311579218,85051.88589194449,-19032.245237566007,-25362.423606878016,-17267.091543418108,-0.1828544373770525,-0.2297023250156583,0,0,0,2024-07-02 00:00:00+00:00,11210.4,-19032.245237566007,30242.64523756601,14.6,61.3,0.0,2024-07-02,30242.64523756601
2024-02-25 12:00:00+00:00,120403.2544123649,2024-02-25 09:00:00-03:00,2024,2,25,12,Sunday,1,1.2246467991473532e-16,-1.0,-0.78183148246803,0.6234898018587333,0,,0,0,,,0,0,0,1,0,0,1,0,12,6,25,2,1,2024,8,1.2246467991473532e-16,-1.0,-0.7818314824680299,0.6234898018587334,0.8660254037844386,0.5000000000000001,1,0,1,0,0,138877.3283910976,144811.93252426904,142868.798525318,119917.195027508,98974.63824913402,124732.3750590484,137348.6769590565,9054.09000057142,144811.93252426904,120403.2544123649,118726.04117565516,15333.583695048805,144811.93252426904,99799.8589744713,116126.89527349902,15065.602060599806,144851.551377506,85207.77576779269,-18474.073978732704,486.05938485689694,-4329.120646683499,-0.1330244050109257,0.0040532918131166,0,0,1,2024-02-25 12:00:00+00:00,11703.6,-18474.073978732704,30177.673978732702,14.3,98.0,0.0,2024-02-25,30177.673978732702
2024-04-08 21:00:00+00:00,89207.3110606861,2024-04-08 17:00:00-04:00,2024,4,8,21,Monday,0,-0.8660254037844385,0.5,0.0,1.0,0,,0,0,,,0,0,0,0,0,0,0,0,21,0,8,4,2,2024,15,-0.7071067811865477,0.7071067811865474,0.0,1.0,0.8660254037844387,-0.4999999999999998,0,0,0,1,0,107688.6040712652,108008.11083352698,109195.0783840912,100929.21193200468,92312.9720876892,88431.27473555041,106953.15492360263,9124.689435562435,114390.6544880762,89207.3110606861,118826.33621089242,12816.453537989417,141707.0210800326,89207.3110606861,113893.87135489278,14489.28917689334,144970.52408166992,86479.2934855467,-18481.293010579106,-11721.900871318576,776.0363251356903,-0.1716179085982832,-0.116139823614352,0,0,0,2024-04-08 21:00:00+00:00,11682.0,-18481.293010579106,30163.293010579106,19.9,58.0,0.0,2024-04-08,30163.293010579106
2024-11-13 16:00:00+00:00,82504.17494348809,2024-11-13 13:00:00-03:00,2024,11,13,16,Wednesday,0,-0.8660254037844383,-0.5000000000000003,0.9749279121818238,-0.2225209339563143,0,,0,0,,,0,0,0,0,0,0,0,0,16,2,13,11,4,2024,46,-0.8660254037844385,-0.5000000000000004,0.9749279121818236,-0.2225209339563143,-0.5000000000000004,0.8660254037844384,0,0,1,0,0,100102.5295091082,103542.3972200878,105209.6447114991,91662.6803899971,91663.7577287865,99424.7180715181,101223.13300302296,9670.743892276883,109236.69243308692,82504.17494348809,100546.90763208596,14350.000378437837,122285.4196875588,81138.8302509129,104975.55357739262,14871.071458153869,137525.97520137738,80782.16811252189,-17598.354565620102,-9158.505446509009,-16920.54312803001,-0.1758032954004309,-0.0999153134900957,0,0,0,2024-11-13 16:00:00+00:00,12560.4,-17598.354565620102,30158.754565620104,12.8,90.0,0.0,2024-11-13,30158.754565620104
2025-09-13 10:00:00+00:00,140671.7618385381,2025-09-13 07:00:00-03:00,2025,9,13,10,Saturday,1,0.4999999999999999,-0.8660254037844386,-0.9749279121818236,-0.2225209339563146,0,,0,0,,,0,0,0,0,0,0,0,0,10,5,13,9,3,2025,37,0.4999999999999999,-0.8660254037844387,-0.9749279121818236,-0.2225209339563146,-1.0,-1.8369701987210292e-16,1,1,0,0,0,100960.4101644388,150725.06458674438,149253.4151876858,125169.6910065977,133385.2133232975,136726.8208282115,137272.72909684808,18462.95440414061,150725.06458674438,100960.4101644388,117653.5365684067,16497.52873805631,150725.06458674438,98425.92588168712,115679.21413947058,17019.4211094952,150725.06458674438,204.827931,39711.35167409931,15502.070831940408,3944.9410103266127,0.393335878978895,0.1238484389253888,0,0,0,2025-09-13 10:00:00+00:00,10922.4,39711.35167409931,-28788.951674099302,6.8,98.8,0.0,2025-09-13,28788.951674099302
2024-01-23 05:00:00+00:00,134149.2537476629,2024-01-23 02:00:00-03:00,2024,1,23,5,Tuesday,0,0.9659258262890684,0.2588190451025208,0.7818314824680299,0.6234898018587335,0,,0,0,,,0,0,0,0,0,0,1,0,5,1,23,1,1,2024,4,0.9659258262890684,0.2588190451025207,0.7818314824680298,0.6234898018587336,0.4999999999999999,0.8660254037844387,0,0,0,0,1,99859.102890079,106097.8615620681,118349.5233431563,141528.40627153372,131354.796950521,127592.1067492969,114077.985238922,11813.181037839731,134149.2537476629,99859.102890079,122286.70984997094,15504.470687031226,148517.30630646858,99859.102890079,117787.67568806208,15361.125853515932,148891.5011388805,79311.1686212342,34290.15085758391,-7379.152523870813,6557.146998366006,0.3433853285797006,-0.0521390208387799,0,0,0,2024-01-23 05:00:00+00:00,11901.6,34290.15085758391,-22388.550857583912,13.2,96.7,0.0,2024-01-23,22388.550857583912
2024-04-16 01:00:00+00:00,109473.8528535646,2024-04-15 21:00:00-04:00,2024,4,16,1,Tuesday,0,0.0,1.0,0.7818314824680299,0.6234898018587335,0,,0,0,,,0,0,0,0,0,0,0,0,1,1,16,4,2,2024,16,0.2588190451025207,0.9659258262890684,0.7818314824680298,0.6234898018587336,0.8660254037844387,-0.4999999999999998,0,0,0,0,1,75934.13745819201,103495.63849981852,100336.8168361044,103620.1752133844,93963.5737310569,119500.15264367207,98131.55295739528,11493.786893853568,109473.8528535646,75934.13745819201,111386.34955666152,12807.154505526423,130589.3121743584,75934.13745819201,113234.28745174456,15969.714778106742,142190.1914015288,75934.13745819201,33539.715395372594,5853.677640180205,-10026.29979010747,0.4416948228830408,0.0564916786535609,0,0,0,2024-04-16 01:00:00+00:00,11764.8,33539.715395372594,-21774.915395372595,12.4,74.4,0.0,2024-04-16,21774.915395372595
2025-06-12 08:00:00+00:00,143154.5757326061,2025-06-12 04:00:00-04:00,2025,6,12,8,Thursday,0,0.9659258262890684,-0.2588190451025207,0.4338837391175582,-0.900968867902419,0,,0,0,,,0,0,0,0,0,0,0,0,8,3,12,6,2,2025,24,0.8660254037844387,-0.4999999999999998,0.4338837391175582,-0.900968867902419,1.2246467991473532e-16,-1.0,0,1,0,0,0,114243.42718179092,117258.5802802021,141240.53267891,137457.29890962553,134863.6589735785,133231.4404951447,130714.42488520988,12401.138971993249,143154.5757326061,114243.42718179092,124882.52343647396,9124.58993709635,143154.5757326061,114243.42718179092,116518.31083557762,15091.454509622265,145508.4558117282,85682.0667304503,28911.1485508152,5697.276822980581,9923.135237461422,0.2530661873860809,0.0414476122270262,0,0,0,2025-06-12 08:00:00+00:00,9129.6,28911.1485508152,-19781.5485508152,10.7,100.0,9.7,2025-06-12,19781.5485508152
2024-08-10 09:00:00+00:00,141970.54140901423,2024-08-10 05:00:00-04:00,2024,8,10,9,Saturday,1,0.8660254037844387,-0.4999999999999997,-0.9749279121818236,-0.2225209339563146,0,,0,0,,,0,0,0,0,0,0,0,0,9,5,10,8,3,2024,32,0.7071067811865476,-0.7071067811865475,-0.9749279121818236,-0.2225209339563146,-0.8660254037844385,-0.5000000000000004,1,1,0,0,0,112127.6605907289,141377.2256010031,137501.5030002179,129999.58591140051,134091.06203728108,118958.0298566335,131885.55286476188,11426.54258276983,141970.54140901423,112127.6605907289,111883.3948142971,14720.106771177518,141970.54140901423,96432.99026459247,111206.91197283486,15758.65071422124,141970.54140901423,68387.1056210285,29842.880818285324,11970.955497613715,23012.511552380733,0.2661509270866999,0.0920845663752525,0,0,0,2024-08-10 09:00:00+00:00,11804.4,29842.880818285324,-18038.480818285323,9.8,64.7,0.0,2024-08-10,18038.480818285323
2025-09-16 01:00:00+00:00,30675.0579651331,2025-09-15 22:00:00-03:00,2025,9,16,1,Tuesday,0,0.2588190451025208,0.9659258262890684,0.7818314824680299,0.6234898018587335,0,,0,0,,,0,0,0,0,0,0,0,0,1,1,16,9,3,2025,38,0.2588190451025207,0.9659258262890684,0.7818314824680298,0.6234898018587336,-1.0,-1.8369701987210292e-16,0,0,0,0,1,2800.9528296,2637.4803146000004,2519.9447115000003,116346.52188640353,109778.62072394649,104811.93475265382,7247.310077755516,11478.103468327983,30675.0579651331,2402.1360446,93158.54023788733,52979.08051625406,143760.1694504811,2402.1360446,113638.25145794229,25023.783628459656,150725.06458674438,2402.1360446,27874.1051355331,-85671.46392127042,-74136.87678752071,9.951651038519548,-0.7363474432430124,0,0,0,2025-09-16 01:00:00+00:00,11775.6,27874.1051355331,-16098.5051355331,15.4,65.1,0.0,2025-09-16,16098.5051355331
2024-03-25 04:00:00+00:00,118989.7541732202,2024-03-25 01:00:00-03:00,2024,3,25,4,Monday,0,0.8660254037844385,0.5000000000000001,0.0,1.0,0,,0,0,,,0,0,0,0,0,0,1,0,4,0,25,3,1,2024,13,0.8660254037844386,0.5000000000000001,0.0,1.0,1.0,6.123233995736766e-17,0,0,0,0,1,90832.115917285,106323.8304969928,98889.3065450292,117074.57165215162,125292.29132340112,125446.7546764622,99076.2789927126,11820.189419088309,118989.7541732202,87964.15025473389,107132.99900671876,17478.02893532801,137867.0507238343,83877.25929915269,112082.5487924278,17164.594198093684,142536.2161131654,25252.31866316,28157.63825593519,1915.1825210685784,-6457.000503242001,0.3099965025759892,0.0163586549499314,0,0,0,2024-03-25 04:00:00+00:00,12589.2,28157.63825593519,-15568.43825593519,12.8,97.7,0.0,2024-03-25,15568.43825593519
2025-09-03 09:00:00+00:00,133070.6118892596,2025-09-03 05:00:00-04:00,2025,9,3,9,Wednesday,0,0.8660254037844387,-0.4999999999999997,0.9749279121818238,-0.2225209339563143,0,,0,0,,,0,0,0,0,0,0,0,0,9,2,3,9,3,2025,36,0.7071067811865476,-0.7071067811865475,0.9749279121818236,-0.2225209339563143,-1.0,-1.8369701987210292e-16,0,1,0,0,0,108133.33371586372,137910.6469713134,139246.47494325758,136011.9849861628,128761.30249174307,136986.8195785672,131910.05895870688,11917.612484211117,139246.47494325758,108133.33371586372,120459.54209824158,10569.094517782134,139246.47494325758,106637.2435737646,115354.09898259702,13870.774675766144,139246.47494325758,81598.49735390331,24937.278173395884,-2941.373096903204,-3916.207689307601,0.2306160118851257,-0.0216258375848454,0,0,0,2025-09-03 09:00:00+00:00,10958.4,24937.278173395884,-13978.878173395884,6.7,87.3,0.0,2025-09-03,13978.878173395884
2024-06-13 04:00:00+00:00,130893.1288764487,2024-06-13 00:00:00-04:00,2024,6,13,4,Thursday,0,0.7071067811865476,0.7071067811865477,0.4338837391175582,-0.900968867902419,0,,0,0,,,0,0,0,0,0,0,0,0,4,3,13,6,2,2024,24,0.8660254037844386,0.5000000000000001,0.4338837391175582,-0.900968867902419,1.2246467991473532e-16,-1.0,0,0,0,0,1,108125.5665757931,125021.283861345,121490.9698290069,131876.907522043,129161.1394847507,129612.9394559988,119960.76003622398,7840.13645175973,130893.1288764487,108125.5665757931,122337.27588329658,9794.486466342163,139864.51071073263,108125.5665757931,118529.11455209448,13625.779832474407,146123.56991223458,85245.39923029671,22767.5623006556,-983.7786455943132,1280.1894204498967,0.2105659468123679,-0.007459824954038,0,0,0,2024-06-13 04:00:00+00:00,9547.2,22767.5623006556,-13220.362300655595,12.4,92.8,0.8,2024-06-13,13220.362300655595
2025-06-26 03:00:00+00:00,120363.265442444,2025-06-25 23:00:00-04:00,2025,6,26,3,Thursday,0,0.4999999999999999,0.8660254037844386,0.4338837391175582,-0.900968867902419,0,,0,0,,,0,0,0,0,1,0,0,0,3,3,26,6,2,2025,26,0.7071067811865476,0.7071067811865476,0.4338837391175582,-0.900968867902419,1.2246467991473532e-16,-1.0,0,0,0,0,1,97145.7794701689,114296.3797763291,109682.4361220926,124529.3925000458,125839.0117646112,119433.3488116537,108828.2009863013,8083.56926266085,120363.265442444,97145.7794701689,114618.3587129909,14248.910857964413,135301.70060272247,85842.8262906951,118240.08967165423,14541.306466581946,148032.14795912258,85842.8262906951,23217.4859722751,-4166.1270576018,929.9166307902924,0.2389963423928738,-0.0334549697381706,0,0,0,2025-06-26 03:00:00+00:00,10810.8,23217.4859722751,-12406.6859722751,6.0,97.8,0.0,2025-06-26,12406.6859722751
2025-08-22 13:00:00+00:00,128557.223821821,2025-08-22 09:00:00-04:00,2025,8,22,13,Friday,0,1.2246467991473532e-16,-1.0,-0.433883739117558,-0.900968867902419,0,,0,0,,,0,0,0,0,0,0,0,0,13,4,22,8,3,2025,34,-0.2588190451025208,-0.9659258262890684,-0.433883739117558,-0.9009688679024191,-0.8660254037844385,-0.5000000000000004,0,0,1,0,0,106130.1861387809,125371.661346978,127229.6075733368,120648.47605782733,115561.9231748242,126058.7905592985,124297.82198984508,9037.94257001868,130096.8299437672,106130.1861387809,119433.20464564743,9469.24638661394,141420.8441888951,106130.1861387809,117178.40562144286,13190.73111843602,144292.3641772064,86555.6707905275,22427.037683040093,7908.74776399367,2498.4332625224924,0.2113162946281224,0.0655519905630881,0,0,0,2025-08-22 13:00:00+00:00,10051.2,22427.037683040093,-12375.837683040092,6.4,98.0,0.0,2025-08-22,12375.837683040092
2024-10-19 08:00:00+00:00,132954.34217594645,2024-10-19 05:00:00-03:00,2024,10,19,8,Saturday,1,0.8660254037844387,-0.4999999999999997,-0.9749279121818236,-0.2225209339563146,0,,0,0,,,0,0,0,0,0,0,0,0,8,5,19,10,4,2024,42,0.8660254037844387,-0.4999999999999998,-0.9749279121818236,-0.2225209339563146,-0.8660254037844386,0.5000000000000001,1,1,0,0,0,109700.5646912786,137906.7664702181,131896.10442881883,129319.1796657028,131709.3653200798,137298.6077072517,127056.90778273538,9969.83374565,137906.7664702181,109700.5646912786,114363.46992360544,11886.854508240513,137906.7664702181,99779.57621573831,113338.0595968596,14593.91225883728,141311.46352974468,84607.9439860676,23253.77748466785,3635.162510243652,-4344.265531305253,0.2119750025909992,0.0281100028599063,0,0,0,2024-10-19 08:00:00+00:00,10882.8,23253.77748466785,-12370.977484667852,9.6,99.0,0.0,2024-10-19,12370.977484667852
2025-08-21 08:00:00+00:00,136933.3333891065,2025-08-21 04:00:00-04:00,2025,8,21,8,Thursday,0,0.9659258262890684,-0.2588190451025207,0.4338837391175582,-0.900968867902419,0,,0,0,,,0,0,0,0,0,0,0,0,8,3,21,8,3,2025,34,0.8660254037844387,-0.4999999999999998,0.4338837391175582,-0.900968867902419,-0.8660254037844385,-0.5000000000000004,0,1,0,0,0,113850.185431888,137047.6076652954,133530.9361928441,132981.9560807644,138185.6108286061,135542.9772481425,129875.00770449266,8822.097673936392,137047.6076652954,113850.185431888,116868.00155851,10751.62694049318,137047.6076652954,103131.6221709097,118118.71130772134,13878.613051662636,147643.20060979528,86555.6707905275,23083.14795721849,3951.377308342111,1390.3561409639951,0.2027502007981201,0.0297136350283666,0,0,0,2025-08-21 08:00:00+00:00,10789.2,23083.14795721849,-12293.94795721849,10.4,99.2,0.0,2025-08-21,12293.94795721849
2024-07-02 03:00:00+00:00,119070.527521246,2024-07-01 23:00:00-04:00,2024,7,2,3,Tuesday,0,0.4999999999999999,0.8660254037844386,0.7818314824680299,0.6234898018587335,0,,0,0,,,0,0,0,0,1,0,0,0,3,1,2,7,3,2024,27,0.7071067811865476,0.7071067811865476,0.7818314824680298,0.6234898018587336,-0.4999999999999997,-0.8660254037844388,0,0,0,0,1,95876.3680251529,92969.4926726795,85051.88589194449,110044.2896465755,124657.9947527242,120095.1010997795,97559.48851436884,12420.073865947328,119070.527521246,85051.88589194449,109235.71458602422,17492.645453777946,139193.2757259741,85051.88589194449,115068.23605113068,15110.171368539006,147140.4311579218,85051.88589194449,23194.159496093096,9026.237874670493,-1024.5735785334982,0.2419173772832965,0.0820236824978348,0,0,0,2024-07-02 03:00:00+00:00,10954.8,23194.159496093096,-12239.359496093097,14.2,52.9,0.0,2024-07-02,12239.359496093097
2024-02-26 04:00:00+00:00,130607.67641892248,2024-02-26 01:00:00-03:00,2024,2,26,4,Monday,0,0.8660254037844385,0.5000000000000001,0.0,1.0,0,,0,0,,,0,0,0,1,0,0,1,0,4,0,26,2,1,2024,9,0.8660254037844386,0.5000000000000001,0.0,1.0,0.8660254037844386,0.5000000000000001,0,0,0,0,1,107738.1187102586,122287.11368694552,116944.7379515691,128714.8562717863,114474.9859654281,131860.1702519785,116776.2135312622,8522.729335006263,130607.67641892248,107738.1187102586,120644.68917678944,14306.429488032292,144811.93252426904,95952.3122523214,116195.36143014136,15060.314795622786,144851.551377506,85207.77576779269,22869.55770866388,1892.8201471361824,-1252.493833056025,0.2122698816578303,0.0147055297419547,0,0,1,2024-02-26 04:00:00+00:00,10990.8,22869.55770866388,-11878.75770866388,15.1,93.2,0.0,2024-02-26,11878.75770866388
2024-07-03 03:00:00+00:00,117785.72455056071,2024-07-02 23:00:00-04:00,2024,7,3,3,Wednesday,0,0.4999999999999999,0.8660254037844386,0.9749279121818238,-0.2225209339563143,0,,0,0,,,0,0,0,0,1,0,0,0,3,2,3,7,3,2024,27,0.7071067811865476,0.7071067811865476,0.9749279121818236,-0.2225209339563143,-0.4999999999999997,-0.8660254037844388,0,0,0,0,1,94178.6036306833,108207.1344148261,102768.75143134689,119070.527521246,110044.2896465755,127300.1616945839,103219.70819758072,8625.390730960358,117785.72455056071,94178.6036306833,111071.86456130852,13261.016270079082,136797.0174510504,94178.6036306833,114121.50453177407,15115.437675493107,147140.4311579218,85051.88589194449,23607.120919877416,-1284.802970685283,-9514.437144023192,0.2506633142751995,-0.0107902685696595,0,0,0,2024-07-03 03:00:00+00:00,11739.6,23607.120919877416,-11867.520919877416,13.4,62.9,0.0,2024-07-03,11867.520919877416
2024-08-27 02:00:00+00:00,126189.2684802272,2024-08-26 22:00:00-04:00,2024,8,27,2,Tuesday,0,0.2588190451025208,0.9659258262890684,0.7818314824680299,0.6234898018587335,0,,0,0,,,0,0,0,0,0,0,0,0,2,1,27,8,3,2024,35,0.4999999999999999,0.8660254037844387,0.7818314824680298,0.6234898018587336,-0.8660254037844385,-0.5000000000000004,0,0,0,0,1,103397.2473189084,115421.3866595286,109533.62459105373,109487.0280410926,115546.5304717762,116471.1660047615,110840.6075043183,8681.437167452827,126189.2684802272,103397.2473189084,117368.02274568049,11901.308636005311,136257.6452973404,103397.2473189084,115861.75076955438,14402.960274511835,147815.5034149182,93398.1867818349,22792.0211613188,16702.24043913459,9718.102475465696,0.2204316048281374,0.1525499480437619,0,0,0,2024-08-27 02:00:00+00:00,10987.2,22792.0211613188,-11804.8211613188,10.9,80.5,0.0,2024-08-27,11804.8211613188
2024-06-05 04:00:00+00:00,128881.3820558766,2024-06-05 00:00:00-04:00,2024,6,5,4,Wednesday,0,0.7071067811865476,0.7071067811865477,0.9749279121818238,-0.2225209339563143,0,,0,0,,,0,0,0,0,0,0,0,0,4,2,5,6,2,2024,23,0.8660254037844386,0.5000000000000001,0.9749279121818236,-0.2225209339563143,1.2246467991473532e-16,-1.0,0,0,0,0,1,107041.3284298659,114714.9767007704,112971.42651285372,129549.946010292,124627.9598883995,127586.40875877813,113082.46921681514,8459.905438736656,128881.3820558766,105790.4331275958,117824.0879696334,11366.165136674115,135090.66489446003,103031.0603404084,115353.60081630207,15063.755452242509,141776.44351736282,32986.35839792401,21840.053626010704,-668.5639544153964,1294.973297098477,0.2040338432488759,-0.0051606656351851,0,0,0,2024-06-05 04:00:00+00:00,10292.4,21840.053626010704,-11547.653626010704,10.3,96.7,0.0,2024-06-05,11547.653626010704
2024-03-10 07:00:00+00:00,131703.5008804377,2024-03-10 04:00:00-03:00,2024,3,10,7,Sunday,1,0.9659258262890684,-0.2588190451025207,-0.78183148246803,0.6234898018587333,0,,0,0,,,0,0,0,0,0,0,1,0,7,6,10,3,1,2024,10,0.9659258262890684,-0.2588190451025206,-0.7818314824680299,0.6234898018587334,1.0,6.123233995736766e-17,1,1,0,0,0,107585.6268416258,119670.5960338428,114224.0781990032,139305.2562687925,135095.99493455858,141700.50160534482,114001.61921869176,10763.677112574787,131703.5008804377,100667.16286795407,105110.00832920417,17068.234014347137,138041.30048273472,83030.2922565306,116156.98047438604,14960.740265551927,143974.8427186161,83030.2922565306,24117.874038811904,-7601.755388354795,-9997.00072490712,0.2241737557965364,-0.05456904923736,0,0,0,2024-03-10 07:00:00+00:00,12650.4,24117.874038811904,-11467.474038811904,12.5,77.6,0.0,2024-03-10,11467.474038811904
2024-11-28 11:00:00+00:00,126267.9272109711,2024-11-28 08:00:00-03:00,2024,11,28,11,Thursday,0,0.258819045102521,-0.9659258262890684,0.4338837391175582,-0.900968867902419,0,,0,0,,,0,0,0,0,0,0,0,0,11,3,28,11,4,2024,48,0.258819045102521,-0.9659258262890682,0.4338837391175582,-0.900968867902419,-0.5000000000000004,0.8660254037844384,0,1,0,0,0,102261.7086983306,134123.84584570592,138422.0392565792,115555.03885765711,116400.3893816019,119191.00327543,130107.24605665445,14586.104463780724,140529.21861113262,102261.7086983306,115258.64811253674,14528.097683494345,140529.21861113262,98826.5603861791,113437.20628293588,15357.617796123848,144220.03276314543,86139.98539451341,24006.21851264049,10712.888353313989,7076.923935541097,0.2347527614999884,0.0927081022101539,0,0,0,2024-11-28 11:00:00+00:00,12754.8,24006.21851264049,-11251.418512640495,11.3,78.6,0.0,2024-11-28,11251.418512640495
2025-01-29 04:00:00+00:00,124067.54304876708,2025-01-29 01:00:00-03:00,2025,1,29,4,Wednesday,0,0.8660254037844385,0.5000000000000001,0.9749279121818238,-0.2225209339563143,0,,0,0,,,0,0,0,0,0,0,1,0,4,2,29,1,1,2025,5,0.8660254037844386,0.5000000000000001,0.9749279121818236,-0.2225209339563143,0.4999999999999999,0.8660254037844387,0,0,0,0,1,100327.7987338193,107219.35330135011,86360.07886256848,113125.4204410324,125609.7010158267,118636.8463898786,101077.61730091348,13320.230838279973,124067.54304876708,86360.07886256848,102854.76348929142,12127.70002737428,124167.9761018356,86360.07886256848,109531.77693297854,15106.817960315648,139968.90981235408,78959.67042949621,23739.744314947777,10942.12260773468,5430.6966588884825,0.2366217998855126,0.0967255862128562,0,0,0,2025-01-29 04:00:00+00:00,12531.6,23739.744314947777,-11208.144314947776,14.2,67.3,0.0,2025-01-29,11208.144314947776
2024-01-25 04:00:00+00:00,130953.0747563059,2024-01-25 01:00:00-03:00,2024,1,25,4,Thursday,0,0.8660254037844385,0.5000000000000001,0.4338837391175582,-0.900968867902419,0,,0,0,,,0,0,0,0,0,0,1,0,4,3,25,1,1,2024,4,0.8660254037844386,0.5000000000000001,0.4338837391175582,-0.900968867902419,0.4999999999999999,0.8660254037844387,0,0,0,0,1,107314.3396774119,118349.4254473952,96772.13670643,128211.2321327551,99859.102890079,132990.5417963039,111099.1106739,11956.846944358638,130953.0747563059,96772.13670643,117815.10363481673,14219.561180180552,139527.3551121391,96772.13670643,118369.52610753104,15423.325006634448,148891.5011388805,79311.1686212342,23638.735078893995,2741.842623550794,-2037.4670399980096,0.220275642099204,0.0213853542933881,0,0,0,2024-01-25 04:00:00+00:00,12646.8,23638.735078893995,-10991.935078893996,13.6,98.6,0.0,2024-01-25,10991.935078893996
2024-03-29 04:00:00+00:00,131461.2525104523,2024-03-29 01:00:00-03:00,2024,3,29,4,Friday,0,0.8660254037844385,0.5000000000000001,-0.433883739117558,-0.900968867902419,1,Viernes Santo,0,0,2024-03-29,2024-03-29,0,0,0,0,0,0,1,0,4,4,29,3,1,2024,13,0.8660254037844386,0.5000000000000001,-0.433883739117558,-0.9009688679024191,1.0,6.123233995736766e-17,0,0,0,0,1,109248.9640153548,121742.0566632467,118402.9321106892,114502.81522708353,110214.568089035,115110.6235108918,118060.23443569348,7851.431960454348,131461.2525104523,109248.9640153548,119019.26956863263,8047.771210142851,132437.01415681018,109037.6310450592,112132.91822890916,14160.918884562505,142536.2161131654,83877.25929915269,22212.2884950975,16958.437283368767,16350.62899956049,0.203318069835203,0.1481049810848456,0,0,1,2024-03-29 04:00:00+00:00,11440.8,22212.2884950975,-10771.4884950975,12.5,99.2,0.1,2024-03-29,10771.4884950975
2024-01-13 04:00:00+00:00,130771.6409091246,2024-01-13 01:00:00-03:00,2024,1,13,4,Saturday,1,0.8660254037844385,0.5000000000000001,-0.9749279121818236,-0.2225209339563146,0,,0,0,,,0,0,0,0,0,0,1,0,4,5,13,1,1,2024,2,0.8660254037844386,0.5000000000000001,-0.9749279121818236,-0.2225209339563146,0.4999999999999999,0.8660254037844387,1,0,0,0,1,108125.8827488684,119641.2648358532,114872.355457202,132520.29110514038,121053.0830710764,127089.176324257,114884.55110475556,9205.589680799278,130771.6409091246,106106.9557894958,120488.97287673784,16610.711205517968,145002.56103319253,98434.00056661812,116785.14902805864,15799.622128828183,146589.7730382082,88326.8738267035,22645.7581602562,-1748.6501960157766,3682.464584867601,0.2094388280080257,-0.0131953392301893,0,0,0,2024-01-13 04:00:00+00:00,11970.0,22645.7581602562,-10675.7581602562,12.2,92.3,0.0,2024-01-13,10675.7581602562
2024-01-07 05:00:00+00:00,136621.3552531571,2024-01-07 02:00:00-03:00,2024,1,7,5,Sunday,1,0.9659258262890684,0.2588190451025208,-0.78183148246803,0.6234898018587333,0,,0,0,,,0,0,0,0,0,0,1,0,5,6,7,1,1,2024,1,0.9659258262890684,0.2588190451025207,-0.7818314824680299,0.6234898018587334,0.4999999999999999,0.8660254037844387,1,0,0,0,1,114416.4361787536,110640.4529658781,122823.1509501161,133532.30380407002,132535.9723351558,0.0,118160.14809670512,10105.73147686018,136621.3552531571,110336.5006071056,124504.8206917704,12652.5148449036,145219.97686707898,110336.5006071056,117134.60805601404,15813.52728572537,145219.97686707898,34196.938514481895,22204.91907440349,3089.05144908707,0.0,0.1940710602077535,0.0231333644450528,0,0,0,2024-01-07 05:00:00+00:00,11584.8,22204.91907440349,-10620.119074403488,13.8,93.5,0.0,2024-01-07,10620.119074403488
2025-02-26 23:00:00+00:00,89327.3954893896,2025-02-26 20:00:00-03:00,2025,2,26,23,Wednesday,0,-0.2588190451025215,0.9659258262890682,0.9749279121818238,-0.2225209339563143,0,,0,0,,,0,0,0,1,0,0,1,0,23,2,26,2,1,2025,9,-0.2588190451025215,0.965925826289068,0.9749279121818236,-0.2225209339563143,0.8660254037844386,0.5000000000000001,0,0,0,0,1,65623.4710839082,87016.9662764502,80827.3597202594,89760.61644291099,94993.8828706394,97366.1795397604,84112.99258849419,9874.51580838547,92672.8076157026,65623.4710839082,106915.8903454889,17779.622029392624,132253.187401869,65623.4710839082,105897.98549215651,22546.381414046333,142109.97754187038,9032.5477305213,23703.924405481404,-433.2209535213915,-8038.784050370799,0.3612110730194815,-0.0048264035017732,0,0,1,2025-02-26 23:00:00+00:00,13186.8,23703.924405481404,-10517.124405481403,18.0,71.0,0.0,2025-02-26,10517.124405481403
2025-09-06 12:00:00+00:00,126426.7374542866,2025-09-06 08:00:00-04:00,2025,9,6,12,Saturday,1,0.258819045102521,-0.9659258262890684,-0.9749279121818236,-0.2225209339563146,0,,0,0,,,0,0,0,0,0,0,0,0,12,5,6,9,3,2025,36,1.2246467991473532e-16,-1.0,-0.9749279121818236,-0.2225209339563146,-1.0,-1.8369701987210292e-16,1,0,1,0,0,104916.9802714037,136726.8208282115,140529.39612333718,122895.0314700809,116069.3545460818,114592.4839046102,132445.3968896691,14852.944626374632,143742.9741762651,104916.9802714037,120946.3053760801,12988.540772292748,143742.9741762651,104916.9802714037,115889.19441387717,13820.038490154191,143742.9741762651,88346.7680580548,21509.75718288289,3531.705984205706,11834.253549676405,0.2050169298357667,0.0287375815113037,0,0,0,2025-09-06 12:00:00+00:00,11012.4,21509.75718288289,-10497.357182882895,8.0,100.0,0.1,2025-09-06,10497.357182882895
2024-09-19 13:00:00+00:00,127352.0268008393,2024-09-19 10:00:00-03:00,2024,9,19,13,Thursday,0,-0.2588190451025208,-0.9659258262890684,0.4338837391175582,-0.900968867902419,1,Glorias del Ejército (Fiestas Patrias),0,1,2024-09-19,2024-09-19,0,1,0,0,0,0,0,0,13,3,19,9,3,2024,38,-0.2588190451025208,-0.9659258262890684,0.4338837391175582,-0.900968867902419,-1.0,-1.8369701987210292e-16,0,0,1,0,0,107480.7819535136,138763.91079118158,135470.38954962732,128057.0343332968,118295.7767381385,123065.012080986,134028.1369018789,15117.48833060313,148800.70556906532,107480.7819535136,126028.5829151963,20471.338952954608,148800.70556906532,42282.304350012,117965.56206034764,15979.949583576905,149657.565035131,42282.304350012,19871.24484732571,-705.0075324575009,4287.014719853309,0.1848818410710875,-0.0055054182390524,0,0,1,2024-09-19 13:00:00+00:00,9424.8,19871.24484732571,-10446.44484732571,10.6,95.0,0.1,2024-09-19,10446.44484732571
2025-06-26 08:00:00+00:00,136066.09972011202,2025-06-26 04:00:00-04:00,2025,6,26,8,Thursday,0,0.9659258262890684,-0.2588190451025207,0.4338837391175582,-0.900968867902419,0,,0,0,,,0,0,0,0,1,0,0,0,8,3,26,6,2,2025,26,0.8660254037844387,-0.4999999999999998,0.4338837391175582,-0.900968867902419,1.2246467991473532e-16,-1.0,0,1,0,0,0,114867.3509292981,136032.0045447627,129822.0002314184,133941.47813043252,137522.9105836756,131765.5833722961,126916.26167145286,8602.087087774571,136066.09972011202,114867.3509292981,113746.80711875355,13626.247244127411,136066.09972011202,85842.8262906951,118227.95683629016,14591.268003927507,148032.14795912258,85842.8262906951,21198.74879081392,2124.621589679504,4300.516347815923,0.1845498187196981,0.0158623125512362,0,0,0,2025-06-26 08:00:00+00:00,10767.6,21198.74879081392,-10431.148790813915,8.2,91.0,0.0,2025-06-26,10431.148790813915
2024-01-28 06:00:00+00:00,136615.4724538973,2024-01-28 03:00:00-03:00,2024,1,28,6,Sunday,1,1.0,6.123233995736766e-17,-0.78183148246803,0.6234898018587333,0,,0,0,,,0,0,0,0,0,0,1,0,6,6,28,1,1,2024,4,1.0,6.123233995736766e-17,-0.7818314824680299,0.6234898018587334,0.4999999999999999,0.8660254037844387,1,1,0,0,0,113357.84829215128,122361.78710574252,117305.8044302125,128613.4150762471,138149.5182211111,136993.7696505545,117296.86965590972,11386.66763976042,136615.4724538973,103553.637967604,108609.1637489898,17818.54805390126,136615.4724538973,81046.42361291402,119771.02006419,16112.572590234013,148891.5011388805,81046.42361291402,23257.62416174602,8002.057377650199,-378.2971966571931,0.205169950842798,0.0622179060629581,0,0,0,2024-01-28 06:00:00+00:00,12841.2,23257.62416174602,-10416.424161746016,14.9,96.7,0.0,2024-01-28,10416.424161746016
2024-01-11 04:00:00+00:00,121053.0830710764,2024-01-11 01:00:00-03:00,2024,1,11,4,Thursday,0,0.8660254037844385,0.5000000000000001,0.4338837391175582,-0.900968867902419,0,,0,0,,,0,0,0,0,0,0,1,0,4,3,11,1,1,2024,2,0.8660254037844386,0.5000000000000001,0.4338837391175582,-0.900968867902419,0.4999999999999999,0.8660254037844387,0,0,0,0,1,97879.97665124232,108627.6723319171,103012.03555975592,128432.2228427085,122479.9007228932,126828.5307510982,103846.36871370552,9777.625610240548,121053.0830710764,94321.7830713109,113071.99879586048,16473.90922073694,140763.3549932564,93081.3199577416,116640.50267184924,15629.67776077098,146589.7730382082,88326.8738267035,23173.106419834075,-7379.139771632108,-5775.447680021796,0.2367502242302583,-0.057455517068091,0,0,0,2024-01-11 04:00:00+00:00,12859.2,23173.106419834075,-10313.906419834077,12.7,71.9,0.0,2024-01-11,10313.906419834077
2024-06-23 04:00:00+00:00,112935.9315908321,2024-06-23 00:00:00-04:00,2024,6,23,4,Sunday,1,0.7071067811865476,0.7071067811865477,-0.78183148246803,0.6234898018587333,0,,0,0,,,0,0,0,0,0,0,0,0,4,6,23,6,2,2024,25,0.8660254037844386,0.5000000000000001,-0.7818314824680299,0.6234898018587334,1.2246467991473532e-16,-1.0,1,0,0,0,1,91591.9719481214,104035.73355807972,101774.9681389902,117768.23682709572,124665.312851449,110455.4618640956,101079.04180489204,7214.818736311757,112935.9315908321,91591.9719481214,111912.92437952929,16311.215775432383,137301.2902157345,91591.9719481214,113929.45484261047,12795.317337261944,141282.97724335518,89323.8818872289,21343.959642710703,-4832.305236263623,2480.4697267364973,0.2330330834540841,-0.0410323306729835,0,0,0,2024-06-23 04:00:00+00:00,11052.0,21343.959642710703,-10291.959642710704,6.9,97.6,0.0,2024-06-23,10291.959642710704
2024-10-29 06:00:00+00:00,135928.1443365167,2024-10-29 03:00:00-03:00,2024,10,29,6,Tuesday,0,1.0,6.123233995736766e-17,0.7818314824680299,0.6234898018587335,0,,0,0,,,0,0,0,0,0,0,0,0,6,1,29,10,4,2024,44,1.0,6.123233995736766e-17,0.7818314824680298,0.6234898018587336,-0.8660254037844386,0.5000000000000001,0,1,0,0,0,113821.7240762353,111485.6836885306,121373.77730115408,129759.9269751162,129219.1040543656,125875.8686078035,118141.4377695332,9542.33851797934,135928.1443365167,110374.6120817862,108342.1506499353,13623.932385033904,135928.1443365167,88474.4708250675,110715.557463318,14815.830432951629,137448.806571745,81345.8072399834,22106.420260281404,6168.2173614005005,10052.275728713212,0.1942196925911525,0.0475356106094555,0,0,0,2024-10-29 06:00:00+00:00,11822.4,22106.420260281404,-10284.020260281404,11.7,100.0,0.1,2024-10-29,10284.020260281404
2024-01-17 04:00:00+00:00,126513.17892085352,2024-01-17 01:00:00-03:00,2024,1,17,4,Wednesday,0,0.8660254037844385,0.5000000000000001,0.9749279121818238,-0.2225209339563143,0,,0,0,,,0,0,0,0,0,0,1,0,4,2,17,1,1,2024,3,0.8660254037844386,0.5000000000000001,0.9749279121818236,-0.2225209339563143,0.4999999999999999,0.8660254037844387,0,0,0,0,1,104259.7282625096,113575.22210473348,94363.1192881279,121613.5251480054,119996.60908776028,128432.2228427085,106714.47189549632,11686.749238324826,126513.17892085352,94363.1192881279,114300.8929216074,14318.630416280675,137237.49052591,94363.1192881279,115315.70836303465,16287.573555362673,148707.09735794,82337.2736093768,22253.45065834392,4899.65377284812,-1919.0439218549875,0.2134424386980296,0.0402887241931781,0,0,0,2024-01-17 04:00:00+00:00,12157.2,22253.45065834392,-10096.25065834392,15.2,72.7,0.0,2024-01-17,10096.25065834392
2024-01-19 04:00:00+00:00,124313.7437388506,2024-01-19 01:00:00-03:00,2024,1,19,4,Friday,0,0.8660254037844385,0.5000000000000001,-0.433883739117558,-0.900968867902419,0,,0,0,,,0,0,0,0,0,0,1,0,4,4,19,1,1,2024,3,0.8660254037844386,0.5000000000000001,-0.433883739117558,-0.9009688679024191,0.4999999999999999,0.8660254037844387,0,0,0,0,1,102547.821645397,106732.0134401479,107227.1747420999,132990.5417963039,126513.17892085352,132520.29110514038,106974.3179726182,9058.182630325711,124313.7437388506,98727.5043298573,116168.78904368092,17389.415567101052,144747.1910711051,79311.1686212342,115617.685989209,16590.13928499699,148707.09735794,79311.1686212342,21765.9220934536,-8676.798057453314,-8206.547366289786,0.2122514329823464,-0.0652437229013113,0,0,0,2024-01-19 04:00:00+00:00,11887.2,21765.9220934536,-9878.722093453598,15.4,67.1,0.0,2024-01-19,9878.722093453598
2025-02-14 07:00:00+00:00,141162.5756055121,2025-02-14 04:00:00-03:00,2025,2,14,7,Friday,0,0.9659258262890684,-0.2588190451025207,-0.433883739117558,-0.900968867902419,0,,0,0,,,0,0,0,0,0,0,1,0,7,4,14,2,1,2025,7,0.9659258262890684,-0.2588190451025206,-0.433883739117558,-0.9009688679024191,0.8660254037844386,0.5000000000000001,0,1,0,0,0,118951.95792398312,135062.99606062932,126635.5957934563,143862.22922180398,141190.7918884594,130843.5494235021,126063.80175745518,10139.217524178524,141162.5756055121,117199.1962090508,117629.82211068209,12870.506498593211,143317.59444748712,102590.9583417162,113991.19352788333,20915.236460890468,143942.4743002634,752.54772595,22210.61768152898,-2699.6536162918783,10319.02618201,0.1867192274020641,-0.0187655483367327,0,0,0,2025-02-14 07:00:00+00:00,12362.4,22210.61768152898,-9848.21768152898,13.0,66.8,0.0,2025-02-14,9848.21768152898
2024-06-29 04:00:00+00:00,120323.475125494,2024-06-29 00:00:00-04:00,2024,6,29,4,Saturday,1,0.7071067811865476,0.7071067811865477,-0.9749279121818236,-0.2225209339563146,1,San Pedro y San Pablo,1,0,2024-06-29,2024-06-29,0,0,0,0,1,0,0,0,4,5,29,6,2,2024,26,0.8660254037844386,0.5000000000000001,-0.9749279121818236,-0.2225209339563146,1.2246467991473532e-16,-1.0,1,0,0,0,1,99421.364992906,101734.5392863982,95974.30765483378,123635.6609604928,127718.3392405052,117768.23682709572,104322.53886445152,8548.383206184308,120323.475125494,95974.30765483378,108090.7415489321,12358.290939379878,132414.85815592,94646.8103711552,110670.9592830058,16089.272248598649,143003.38623290308,68330.2374148655,20902.110132588,-3312.185834998789,2555.2382983982825,0.2102376097338778,-0.0267898906291865,1,1,1,2024-06-29 04:00:00+00:00,11131.2,20902.110132588,-9770.910132588,9.3,84.3,0.0,2024-06-29,9770.910132588
2024-01-05 04:00:00+00:00,127891.38539496028,2024-01-05 01:00:00-03:00,2024,1,5,4,Friday,0,0.8660254037844385,0.5000000000000001,-0.433883739117558,-0.900968867902419,0,,0,0,,,0,0,0,0,0,0,1,0,4,4,5,1,1,2024,1,0.8660254037844386,0.5000000000000001,-0.433883739117558,-0.9009688679024191,0.4999999999999999,0.8660254037844387,0,0,0,0,1,107266.7372984047,118310.20494166052,113227.4759536357,126828.5307510982,119269.45694011611,0.0,113579.11190881638,8318.72182840935,127891.38539496028,106343.6560668225,121432.8562006193,12143.465259456458,141144.4211725645,106343.6560668225,115231.5355695197,16369.74973435659,142545.5060712823,34196.938514481895,20624.648096555586,1062.854643862083,0.0,0.1922744050579257,0.0083802488096935,0,0,0,2024-01-05 04:00:00+00:00,10908.0,20624.648096555586,-9716.648096555582,13.4,96.3,0.0,2024-01-05,9716.648096555582
2024-01-21 05:00:00+00:00,131354.796950521,2024-01-21 02:00:00-03:00,2024,1,21,5,Sunday,1,0.9659258262890684,0.2588190451025208,-0.78183148246803,0.6234898018587333,0,,0,0,,,0,0,0,0,0,0,1,0,5,6,21,1,1,2024,3,0.9659258262890684,0.2588190451025207,-0.7818314824680299,0.6234898018587334,0.4999999999999999,0.8660254037844387,1,0,0,0,1,109857.4214731318,106217.1562088976,116408.93915165302,128535.20944795002,129538.1807809391,126152.42308893109,113346.11312428144,9641.6261782108,131354.796950521,105523.3611914917,114804.36825283332,15765.477203098664,140070.08195961252,88635.2940011657,113849.9859797836,15570.441323501504,144747.1910711051,79311.1686212342,21497.3754773892,2819.587502570983,5202.37386158992,0.1956843260029264,0.0219363045711826,0,0,0,2024-01-21 05:00:00+00:00,11793.6,21497.3754773892,-9703.7754773892,12.6,92.8,0.0,2024-01-21,9703.7754773892
2024-01-14 03:00:00+00:00,116122.69787551231,2024-01-14 00:00:00-03:00,2024,1,14,3,Sunday,1,0.7071067811865476,0.7071067811865477,-0.78183148246803,0.6234898018587333,0,,0,0,,,0,0,0,0,0,0,1,0,3,6,14,1,1,2024,2,0.7071067811865476,0.7071067811865476,-0.7818314824680299,0.6234898018587334,0.4999999999999999,0.8660254037844387,1,0,0,0,1,94646.3526538722,83348.2167169996,102751.8589573724,108125.8827488684,126501.5473882292,110640.4529658781,99325.2272037398,10695.298838070234,116122.69787551231,83348.2167169996,119487.42713575042,19648.635594848,148707.09735794,83348.2167169996,115989.41332195292,16496.619957806484,148707.09735794,83348.2167169996,21476.345221640106,7996.815126643909,5482.244909634217,0.2269114933586555,0.073958380022822,0,0,0,2024-01-14 03:00:00+00:00,11880.0,21476.345221640106,-9596.345221640106,13.1,75.3,0.0,2024-01-14,9596.345221640106
2024-03-24 07:00:00+00:00,133627.671380081,2024-03-24 04:00:00-03:00,2024,3,24,7,Sunday,1,0.9659258262890684,-0.2588190451025207,-0.78183148246803,0.6234898018587333,0,,0,0,,,0,0,0,0,0,0,1,0,7,6,24,3,1,2024,12,0.9659258262890684,-0.2588190451025206,-0.7818314824680299,0.6234898018587334,1.0,6.123233995736766e-17,1,1,0,0,0,111812.7908092894,123489.5765033715,117074.57165215162,142422.28275136484,124325.87877319322,135730.24202934228,117582.3095528778,9570.997738376347,133627.671380081,107592.09480097731,109178.37905949436,15451.405244018744,142536.2161131654,88946.02563635098,113235.80866503697,16666.53438008429,142536.2161131654,25252.31866316,21814.880570791604,-8794.611371283827,-2102.570649261266,0.1951018341720813,-0.0617502486365642,0,0,0,2024-03-24 07:00:00+00:00,12535.2,21814.880570791604,-9279.680570791605,16.2,83.9,0.0,2024-03-24,9279.680570791605
2024-06-26 03:00:00+00:00,127300.1616945839,2024-06-25 23:00:00-04:00,2024,6,26,3,Wednesday,0,0.4999999999999999,0.8660254037844386,0.9749279121818238,-0.2225209339563143,0,,0,0,,,0,0,0,0,1,0,0,0,3,2,26,6,2,2024,26,0.7071067811865476,0.7071067811865476,0.9749279121818236,-0.2225209339563143,1.2246467991473532e-16,-1.0,0,0,0,0,1,107042.22889525093,117904.7249581727,112852.9808829892,120095.1010997795,103020.7042087092,117090.9462120529,113246.2901825352,8143.339985068154,127300.1616945839,106784.6507432032,117698.9851968047,13326.49706670725,143003.38623290308,93313.22915683172,110375.7206783155,15396.291816998724,143003.38623290308,68330.2374148655,20257.93279933298,7205.06059480441,10209.215482531,0.1892517841641445,0.0599946253329533,0,0,0,2024-06-26 03:00:00+00:00,11070.0,20257.93279933298,-9187.93279933298,6.7,75.3,0.0,2024-06-26,9187.93279933298
2024-06-30 03:00:00+00:00,124657.9947527242,2024-06-29 23:00:00-04:00,2024,6,30,3,Sunday,1,0.4999999999999999,0.8660254037844386,-0.78183148246803,0.6234898018587333,0,,0,0,,,0,0,0,0,1,0,0,0,3,6,30,6,2,2024,26,0.7071067811865476,0.7071067811865476,-0.7818314824680299,0.6234898018587334,1.2246467991473532e-16,-1.0,1,0,0,0,1,104410.7832995661,114307.20848815433,112069.329583069,99421.364992906,118571.7784434766,91591.9719481214,109534.92405040306,10538.950179413236,124657.9947527242,93089.7101625665,116572.22784679866,14110.739988603862,144948.5874539794,92476.3423481977,111292.6005906237,15922.06604357576,144948.5874539794,68330.2374148655,20247.211453158103,25236.6297598182,33066.022804602806,0.1939187774797801,0.2538350762094135,0,1,0,2024-06-30 03:00:00+00:00,11080.8,20247.211453158103,-9166.411453158104,10.4,72.3,0.0,2024-06-30,9166.411453158104
2024-08-20 12:00:00+00:00,118846.687477504,2024-08-20 08:00:00-04:00,2024,8,20,12,Tuesday,0,0.258819045102521,-0.9659258262890684,0.7818314824680299,0.6234898018587335,0,,0,0,,,0,0,0,0,0,0,0,0,12,1,20,8,3,2024,34,1.2246467991473532e-16,-1.0,0.7818314824680298,0.6234898018587336,-0.8660254037844385,-0.5000000000000004,0,0,1,0,0,98887.25565148258,123476.9831925062,130447.63240418262,102270.6305310869,132302.935460609,124479.9161824418,122868.55464575608,13007.57140664273,133307.2610980956,98887.25565148258,111246.03102324488,14427.031373682375,133307.2610980956,94653.5414011153,116348.95787704288,14029.709925214498,144944.9716601147,93068.8297045815,19959.43182602142,16576.0569464171,-5633.228704937792,0.2018402846203586,0.1620803241393775,0,0,0,2024-08-20 12:00:00+00:00,10803.6,19959.43182602142,-9155.83182602142,5.8,72.3,0.0,2024-08-20,9155.83182602142
2024-01-25 02:00:00+00:00,118349.4254473952,2024-01-24 23:00:00-03:00,2024,1,25,2,Thursday,0,0.4999999999999999,0.8660254037844386,0.4338837391175582,-0.900968867902419,0,,0,0,,,0,0,0,0,0,0,1,0,2,3,25,1,1,2024,4,0.4999999999999999,0.8660254037844387,0.4338837391175582,-0.900968867902419,0.4999999999999999,0.8660254037844387,0,0,0,0,1,96772.13670643,108610.88788762118,104594.7995682358,116173.81755890272,118349.5233431563,119909.2760997152,105446.31744041764,7401.202729956804,118349.4254473952,96772.13670643,118327.1378468519,13971.92996136752,139527.3551121391,96772.13670643,118500.04387232408,15424.95453872268,148891.5011388805,79311.1686212342,21577.288740965203,2175.607888492479,-1559.8506523200049,0.2229700560030261,0.0187271791028937,0,0,0,2024-01-25 02:00:00+00:00,12679.2,21577.288740965203,-8898.088740965202,14.1,97.8,0.0,2024-01-25,8898.088740965202
2024-07-01 05:00:00+00:00,128971.44926309238,2024-07-01 01:00:00-04:00,2024,7,1,5,Monday,0,0.8660254037844385,0.5000000000000001,0.0,1.0,0,,0,0,,,0,0,0,0,1,0,0,0,5,0,1,7,3,2024,27,0.9659258262890684,0.2588190451025207,0.0,1.0,-0.4999999999999997,-0.8660254037844388,0,0,0,0,1,109101.9855700024,110044.2896465755,119436.4823608668,135119.597089185,130347.98475859292,113013.7204626926,115474.20262834508,7667.124117680623,128971.44926309238,109101.9855700024,119841.85579996328,15619.79944912459,147140.4311579218,103821.39532864287,114768.78083562585,14307.304319421151,147140.4311579218,91394.2668858023,19869.46369308997,-6148.147826092623,15957.728800399782,0.1821182592533228,-0.0455015257485897,0,0,0,2024-07-01 05:00:00+00:00,11066.4,19869.46369308997,-8803.063693089973,11.7,60.5,0.0,2024-07-01,8803.063693089973
2024-01-18 06:00:00+00:00,142603.1523741764,2024-01-18 03:00:00-03:00,2024,1,18,6,Thursday,0,1.0,6.123233995736766e-17,0.4338837391175582,-0.900968867902419,0,,0,0,,,0,0,0,0,0,0,1,0,6,3,18,1,1,2024,3,1.0,6.123233995736766e-17,0.4338837391175582,-0.900968867902419,0.4999999999999999,0.8660254037844387,0,1,0,0,0,121064.9252377417,132990.5417963039,127203.8571226412,135400.4339105653,132766.374832598,132499.1819685966,126366.90583740354,10202.921405387298,142603.1523741764,114429.68239384273,117922.41609764374,13498.572581719713,142603.1523741764,97626.46188605049,116053.0647796842,15941.29130078197,148707.09735794,82337.2736093768,21538.227136434696,7202.718463611091,10103.970405579808,0.1779064175205074,0.0531956822853951,0,0,0,2024-01-18 06:00:00+00:00,12826.8,21538.227136434696,-8711.427136434697,11.8,93.3,0.0,2024-01-18,8711.427136434697
2025-07-30 20:00:00+00:00,116005.0100515912,2025-07-30 16:00:00-04:00,2025,7,30,20,Wednesday,0,-0.9659258262890684,0.2588190451025203,0.9749279121818238,-0.2225209339563143,0,,0,0,,,0,0,0,0,0,0,0,0,20,2,30,7,3,2025,31,-0.8660254037844386,0.5000000000000001,0.9749279121818236,-0.2225209339563143,-0.4999999999999997,-0.8660254037844388,0,0,0,1,0,97466.487490545,117723.2437627704,121196.2322915577,99418.9527929085,96230.8271266814,110993.9987037162,116164.64705452176,9523.269851129226,122940.1046928351,97466.487490545,122085.11381182248,12182.745618941675,139005.3216819083,97466.487490545,117660.41564422892,15753.019802241124,146897.686978631,23056.934288771,18538.522561046208,16586.057258682704,5011.011347874999,0.1902040695048601,0.1668299332545955,0,0,0,2025-07-30 20:00:00+00:00,10170.0,18538.522561046208,-8368.522561046208,11.9,94.0,0.0,2025-07-30,8368.522561046208
2024-02-06 04:00:00+00:00,117102.99293345542,2024-02-06 01:00:00-03:00,2024,2,6,4,Tuesday,0,0.8660254037844385,0.5000000000000001,0.7818314824680299,0.6234898018587335,0,,0,0,,,0,0,0,0,0,0,1,0,4,1,6,2,1,2024,6,0.8660254037844386,0.5000000000000001,0.7818314824680298,0.6234898018587336,0.8660254037844386,0.5000000000000001,0,0,0,0,1,96668.881911506,98371.33015906732,91040.62013801004,124201.3488504381,101959.4335444281,128512.73579666093,99476.8215592018,9009.92611171161,117102.99293345542,91040.62013801004,109940.22309080332,15912.67938241726,136676.54967885712,91040.62013801004,104944.89062155552,28778.390559938216,146893.2733693835,949.92763933,20434.11102194941,-7098.355916982677,-11409.742863205507,0.2113825112889533,-0.0571520034418502,0,0,0,2024-02-06 04:00:00+00:00,12085.2,20434.11102194941,-8348.911021949414,14.1,88.7,0.0,2024-02-06,8348.911021949414
2024-01-27 04:00:00+00:00,116945.8577763005,2024-01-27 01:00:00-03:00,2024,1,27,4,Saturday,1,0.8660254037844385,0.5000000000000001,-0.9749279121818236,-0.2225209339563146,0,,0,0,,,0,0,0,0,0,0,1,0,4,5,27,1,1,2024,4,0.8660254037844386,0.5000000000000001,-0.9749279121818236,-0.2225209339563146,0.4999999999999999,0.8660254037844387,1,0,0,0,1,96154.9352178907,106344.9002958238,102080.2769135958,131144.3635441986,130953.0747563059,123752.0715354999,102084.47694320513,8517.830812756847,116945.8577763005,94586.73578757128,115036.06077382078,18315.06438158305,142789.499091459,93837.42905887812,120742.17798423508,15379.709361952371,148891.5011388805,88635.2940011657,20790.9225584098,-14198.505767898096,-6806.213759199396,0.2162231456065857,-0.1082662295517784,0,0,0,2024-01-27 04:00:00+00:00,12574.8,20790.9225584098,-8216.122558409803,15.1,95.2,0.0,2024-01-27,8216.122558409803
2024-10-08 03:00:00+00:00,123161.3659399834,2024-10-08 00:00:00-03:00,2024,10,8,3,Tuesday,0,0.7071067811865476,0.7071067811865477,0.7818314824680299,0.6234898018587335,0,,0,0,,,0,0,0,0,0,0,0,0,3,1,8,10,4,2024,41,0.7071067811865476,0.7071067811865476,0.7818314824680298,0.6234898018587336,-0.8660254037844386,0.5000000000000001,0,0,0,0,1,103194.6414438375,109299.391838836,105524.4202944014,121248.0136692419,116961.51182498808,125738.57694306129,106415.6595417876,9280.76910412826,123161.3659399834,96380.2226293055,109893.10337014646,13087.663379203112,132534.1405503749,95328.5637409402,114617.35534716824,13917.61958617348,147229.0726661556,93432.5944110115,19966.724496145893,1913.352270741496,-2577.211003077886,0.1934860591284921,0.0157804834309369,0,0,0,2024-10-08 03:00:00+00:00,11804.4,19966.724496145893,-8162.324496145893,12.1,90.9,0.0,2024-10-08,8162.324496145893
2025-03-04 09:00:00+00:00,125831.8941165162,2025-03-04 06:00:00-03:00,2025,3,4,9,Tuesday,0,0.7071067811865477,-0.7071067811865475,0.7818314824680299,0.6234898018587335,0,,0,0,,,0,0,0,0,0,1,1,0,9,1,4,3,1,2025,10,0.7071067811865476,-0.7071067811865475,0.7818314824680298,0.6234898018587336,1.0,6.123233995736766e-17,0,1,0,0,0,104296.74583804332,127324.06639241731,126175.4794721038,127497.2815274208,142552.76669303302,132900.9954291755,120814.44568845374,8773.271396505084,127324.06639241731,104296.74583804332,103051.66286258986,15382.620008466594,127324.06639241731,83463.69730818349,107081.98859948972,22335.794322953883,142552.76669303302,9032.5477305213,21535.148278472872,-1665.387410904601,-7069.101312659303,0.2064795800236532,-0.0130621405488274,0,0,0,2025-03-04 09:00:00+00:00,13453.2,21535.148278472872,-8081.948278472872,13.2,81.4,0.0,2025-03-04,8081.948278472872
2024-04-08 07:00:00+00:00,141707.0210800326,2024-04-08 03:00:00-04:00,2024,4,8,7,Monday,0,1.0,6.123233995736766e-17,0.0,1.0,0,,0,0,,,0,0,0,0,0,0,0,0,7,0,8,4,2,2024,15,0.9659258262890684,-0.2588190451025206,0.0,1.0,0.8660254037844387,-0.4999999999999998,0,1,0,0,0,122053.64554014598,139714.1456108684,134662.9492395656,140268.2868013401,133829.6675223028,130041.54684412447,130406.41368479462,9518.0811686185,141707.0210800326,119465.2085923941,118946.94400381176,15152.615266589988,144970.52408166992,100295.0717980306,112962.00497517805,14702.041260248065,144970.52408166992,86479.2934855467,19653.37553988662,1438.7342786925146,11665.474235908128,0.1610224377396594,0.0102570175447438,0,0,0,2024-04-08 07:00:00+00:00,11671.2,19653.37553988662,-7982.175539886619,10.3,88.8,0.0,2024-04-08,7982.175539886619
2024-05-01 02:00:00+00:00,127448.8826131931,2024-04-30 22:00:00-04:00,2024,5,1,2,Wednesday,0,0.2588190451025208,0.9659258262890684,0.9749279121818238,-0.2225209339563143,1,Día del Trabajo,0,1,2024-05-01,2024-05-01,0,0,0,0,0,0,0,0,2,2,1,5,2,2024,18,0.4999999999999999,0.8660254037844387,0.9749279121818236,-0.2225209339563143,0.4999999999999999,-0.8660254037844387,0,0,0,0,1,109374.3468645412,107250.77300342768,117789.37775531552,120207.2443893961,122164.44890199068,114637.4238478174,116357.84694123769,7254.430685178873,127448.8826131931,107250.77300342768,125047.1354699506,11481.122201085493,140935.7792918421,105927.7015830683,117145.12295196531,16915.297829778894,144605.5684330479,3253.89142759,18074.53574865189,7241.638223796996,12811.458765375704,0.1652538850909617,0.0602429434314177,0,0,1,2024-05-01 02:00:00+00:00,10162.8,18074.53574865189,-7911.735748651892,11.2,68.3,0.0,2024-05-01,7911.735748651892
2024-01-06 03:00:00+00:00,119348.94713240847,2024-01-06 00:00:00-03:00,2024,1,6,3,Saturday,1,0.7071067811865476,0.7071067811865477,-0.9749279121818236,-0.2225209339563146,0,,0,0,,,0,0,0,0,0,0,1,0,3,5,6,1,1,2024,1,0.7071067811865476,0.7071067811865476,-0.9749279121818236,-0.2225209339563146,0.4999999999999999,0.8660254037844387,1,0,0,0,1,98824.2916384159,93105.9487723908,105356.9988506748,107266.7372984047,121184.6616039277,0.0,103436.5326853948,8835.180366366107,119348.94713240847,93105.9487723908,117123.3468560317,14535.539400131483,138523.47093657815,93105.9487723908,115495.5970296072,16021.664991485492,142545.5060712823,34196.938514481895,20524.65549399257,12082.209834003776,0.0,0.2076883644062876,0.1126370591508936,0,0,0,2024-01-06 03:00:00+00:00,12628.8,20524.65549399257,-7895.855493992571,13.0,94.4,0.0,2024-01-06,7895.855493992571
2025-07-03 18:00:00+00:00,50586.7530336135,2025-07-03 14:00:00-04:00,2025,7,3,18,Thursday,0,-0.9659258262890684,-0.2588190451025207,0.4338837391175582,-0.900968867902419,0,,0,0,,,0,0,0,0,1,0,0,0,18,3,3,7,3,2025,27,-1.0,-1.8369701987210292e-16,0.4338837391175582,-0.900968867902419,-0.4999999999999997,-0.8660254037844388,0,0,0,1,0,30918.245017592,31159.193367692,31808.985436692,100085.1613393794,101428.1419973923,101468.197455725,35328.71389875792,7591.006919925267,50586.7530336135,30918.245017592,78297.01319233367,40143.40881295308,136923.4378540609,30918.245017592,110907.13321697564,24911.240205844624,145643.6027632714,30918.245017592,19668.508016021504,-49498.40830576589,-50881.44442211151,0.6361456804818784,-0.4945629066622716,0,0,0,2025-07-03 18:00:00+00:00,11829.6,19668.508016021504,-7838.908016021503,22.0,41.0,0.0,2025-07-03,7838.908016021503
2025-07-05 07:00:00+00:00,142085.77192601148,2025-07-05 03:00:00-04:00,2025,7,5,7,Saturday,1,1.0,6.123233995736766e-17,-0.9749279121818236,-0.2225209339563146,0,,0,0,,,0,0,0,0,0,0,0,0,7,5,5,7,3,2025,27,0.9659258262890684,-0.2588190451025206,-0.9749279121818236,-0.2225209339563146,-0.4999999999999997,-0.8660254037844388,1,1,0,0,0,124357.7466557841,136586.7314372583,119780.8888212462,67447.3537237477,136923.4378540609,138295.0526292965,127572.56785755676,9479.774758752044,142085.77192601148,119310.75811408908,105791.3617550871,24297.17822065808,142085.77192601148,53987.3827443156,105888.57666692654,28733.25743847449,145643.6027632714,30918.245017592,17728.025270227386,74638.41820226378,3790.7192967149895,0.14255666210564,1.1066174442954335,0,0,0,2025-07-05 07:00:00+00:00,9975.6,17728.025270227386,-7752.425270227386,10.1,97.2,0.0,2025-07-05,7752.425270227386
2025-09-29 22:00:00+00:00,104297.6125142577,2025-09-29 19:00:00-03:00,2025,9,29,22,Monday,0,-0.5000000000000003,0.8660254037844383,0.0,1.0,0,,0,0,,,0,0,0,0,0,0,0,0,22,0,29,9,3,2025,40,-0.5000000000000004,0.8660254037844384,0.0,1.0,-1.0,-1.8369701987210292e-16,0,0,0,0,1,84662.10347671901,104410.39877097,105190.5134442693,96808.63788117313,93996.4986251254,86282.6085244719,101836.84058771742,8457.438888240684,106495.441160477,84662.10347671901,115525.88027538647,13136.288385634003,134591.4799234982,84662.10347671901,116100.94312524416,13838.000429071571,142967.1414982459,84662.10347671901,19635.50903753868,7488.974633084566,18015.0039897858,0.2319279610497533,0.0773585373887486,0,0,0,2025-09-29 22:00:00+00:00,11890.8,19635.50903753868,-7744.70903753868,12.2,80.0,0.0,2025-09-29,7744.70903753868
2025-06-25 19:00:00+00:00,105186.0560964829,2025-06-25 15:00:00-04:00,2025,6,25,19,Wednesday,0,-1.0,-1.8369701987210287e-16,0.9749279121818238,-0.2225209339563143,0,,0,0,,,0,0,0,0,1,0,0,0,19,2,25,6,2,2025,26,-0.9659258262890684,0.2588190451025203,0.9749279121818236,-0.2225209339563143,1.2246467991473532e-16,-1.0,0,0,0,1,0,85842.8262906951,106909.5805841688,108399.4770466904,100706.4376902741,104083.302600999,101851.1539072322,101315.61990683906,10980.814232932622,112320.2476149291,85842.8262906951,115226.41760316934,14216.995753218878,135301.70060272247,85842.8262906951,118100.9978220551,14668.394509438172,148032.14795912258,85842.8262906951,19343.229805787807,4479.6184062088,3334.9021892507008,0.2253330958638824,0.0444819468243531,0,0,0,2025-06-25 19:00:00+00:00,11689.2,19343.229805787807,-7654.029805787806,11.3,73.0,0.0,2025-06-25,7654.029805787806
2024-01-03 04:00:00+00:00,119269.45694011611,2024-01-03 01:00:00-03:00,2024,1,3,4,Wednesday,0,0.8660254037844385,0.5000000000000001,0.9749279121818238,-0.2225209339563143,0,,0,0,,,0,0,0,0,0,0,1,0,4,2,3,1,1,2024,1,0.8660254037844386,0.5000000000000001,0.9749279121818236,-0.2225209339563143,0.4999999999999999,0.8660254037844387,0,0,0,0,1,99491.8830964265,107660.0727368612,101689.7656681141,132766.8891103855,100121.20048753008,0.0,102926.89909576904,9430.580525177782,119269.45694011611,92810.8811482884,110919.8218726893,18642.47369589555,142545.5060712823,90049.2924944347,113821.05543157052,15679.942064238296,142545.5060712823,90049.2924944347,19777.573843689606,-13497.432170269383,0.0,0.1987858027023308,-0.101662637881402,0,0,0,2024-01-03 04:00:00+00:00,12128.4,19777.573843689606,-7649.173843689607,13.1,94.4,0.0,2024-01-03,7649.173843689607
2024-04-08 22:00:00+00:00,108477.6643481135,2024-04-08 18:00:00-04:00,2024,4,8,22,Monday,0,-0.7071067811865477,0.7071067811865474,0.0,1.0,0,,0,0,,,0,0,0,0,0,0,0,0,22,0,8,4,2,2024,15,-0.5000000000000004,0.8660254037844384,0.0,1.0,0.8660254037844387,-0.4999999999999998,0,0,0,0,1,89207.3110606861,107688.6040712652,108008.11083352698,102518.2718686186,92802.57118754373,88292.1258485145,105967.6565669422,8455.53397042808,113229.17070397022,89207.3110606861,119074.6442308714,12541.542016500718,141707.0210800326,89207.3110606861,114014.02336977136,14358.822786815226,144970.52408166992,86479.2934855467,19270.353287427395,5959.392479494898,20185.538499599003,0.2160176453958815,0.0581300520470351,0,0,0,2024-04-08 22:00:00+00:00,11703.6,19270.353287427395,-7566.753287427395,17.8,65.0,0.0,2024-04-08,7566.753287427395
2025-01-29 02:00:00+00:00,107219.35330135011,2025-01-28 23:00:00-03:00,2025,1,29,2,Wednesday,0,0.4999999999999999,0.8660254037844386,0.9749279121818238,-0.2225209339563143,0,,0,0,,,0,0,0,0,0,0,1,0,2,2,29,1,1,2025,5,0.4999999999999999,0.8660254037844387,0.9749279121818236,-0.2225209339563143,0.4999999999999999,0.8660254037844387,0,0,0,0,1,86360.07886256848,96521.4661722395,91969.4636867364,101177.6756999601,112963.4265590875,107809.37999547031,94260.94734122625,7128.88440622435,107219.35330135011,86360.07886256848,102734.2522904296,11538.476394514291,124167.9761018356,86360.07886256848,109576.71760379367,15067.29189203782,139968.90981235408,78959.67042949621,20859.274438781635,6041.677601390009,-590.026694120199,0.24153839034789,0.0597135441152696,0,0,0,2025-01-29 02:00:00+00:00,13330.8,20859.274438781635,-7528.474438781635,16.9,47.5,0.0,2025-01-29,7528.474438781635
2025-06-25 16:00:00+00:00,108399.4770466904,2025-06-25 12:00:00-04:00,2025,6,25,16,Wednesday,0,-0.7071067811865471,-0.707106781186548,0.9749279121818238,-0.2225209339563143,0,,0,0,,,0,0,0,0,1,0,0,0,16,2,25,6,2,2025,26,-0.8660254037844385,-0.5000000000000004,0.9749279121818236,-0.2225209339563143,1.2246467991473532e-16,-1.0,0,0,1,0,0,89235.5318080681,112320.2476149291,115124.5482325429,106069.27958388093,107920.37576749267,99252.60658009988,111901.68415982986,12637.21381597957,125187.8424691764,89235.5318080681,115388.588478731,13602.856140239985,135301.70060272247,89235.5318080681,118167.1331563806,14536.597046729825,148032.14795912258,89235.5318080681,19163.9452386223,2330.197462809476,9146.870466590524,0.2147568894399709,0.0219686366490943,0,0,0,2025-06-25 16:00:00+00:00,11642.4,19163.9452386223,-7521.545238622299,10.8,78.0,0.0,2025-06-25,7521.545238622299
2024-02-09 02:00:00+00:00,117459.76048171842,2024-02-08 23:00:00-03:00,2024,2,9,2,Friday,0,0.4999999999999999,0.8660254037844386,-0.433883739117558,-0.900968867902419,0,,0,0,,,0,0,0,0,0,0,1,0,2,4,9,2,1,2024,6,0.4999999999999999,0.8660254037844387,-0.433883739117558,-0.9009688679024191,0.8660254037844386,0.5000000000000001,0,0,0,0,1,97386.08289394507,105429.9059771575,102460.421455534,118625.6235288183,120015.3963811484,119113.3655975785,104289.54298281552,6950.958034681594,117459.76048171842,97386.08289394507,119895.8394978278,15249.200720861038,143776.7983526794,97386.08289394507,104195.47961332876,27813.534861519114,143776.7983526794,949.92763933,20073.677587773345,-1165.863047099876,-1653.6051158600749,0.2061247047962067,-0.0098280878314341,0,0,0,2024-02-09 02:00:00+00:00,12578.4,20073.677587773345,-7495.277587773346,15.9,84.1,0.0,2024-02-09,7495.277587773346
2024-01-15 03:00:00+00:00,115008.5500203329,2024-01-15 00:00:00-03:00,2024,1,15,3,Monday,0,0.7071067811865476,0.7071067811865477,0.0,1.0,0,,0,0,,,0,0,0,0,0,0,1,0,3,0,15,1,1,2024,3,0.7071067811865476,0.7071067811865476,0.0,1.0,0.4999999999999999,0.8660254037844387,0,0,0,0,1,95547.6253263102,92829.9934298437,100683.6705524073,116122.69787551231,108125.8827488684,114684.3089595573,99710.27908506252,7921.982502586024,115008.5500203329,92829.9934298437,115518.46436732524,16196.269803978972,142599.97973638072,92829.9934298437,116207.3524372956,15838.84028968921,148707.09735794,83348.2167169996,19460.924694022706,-1114.1478551794137,324.2410607756028,0.2036777431941461,-0.0095945743214975,0,0,0,2024-01-15 03:00:00+00:00,11980.8,19460.924694022706,-7480.124694022703,17.3,54.2,0.0,2024-01-15,7480.124694022703
2025-08-12 12:00:00+00:00,124548.6793093408,2025-08-12 08:00:00-04:00,2025,8,12,12,Tuesday,0,0.258819045102521,-0.9659258262890684,0.7818314824680299,0.6234898018587335,0,,0,0,,,0,0,0,0,0,0,0,0,12,1,12,8,3,2025,33,1.2246467991473532e-16,-1.0,0.7818314824680298,0.6234898018587336,-0.8660254037844385,-0.5000000000000004,0,0,1,0,0,105588.6828034822,132041.2873808946,135130.563034605,115446.9015941596,116425.6708070086,119824.70687777307,128444.2546808885,12101.866615004385,137539.41280175291,105588.6828034822,113594.02179450895,15863.10215502909,137539.41280175291,95458.318373116,112858.51129150351,16149.055848698425,138581.26654657663,49619.2104477906,18959.99650585861,9101.777715181204,4723.97243156773,0.1795646654778928,0.0788395148721916,0,0,0,2025-08-12 12:00:00+00:00,11754.0,18959.99650585861,-7205.996505858609,14.1,73.6,0.0,2025-08-12,7205.996505858609
2024-07-13 04:00:00+00:00,132284.7490914267,2024-07-13 00:00:00-04:00,2024,7,13,4,Saturday,1,0.7071067811865476,0.7071067811865477,-0.9749279121818236,-0.2225209339563146,0,,0,0,,,0,0,0,0,0,0,0,0,4,5,13,7,3,2024,28,0.8660254037844386,0.5000000000000001,-0.9749279121818236,-0.2225209339563146,-0.4999999999999997,-0.8660254037844388,1,0,0,0,1,115143.9548904468,122376.94166947332,118383.26129963,135468.51056660578,127148.683779933,127007.68527402318,119637.3428255053,6906.893790840517,132284.7490914267,113625.928506406,123320.98519371456,11224.199042344835,142566.7485223383,109481.599571618,119864.826191225,13318.809576167596,145522.50070878703,98134.5082868328,17140.7942009799,-3183.7614751790825,5277.063817403512,0.148864039082976,-0.0235018563492194,0,0,0,2024-07-13 04:00:00+00:00,10137.6,17140.7942009799,-7003.1942009799,5.8,98.8,0.1,2024-07-13,7003.1942009799
2025-07-05 05:00:00+00:00,136586.7314372583,2025-07-05 01:00:00-04:00,2025,7,5,5,Saturday,1,0.8660254037844385,0.5000000000000001,-0.9749279121818236,-0.2225209339563146,0,,0,0,,,0,0,0,0,0,0,0,0,5,5,5,7,3,2025,27,0.9659258262890684,0.2588190451025207,-0.9749279121818236,-0.2225209339563146,-0.4999999999999997,-0.8660254037844388,1,0,0,0,1,119780.8888212462,123313.5101909514,119310.75811408908,64754.0816187657,131290.4584476768,132612.7051025709,122748.7371435848,7035.356622941433,136586.7314372583,117511.5558577996,100282.23584458874,24829.92769746321,136586.7314372583,53987.3827443156,105937.63061718617,28767.49144951414,145643.6027632714,30918.245017592,16805.8426160121,71832.64981849262,3974.026334687398,0.1403048748543862,1.1093146257775903,0,0,0,2025-07-05 05:00:00+00:00,9896.4,16805.8426160121,-6909.442616012102,10.2,100.0,0.1,2025-07-05,6909.442616012102
2024-08-02 05:00:00+00:00,128904.12156061802,2024-08-02 01:00:00-04:00,2024,8,2,5,Friday,0,0.8660254037844385,0.5000000000000001,-0.433883739117558,-0.900968867902419,0,,0,0,,,0,0,0,0,0,0,0,0,5,4,2,8,3,2024,31,0.9659258262890684,0.2588190451025207,-0.433883739117558,-0.9009688679024191,-0.8660254037844385,-0.5000000000000004,0,0,0,0,1,112015.2180343651,108500.6067269021,110344.4542575208,132981.4430695737,137744.99079142552,129820.20882255168,114447.41743571828,7352.78983200881,128904.12156061802,108500.6067269021,118730.92569012304,9846.01870539134,135341.70288746123,106664.3070030356,118030.6019594823,13147.65410379606,142394.3855201573,94013.11118858909,16888.90352625292,-4077.321508955676,-916.0872619336589,0.1507732951166651,-0.030660830675619,0,0,0,2024-08-02 05:00:00+00:00,10087.2,16888.90352625292,-6801.703526252921,10.4,99.0,0.4,2024-08-02,6801.703526252921
2024-08-02 07:00:00+00:00,132222.8589032271,2024-08-02 03:00:00-04:00,2024,8,2,7,Friday,0,1.0,6.123233995736766e-17,-0.433883739117558,-0.900968867902419,0,,0,0,,,0,0,0,0,0,0,0,0,7,4,2,8,3,2024,31,0.9659258262890684,-0.2588190451025206,-0.433883739117558,-0.9009688679024191,-0.8660254037844385,-0.5000000000000004,0,1,0,0,0,115366.412937979,128904.12156061802,112015.2180343651,135341.70288746123,136878.4203190611,131586.0667920473,117892.27873676868,10126.393319719156,132222.8589032271,108500.6067269021,117814.8079854272,9056.941089570542,134812.0957293271,106664.3070030356,117942.04596961995,13115.352391986358,142394.3855201573,94013.11118858909,16856.445965248116,-3118.8439842341177,636.7921111798205,0.1461122482356294,-0.0230442200570468,0,0,0,2024-08-02 07:00:00+00:00,10112.4,16856.445965248116,-6744.045965248117,10.4,99.0,0.5,2024-08-02,6744.045965248117
2024-01-01 05:00:00+00:00,118844.9454228508,2024-01-01 02:00:00-03:00,2024,1,1,5,Monday,0,0.9659258262890684,0.2588190451025208,0.0,1.0,1,Año Nuevo,0,1,2024-01-01,2024-01-01,1,0,0,0,0,0,1,0,5,0,1,1,1,2024,1,0.9659258262890684,0.2588190451025207,0.0,1.0,0.4999999999999999,0.8660254037844387,0,0,0,0,1,100121.20048753008,97763.1073908067,106856.9536904011,0.0,0.0,0.0,102374.1346526818,9420.855700197264,118844.9454228508,91669.8828607429,102374.1346526818,9420.855700197264,118844.9454228508,91669.8828607429,102374.1346526818,9420.855700197264,118844.9454228508,91669.8828607429,18723.74493532072,0.0,0.0,0.1870107913623422,0.0,0,0,1,2024-01-01 05:00:00+00:00,12088.8,18723.74493532072,-6634.94493532072,13.0,89.5,0.0,2024-01-01,6634.94493532072
2024-02-03 02:00:00+00:00,86880.486116305,2024-02-02 23:00:00-03:00,2024,2,3,2,Saturday,1,0.4999999999999999,0.8660254037844386,-0.9749279121818236,-0.2225209339563146,0,,0,0,,,0,0,0,0,0,0,1,0,2,5,3,2,1,2024,5,0.4999999999999999,0.8660254037844387,-0.9749279121818236,-0.2225209339563146,0.8660254037844386,0.5000000000000001,1,0,0,0,1,67297.6561555689,78300.88894937711,63732.5583384219,119113.3655975785,115898.5860245473,106344.9002958238,63474.26907322867,23621.431175216927,86880.486116305,18734.85412068,82874.30747144163,50734.12220519648,138144.612660848,949.92763933,113201.81200932772,27147.55274801794,147051.3302657383,949.92763933,19582.829960736097,-32232.8794812735,-19464.414179518804,0.2909882911147361,-0.2706067393828117,0,0,0,2024-02-03 02:00:00+00:00,12956.4,19582.829960736097,-6626.429960736097,21.2,48.3,0.0,2024-02-03,6626.429960736097
2024-01-18 23:00:00+00:00,98727.5043298573,2024-01-18 20:00:00-03:00,2024,1,18,23,Thursday,0,-0.2588190451025215,0.9659258262890682,0.4338837391175582,-0.900968867902419,0,,0,0,,,0,0,0,0,0,0,1,0,23,3,18,1,1,2024,3,-0.2588190451025215,0.965925826289068,0.4338837391175582,-0.900968867902419,0.4999999999999999,0.8660254037844387,0,0,0,0,1,79311.1686212342,98961.12742538269,101442.9278461778,105465.2019418785,98048.349436696,105816.2174711001,98389.9733062337,9911.702514267576,107210.1878758734,79311.1686212342,118705.43622606374,17008.95215731138,144747.1910711051,79311.1686212342,115979.17267829928,16568.275007823282,148707.09735794,79311.1686212342,19416.335708623097,-6737.697612021206,-7088.713141242799,0.2448121247758883,-0.0638855042987005,0,0,0,2024-01-18 23:00:00+00:00,12812.4,19416.335708623097,-6603.9357086230975,20.5,50.0,0.0,2024-01-18,6603.9357086230975
2025-06-26 13:00:00+00:00,114386.625371254,2025-06-26 09:00:00-04:00,2025,6,26,13,Thursday,0,1.2246467991473532e-16,-1.0,0.4338837391175582,-0.900968867902419,0,,0,0,,,0,0,0,0,1,0,0,0,13,3,26,6,2,2025,26,-0.2588190451025208,-0.9659258262890684,0.4338837391175582,-0.900968867902419,1.2246467991473532e-16,-1.0,0,0,1,0,0,96230.322048013,125330.377570578,130213.9861201471,115124.5482325429,116000.73222460713,113768.8273058013,122616.43772657472,15018.420236254864,136066.09972011202,96230.322048013,112879.8480069746,14222.700893704883,136066.09972011202,85842.8262906951,118153.47520736774,14718.229616226305,148032.14795912258,85842.8262906951,18156.30332324101,-737.9228612888983,617.7980654527055,0.1886754916416275,-0.0064097785625907,0,0,0,2025-06-26 13:00:00+00:00,11710.8,18156.30332324101,-6445.50332324101,7.1,90.0,0.0,2025-06-26,6445.50332324101
2024-06-15 01:00:00+00:00,85625.60086670051,2024-06-14 21:00:00-04:00,2024,6,15,1,Saturday,1,0.0,1.0,-0.9749279121818236,-0.2225209339563146,0,,0,0,,,0,0,0,0,0,0,0,0,1,5,15,6,2,2024,24,0.2588190451025207,0.9659258262890684,-0.9749279121818236,-0.2225209339563146,1.2246467991473532e-16,-1.0,1,0,0,0,1,67416.353342249,76132.4110737861,73073.3875400601,110955.8190715253,121490.9698290069,110978.5511327384,74067.50972194654,6340.387997181163,85625.60086670051,67416.353342249,95516.62786341728,22332.36661575023,125176.68834279072,67416.353342249,117018.9588895899,17056.279805095728,146123.56991223458,67416.353342249,18209.247524451508,-25330.218204824792,-25352.950266037893,0.2701013422071288,-0.2282910298602384,0,0,0,2024-06-15 01:00:00+00:00,11775.6,18209.247524451508,-6433.647524451508,11.6,93.7,0.0,2024-06-15,6433.647524451508
2024-01-17 02:00:00+00:00,113575.22210473348,2024-01-16 23:00:00-03:00,2024,1,17,2,Wednesday,0,0.4999999999999999,0.8660254037844386,0.9749279121818238,-0.2225209339563143,0,,0,0,,,0,0,0,0,0,0,1,0,2,2,17,1,1,2024,3,0.4999999999999999,0.8660254037844387,0.9749279121818236,-0.2225209339563143,0.4999999999999999,0.8660254037844387,0,0,0,0,1,94363.1192881279,103527.2333600575,98048.349436696,107847.6999559152,95547.6253263102,116530.9640282007,101067.73668132996,6786.756235024525,113575.22210473348,94363.1192881279,114534.58928001476,14015.44223771011,137237.49052591,94363.1192881279,115438.7839976746,16284.11660699442,148707.09735794,82337.2736093768,19212.102816605577,5727.522148818272,-2955.741923467227,0.203597580935656,0.0531075039259947,0,0,0,2024-01-17 02:00:00+00:00,12801.6,19212.102816605577,-6410.502816605576,17.0,63.4,0.0,2024-01-17,6410.502816605576
2025-05-13 21:00:00+00:00,109125.8325065224,2025-05-13 17:00:00-04:00,2025,5,13,21,Tuesday,0,-0.8660254037844385,0.5,0.7818314824680299,0.6234898018587335,0,,0,0,,,0,0,0,0,0,0,0,0,21,1,13,5,2,2025,20,-0.7071067811865477,0.7071067811865474,0.7818314824680298,0.6234898018587336,0.4999999999999999,-0.8660254037844387,0,0,0,1,0,92223.1168226304,37981.984202862,111655.30346988812,95412.0829381593,116029.3067453549,102512.5348745133,97101.18089956384,30256.34614294665,116777.68392646089,37981.984202862,113186.4010604356,20026.185261445946,131234.6330178178,37981.984202862,118801.91323602172,14891.272647851803,148842.59681800002,37981.984202862,16902.715683892005,13713.7495683631,6613.297632009111,0.1832806813111773,0.1437317910484312,0,0,0,2025-05-13 21:00:00+00:00,10897.2,16902.715683892005,-6005.515683892005,13.9,86.0,0.0,2025-05-13,6005.515683892005
2025-09-25 09:00:00+00:00,131260.0512195545,2025-09-25 06:00:00-03:00,2025,9,25,9,Thursday,0,0.7071067811865477,-0.7071067811865475,0.4338837391175582,-0.900968867902419,0,,0,0,,,0,0,0,0,0,0,0,0,9,3,25,9,3,2025,39,0.7071067811865476,-0.7071067811865475,0.4338837391175582,-0.900968867902419,-1.0,-1.8369701987210292e-16,0,1,0,0,0,113831.8333243881,131404.95442018003,130687.7483087522,131443.1907274512,129055.87696149512,138592.9410245534,126965.36296441828,6847.4435071797925,131404.95442018003,113831.8333243881,112491.82945770847,12421.888311396402,131404.95442018003,95229.58768329708,118289.39201757142,15575.31168357026,150885.1785252567,86282.6085244719,17428.217895166395,-183.13950789670344,-7332.8898049989075,0.1531049565502558,-0.0013932977956724,0,0,0,2025-09-25 09:00:00+00:00,11667.6,17428.217895166395,-5760.617895166395,10.7,90.0,0.0,2025-09-25,5760.617895166395
2024-03-02 11:00:00+00:00,122621.10956998372,2024-03-02 08:00:00-03:00,2024,3,2,11,Saturday,1,0.258819045102521,-0.9659258262890684,-0.9749279121818236,-0.2225209339563146,0,,0,0,,,0,0,0,0,0,0,1,0,11,5,2,3,1,2024,9,0.258819045102521,-0.9659258262890682,-0.9749279121818236,-0.2225209339563146,1.0,6.123233995736766e-17,1,1,0,0,0,104134.064258399,129045.7231775022,141615.7954222805,122499.1217160464,124810.7611543874,123019.66369836658,127871.20711318178,13348.205371334736,141615.7954222805,104134.064258399,113003.65519844728,13857.397999060398,141615.7954222805,96837.43132776512,115010.40045238212,14313.597118131544,144811.93252426904,87912.9084424803,18487.04531158472,121.98785393731669,-398.5541283828643,0.177531199259743,0.000995826355556,0,0,0,2024-03-02 11:00:00+00:00,12798.0,18487.04531158472,-5689.04531158472,13.7,98.5,0.0,2024-03-02,5689.04531158472
2024-09-01 07:00:00+00:00,136630.11313297,2024-09-01 03:00:00-04:00,2024,9,1,7,Sunday,1,1.0,6.123233995736766e-17,-0.78183148246803,0.6234898018587333,0,,0,0,,,0,0,0,0,0,0,0,0,7,6,1,9,3,2024,35,0.9659258262890684,-0.2588190451025206,-0.7818314824680299,0.6234898018587334,-1.0,-1.8369701987210292e-16,1,1,0,0,0,120231.66804137772,128129.8403721296,122612.5647638841,139667.48973520458,130924.41534739282,138862.3294581167,122781.20665806644,8696.14941651907,136630.11313297,111766.4822006704,110953.76984467206,15794.509528060547,138512.55773154838,89745.11697920041,114891.71299373076,14156.524321489234,141922.692147828,89745.11697920041,16398.44509159228,-3037.376602234581,-2232.216325146699,0.136390398292975,-0.021747198349402,0,0,0,2024-09-01 07:00:00+00:00,10886.4,16398.44509159228,-5512.045091592279,11.2,69.3,0.0,2024-09-01,5512.045091592279
2024-07-02 08:00:00+00:00,136797.0174510504,2024-07-02 04:00:00-04:00,2024,7,2,8,Tuesday,0,0.9659258262890684,-0.2588190451025207,0.7818314824680299,0.6234898018587335,0,,0,0,,,0,0,0,0,1,0,0,0,8,1,2,7,3,2024,27,0.8660254037844387,-0.4999999999999998,0.7818314824680298,0.6234898018587336,-0.4999999999999997,-0.8660254037844388,0,1,0,0,0,120368.74331304518,119225.6946658468,116539.52698270309,138582.6459989786,147003.2741223429,143003.38623290308,123190.45007116567,7558.265408726823,136797.0174510504,116539.52698270309,108015.37811084608,15634.287196019124,136797.0174510504,85051.88589194449,114776.84235782245,14828.28316212996,147140.4311579218,85051.88589194449,16428.274138005218,-1785.6285479282087,-6206.368781852681,0.1364828915367164,-0.0128849361697234,0,0,0,2024-07-02 08:00:00+00:00,10933.2,16428.274138005218,-5495.074138005217,12.6,54.8,0.0,2024-07-02,5495.074138005217
2024-05-12 01:00:00+00:00,105925.4830826226,2024-05-11 21:00:00-04:00,2024,5,12,1,Sunday,1,0.0,1.0,-0.78183148246803,0.6234898018587333,0,,0,0,,,0,0,0,0,0,0,0,0,1,6,12,5,2,2024,19,0.2588190451025207,0.9659258262890684,-0.7818314824680299,0.6234898018587334,0.4999999999999999,-0.8660254037844387,1,0,0,0,1,89396.47330212459,99141.3919690285,97559.2820843431,104404.34121735638,115803.1603163836,110627.68984156691,97529.35809783444,5315.796707219058,105925.4830826226,89396.47330212459,115084.70229228132,18184.01892230676,144628.9414430139,89396.47330212459,118617.04688951052,14533.871026707866,144628.9414430139,88464.9094599102,16529.009780498003,1521.1418652662103,-4702.206758944318,0.1848955464343264,0.0145697185340156,0,0,0,2024-05-12 01:00:00+00:00,11034.0,16529.009780498003,-5495.009780498003,8.7,82.3,0.0,2024-05-12,5495.009780498003
2025-04-15 05:00:00+00:00,141119.40477440107,2025-04-15 01:00:00-04:00,2025,4,15,5,Tuesday,0,0.8660254037844385,0.5000000000000001,0.7818314824680299,0.6234898018587335,0,,0,0,,,0,0,0,0,0,0,0,0,5,1,15,4,2,2025,16,0.9659258262890684,0.2588190451025207,0.7818314824680298,0.6234898018587336,0.8660254037844387,-0.4999999999999998,0,0,0,0,1,123023.05198880722,129617.15205862188,123368.66758361387,130147.1872232503,127815.8197205694,132903.42700971352,124319.12977367984,10306.979809180715,141119.40477440107,111135.8323901361,110621.03871444456,26499.34781320046,141119.40477440107,2944.3915260000003,111469.22771261312,25952.40581405655,141569.33387030018,2913.7660325,18096.35278559386,10972.21755115078,8215.97776468756,0.1470972512309343,0.0843062211734886,0,0,0,2025-04-15 05:00:00+00:00,12643.2,18096.35278559386,-5453.152785593858,13.0,98.4,0.0,2025-04-15,5453.152785593858
2024-09-13 05:00:00+00:00,134633.2997610321,2024-09-13 02:00:00-03:00,2024,9,13,5,Friday,0,0.9659258262890684,0.2588190451025208,-0.433883739117558,-0.900968867902419,0,,0,0,,,0,0,0,0,0,0,0,0,5,4,13,9,3,2024,37,0.9659258262890684,0.2588190451025207,-0.433883739117558,-0.9009688679024191,-1.0,-1.8369701987210292e-16,0,0,0,0,1,118353.3075743285,114787.5580043694,119771.9685343479,134054.75775289352,133882.68740119232,118925.4087733807,118715.47539302596,8408.409923938372,134633.2997610321,111146.798646267,119411.21011753877,11212.06663393132,137998.4260517461,105254.8785135552,112003.25984416186,16358.412787275398,137998.4260517461,2465.58595865,16279.992186703605,578.5420081385819,15707.890987651408,0.1375541801100861,0.0043157140994951,0,0,0,2024-09-13 05:00:00+00:00,10864.8,16279.992186703605,-5415.192186703604,6.7,92.3,0.0,2024-09-13,5415.192186703604
2024-05-18 06:00:00+00:00,137929.1294950713,2024-05-18 02:00:00-04:00,2024,5,18,6,Saturday,1,0.9659258262890684,0.2588190451025208,-0.9749279121818236,-0.2225209339563146,0,,0,0,,,0,0,0,0,0,0,0,0,6,5,18,5,2,2024,20,1.0,6.123233995736766e-17,-0.9749279121818236,-0.2225209339563146,0.4999999999999999,-0.8660254037844387,1,1,0,0,0,121519.02264546468,122415.527260914,117691.93847552188,129851.4896047939,138970.8826980074,141376.11523975834,120421.10703127406,9905.201646049172,137929.1294950713,109065.4869154003,116056.95485538254,11523.281354764851,137929.1294950713,104353.3603182204,115274.34750181444,15030.019359654276,144628.9414430139,47243.527450602,16410.10684960663,8077.639890277409,-3446.98574468703,0.1350414650509788,0.0622067556934611,0,0,0,2024-05-18 06:00:00+00:00,11005.2,16410.10684960663,-5404.906849606628,6.1,82.3,0.0,2024-05-18,5404.906849606628
2025-05-19 01:00:00+00:00,106405.2345179931,2025-05-18 21:00:00-04:00,2025,5,19,1,Monday,0,0.0,1.0,0.0,1.0,0,,0,0,,,0,0,0,0,0,0,0,0,1,0,19,5,2,2025,21,0.2588190451025207,0.9659258262890684,0.0,1.0,0.4999999999999999,-0.8660254037844387,0,0,0,0,1,98426.284894487,94839.17883172348,91047.5392064889,108331.3056743845,114221.8793200363,124142.8541585158,94657.07870512069,6925.996543312028,106405.2345179931,87753.04526328339,108049.18901728738,18164.869663363843,137559.55577442428,78144.766188292,114742.16351116404,15655.679283903815,139355.1219704652,37981.984202862,7978.949623506094,-1926.0711563913933,-17737.619640522695,0.0810652320369456,-0.0177794511420424,0,0,0,2025-05-19 01:00:00+00:00,2581.2,7978.949623506094,-5397.749623506094,11.5,99.6,0.0,2025-05-19,5397.749623506094
2025-08-29 04:00:00+00:00,131141.5275439338,2025-08-29 00:00:00-04:00,2025,8,29,4,Friday,0,0.7071067811865476,0.7071067811865477,-0.433883739117558,-0.900968867902419,0,,0,0,,,0,0,0,0,0,0,0,0,4,4,29,8,3,2025,35,0.8660254037844386,0.5000000000000001,-0.433883739117558,-0.9009688679024191,-0.8660254037844385,-0.5000000000000004,0,0,0,0,1,115933.0915237848,122302.41427401842,117368.2407756772,129430.725449909,136015.81289000373,124921.6882240528,117576.11874165792,8342.331237628588,131141.5275439338,107991.6119648708,117637.2099476578,9478.03003073704,136289.6266857784,105956.0935723089,117329.56307190808,13273.111736655224,142952.1707965722,91532.69004338628,15208.436020149004,1710.8020940247952,6219.839319880994,0.131182872985224,0.013217897744743,0,0,0,2025-08-29 04:00:00+00:00,9878.4,15208.436020149004,-5330.036020149006,10.7,85.3,0.0,2025-08-29,5330.036020149006
2024-09-12 05:00:00+00:00,134054.75775289352,2024-09-12 02:00:00-03:00,2024,9,12,5,Thursday,0,0.9659258262890684,0.2588190451025208,0.4338837391175582,-0.900968867902419,0,,0,0,,,0,0,0,0,0,0,0,0,5,3,12,9,3,2024,37,0.9659258262890684,0.2588190451025207,0.4338837391175582,-0.900968867902419,-1.0,-1.8369701987210292e-16,0,0,0,0,1,117196.113748491,120376.95012356198,115747.9234554525,133882.68740119232,127999.39822790738,128803.8740961905,117127.46255239368,9853.28224440058,134054.75775289352,105636.0536874541,113644.44688896796,13962.04436447976,136887.6759248845,91103.8787225016,110341.93356801276,16330.065846356223,136887.6759248845,2465.58595865,16858.644004402522,172.0703517012007,5250.883656703023,0.1438498552996565,0.0012852322808964,0,0,0,2024-09-12 05:00:00+00:00,11682.0,16858.644004402522,-5176.644004402522,6.9,96.5,0.0,2024-09-12,5176.644004402522
2024-09-21 08:00:00+00:00,139332.0921822423,2024-09-21 05:00:00-03:00,2024,9,21,8,Saturday,1,0.8660254037844387,-0.4999999999999997,-0.9749279121818236,-0.2225209339563146,0,,0,0,,,0,0,0,0,0,0,0,0,8,5,21,9,3,2024,38,0.8660254037844387,-0.4999999999999998,-0.9749279121818236,-0.2225209339563146,-1.0,-1.8369701987210292e-16,1,1,0,0,0,123225.856335357,130899.63127145988,125248.3298918223,153879.7843378204,148800.70556906532,146117.86375388477,127493.63004636767,6590.328485944235,139332.0921822423,121706.9723887834,121585.98681386652,12743.90170538518,152515.94112143468,107999.0305151074,120049.05706035574,15973.038338042748,153879.7843378204,42282.304350012,16106.235846885304,-14547.692155578086,-6785.771571642457,0.1307050023905085,-0.094539332883654,0,0,0,2024-09-21 08:00:00+00:00,10962.0,16106.235846885304,-5144.235846885305,8.8,90.9,0.0,2024-09-21,5144.235846885305
2024-02-16 04:00:00+00:00,129213.83331333211,2024-02-16 01:00:00-03:00,2024,2,16,4,Friday,0,0.8660254037844385,0.5000000000000001,-0.433883739117558,-0.900968867902419,0,,0,0,,,0,0,0,0,0,0,1,0,4,4,16,2,1,2024,7,0.8660254037844386,0.5000000000000001,-0.433883739117558,-0.9009688679024191,0.8660254037844386,0.5000000000000001,0,0,0,0,1,111362.8660843584,117173.96671668,111358.0777940097,132478.68462674308,127512.66628894692,127722.6210520326,113150.10069909798,9194.739529338402,129213.83331333211,103191.0907023572,119691.77554835616,14684.368506820289,142894.4735731056,100796.4837627804,113512.70747362151,14987.652588226294,142894.4735731056,82295.51949121401,17850.96722897372,-3264.851313410967,1491.2122612995154,0.1602955083380437,-0.0246443518261797,0,0,0,2024-02-16 04:00:00+00:00,12715.2,17850.96722897372,-5135.76722897372,14.0,96.0,0.0,2024-02-16,5135.76722897372
2024-06-25 07:00:00+00:00,142045.8894369016,2024-06-25 03:00:00-04:00,2024,6,25,7,Tuesday,0,1.0,6.123233995736766e-17,0.7818314824680299,0.6234898018587335,0,,0,0,,,0,0,0,0,1,0,0,0,7,1,25,6,2,2024,26,0.9659258262890684,-0.2588190451025206,0.7818314824680298,0.6234898018587336,1.2246467991473532e-16,-1.0,0,1,0,0,0,124236.29201820122,133750.5960318007,125990.14966173068,118602.5467487312,128099.9554926417,126628.8155300354,126503.49674454944,10252.146188148346,142045.8894369016,112902.9522188829,109355.13392685114,13479.914996083531,142045.8894369016,93121.19592491753,109838.44096646125,14926.268682895903,142045.8894369016,68330.2374148655,17809.59741870039,23443.342688170407,15417.073906866208,0.1433526156438345,0.1976630631535845,0,0,0,2024-06-25 07:00:00+00:00,12675.6,17809.59741870039,-5133.997418700388,4.8,87.8,0.0,2024-06-25,5133.997418700388
2025-05-19 04:00:00+00:00,121663.5374264798,2025-05-19 00:00:00-04:00,2025,5,19,4,Monday,0,0.7071067811865476,0.7071067811865477,0.0,1.0,0,,0,0,,,0,0,0,0,0,0,0,0,4,0,19,5,2,2025,21,0.8660254037844386,0.5000000000000001,0.0,1.0,0.4999999999999999,-0.8660254037844387,0,0,0,0,1,114762.350851336,110611.9480862871,106405.2345179931,109169.99769100313,126603.71528105828,133994.9478191997,107784.7557680511,10063.522723758788,121663.5374264798,94839.17883172348,108398.56590821502,18324.56813891086,137559.55577442428,78144.766188292,114461.71946424704,15502.075919445791,139355.1219704652,37981.984202862,6901.186575143802,12493.539735476676,-12331.410392719905,0.0601345870309302,0.1144411468326547,0,0,0,2025-05-19 04:00:00+00:00,1944.0,6901.186575143802,-4957.186575143802,12.2,100.0,0.0,2025-05-19,4957.186575143802
2025-08-19 10:00:00+00:00,130988.6854497704,2025-08-19 06:00:00-04:00,2025,8,19,10,Tuesday,0,0.7071067811865477,-0.7071067811865475,0.7818314824680299,0.6234898018587335,0,,0,0,,,0,0,0,0,0,0,0,0,10,1,19,8,3,2025,34,0.4999999999999999,-0.8660254037844387,0.7818314824680298,0.6234898018587336,-0.8660254037844385,-0.5000000000000004,0,1,0,0,0,114305.62926847878,138185.6108286061,140356.09283290862,126652.390265738,131479.2978426737,132041.2873808946,134229.56401633026,10465.29241469426,141603.7866201062,114305.62926847878,120351.9930383138,11977.113201739308,141603.7866201062,107033.33328489352,117509.48309938998,15638.536323932754,147643.20060979528,28659.22339483,16683.056181291628,4336.295184032409,-1052.6019311241837,0.1459513086805794,0.0342377682326731,0,0,0,2025-08-19 10:00:00+00:00,11757.6,16683.056181291628,-4925.456181291627,8.4,90.3,0.0,2025-08-19,4925.456181291627
2024-01-16 01:00:00+00:00,100760.30302310408,2024-01-15 22:00:00-03:00,2024,1,16,1,Tuesday,0,0.2588190451025208,0.9659258262890684,0.7818314824680299,0.6234898018587335,0,,0,0,,,0,0,0,0,0,0,1,0,1,1,16,1,1,2024,3,0.2588190451025207,0.9659258262890684,0.7818314824680298,0.6234898018587336,0.4999999999999999,0.8660254037844387,0,0,0,0,1,82337.2736093768,90782.4765817817,87655.19666308569,92829.9934298437,83348.2167169996,102339.5498698001,89671.37771105597,6103.275131795526,100760.30302310408,82337.2736093768,105174.97716997458,15833.350314548805,130980.3263015418,82337.2736093768,115816.09485374048,16094.975130495775,148707.09735794,82337.2736093768,18423.029413727272,7930.309593260376,-1579.2468466960272,0.2237507826786871,0.0854283114783769,0,0,0,2024-01-16 01:00:00+00:00,13514.4,18423.029413727272,-4908.629413727273,13.7,85.3,0.0,2024-01-16,4908.629413727273
2025-02-12 01:00:00+00:00,103036.338700985,2025-02-11 22:00:00-03:00,2025,2,12,1,Wednesday,0,0.2588190451025208,0.9659258262890684,0.9749279121818238,-0.2225209339563143,0,,0,0,,,0,0,0,0,0,0,1,0,1,2,12,2,1,2025,7,0.2588190451025207,0.9659258262890684,0.9749279121818236,-0.2225209339563143,0.8660254037844386,0.5000000000000001,0,0,0,0,1,85601.79184286599,99092.019915634,98319.2014104625,877.1451063,109438.4196984806,102810.0485437112,97444.85413980532,6062.662075885283,103036.338700985,85601.79184286599,107714.8988626016,26602.023001781865,137461.7597440363,980.0533794,111182.02841613704,20509.284622245606,143942.4743002634,752.54772595,17434.546858119007,102159.193594685,226.29015727380465,0.2036703494492562,116.46783737483985,0,0,0,2025-02-12 01:00:00+00:00,12686.4,17434.546858119007,-4748.146858119007,16.6,51.0,0.0,2025-02-12,4748.146858119007
2024-07-03 09:00:00+00:00,134693.96837763538,2024-07-03 05:00:00-04:00,2024,7,3,9,Wednesday,0,0.8660254037844387,-0.4999999999999997,0.9749279121818238,-0.2225209339563143,0,,0,0,,,0,0,0,0,1,0,0,0,9,2,3,7,3,2024,27,0.7071067811865476,-0.7071067811865475,0.9749279121818236,-0.2225209339563143,-0.4999999999999997,-0.8660254037844388,0,1,0,0,0,118110.81681652548,131041.4368770531,128746.247702926,134382.542676019,136060.6409241306,141103.33921770818,127326.2528941371,5788.485952248852,134693.96837763538,118110.81681652548,111467.81463560252,13428.4724888058,134693.96837763538,94178.6036306833,113758.62247415708,14684.113899707108,147140.4311579218,85051.88589194449,16583.151561109902,311.42570161639014,-6409.370840072807,0.1404033263682389,0.0023174565342702,0,0,0,2024-07-03 09:00:00+00:00,11847.6,16583.151561109902,-4735.551561109902,13.6,56.6,0.0,2024-07-03,4735.551561109902
2024-10-07 09:00:00+00:00,127009.0719535959,2024-10-07 06:00:00-03:00,2024,10,7,9,Monday,0,0.7071067811865477,-0.7071067811865475,0.0,1.0,0,,0,0,,,0,0,0,0,0,0,0,0,9,0,7,10,4,2024,41,0.7071067811865476,-0.7071067811865475,0.0,1.0,-0.8660254037844386,0.5000000000000001,0,1,0,0,0,111319.5068847081,130652.2368012617,132534.1405503749,127691.14895875048,143091.66620896128,135754.21836639012,126507.162862544,7785.253550201714,132534.1405503749,111319.5068847081,118882.8332219948,9808.57138349222,137746.7758766822,105547.59401386532,115783.52834306756,13392.424739395798,147229.0726661556,93432.5944110115,15689.565068887809,-682.0770051545696,-8745.146412794216,0.1409417406523121,-0.0053416153798953,0,0,0,2024-10-07 09:00:00+00:00,10954.8,15689.565068887809,-4734.765068887809,11.2,94.3,0.0,2024-10-07,4734.765068887809
2024-11-29 13:00:00+00:00,111928.7772168714,2024-11-29 10:00:00-03:00,2024,11,29,13,Friday,0,-0.2588190451025208,-0.9659258262890684,-0.433883739117558,-0.900968867902419,0,,0,0,,,0,0,0,0,0,0,0,0,13,4,29,11,4,2024,48,-0.2588190451025208,-0.9659258262890684,-0.433883739117558,-0.9009688679024191,-0.5000000000000004,0.8660254037844384,0,0,1,0,0,94549.4714641382,117144.7333665825,123077.3698444458,119509.656433248,111505.8227504392,115104.6373202259,117635.9689537186,13274.381476173174,130388.5863273747,94549.4714641382,114685.75250936789,11573.427275487898,133917.2125439921,94549.4714641382,113511.9517884685,14971.591158754169,144220.03276314543,86139.98539451341,17379.3057527332,-7580.879216376605,-3175.8601033544983,0.1838117705324775,-0.0634331939579367,0,0,0,2024-11-29 13:00:00+00:00,12682.8,17379.3057527332,-4696.505752733199,16.7,61.0,0.0,2024-11-29,4696.505752733199
2024-05-24 05:00:00+00:00,132491.9047870601,2024-05-24 01:00:00-04:00,2024,5,24,5,Friday,0,0.8660254037844385,0.5000000000000001,-0.433883739117558,-0.900968867902419,0,,0,0,,,0,0,0,0,0,0,0,0,5,4,24,5,2,2024,21,0.9659258262890684,0.2588190451025207,-0.433883739117558,-0.9009688679024191,0.4999999999999999,-0.8660254037844387,0,0,0,0,1,116541.405282936,121799.2685509254,106320.4405315977,138278.81924397592,132077.2827138358,47243.527450602,115280.5866500638,10626.726217543472,132491.9047870601,104476.9936203857,111721.28943126388,14968.243568001246,138385.6589036618,94997.51789927052,116922.17840123782,14191.648301254296,146127.92179903918,84605.484712524,15950.499504124104,-5786.914456915809,85248.3773364581,0.1368655154397695,-0.0418496085557796,0,0,0,2024-05-24 05:00:00+00:00,11307.6,15950.499504124104,-4642.899504124105,8.1,81.7,0.0,2024-05-24,4642.899504124105
2024-08-14 04:00:00+00:00,129801.1622516299,2024-08-14 00:00:00-04:00,2024,8,14,4,Wednesday,0,0.7071067811865476,0.7071067811865477,0.9749279121818238,-0.2225209339563143,0,,0,0,,,0,0,0,0,0,0,0,0,4,2,14,8,3,2024,33,0.8660254037844386,0.5000000000000001,0.9749279121818236,-0.2225209339563143,-0.8660254037844385,-0.5000000000000004,0,0,0,0,1,115170.8469431792,118859.6784334789,111591.4232879117,126707.640984323,129011.4620189907,111149.64914817568,113566.08841247878,10261.233882687213,129801.1622516299,101479.42260032913,118842.90007403976,10154.978386594628,134038.0605343832,101479.42260032913,115074.2429403722,12830.02288538004,141970.54140901423,96432.99026459247,14630.315308450692,3093.521267306889,18651.513103454214,0.1270314120001976,0.0244146386380095,0,0,0,2024-08-14 04:00:00+00:00,10080.0,14630.315308450692,-4550.315308450692,10.0,100.0,0.0,2024-08-14,4550.315308450692
2024-06-29 23:00:00+00:00,108674.5180163382,2024-06-29 19:00:00-04:00,2024,6,29,23,Saturday,1,-0.5000000000000003,0.8660254037844383,-0.9749279121818236,-0.2225209339563146,1,San Pedro y San Pablo,1,0,2024-06-29,2024-06-29,0,0,0,0,1,0,0,0,23,5,29,6,2,2024,26,-0.2588190451025215,0.965925826289068,-0.9749279121818236,-0.2225209339563146,1.2246467991473532e-16,-1.0,1,0,0,0,1,93089.7101625665,92476.3423481977,104466.1708778909,102129.0518210247,100533.7768742289,96991.6030911294,100931.04724149036,6651.979099513439,108674.5180163382,92476.3423481977,114407.1191016602,15139.113625545424,144948.5874539794,92476.3423481977,110942.01368600388,16001.338175194524,144948.5874539794,68330.2374148655,15584.807853771708,6545.466195313507,11682.91492520881,0.1674170843002442,0.0640901494589811,1,1,1,2024-06-29 23:00:00+00:00,11077.2,15584.807853771708,-4507.607853771708,13.1,72.9,0.0,2024-06-29,4507.607853771708
2024-06-11 06:00:00+00:00,134435.8877956642,2024-06-11 02:00:00-04:00,2024,6,11,6,Tuesday,0,0.9659258262890684,0.2588190451025208,0.7818314824680299,0.6234898018587335,0,,0,0,,,0,0,0,0,0,0,0,0,6,1,11,6,2,2024,24,1.0,6.123233995736766e-17,0.7818314824680298,0.6234898018587336,1.2246467991473532e-16,-1.0,0,1,0,0,0,118919.7180112262,129161.1394847507,123848.39272773112,131192.56934414912,136773.0676162316,135090.66489446003,122276.69956869126,8783.723858987501,134435.8877956642,109915.0397148617,115218.47042588238,12260.129190319629,135302.0379441382,100003.3818485816,117723.02769407416,13687.035575833574,146123.56991223458,85245.39923029671,15516.169784437996,3243.318451515079,-654.7770987958356,0.1304760055264615,0.0247218151738997,0,0,0,2024-06-11 06:00:00+00:00,11030.4,15516.169784437996,-4485.769784437996,11.9,87.1,0.0,2024-06-11,4485.769784437996
2025-09-02 03:00:00+00:00,121971.7684475172,2025-09-01 23:00:00-04:00,2025,9,2,3,Tuesday,0,0.4999999999999999,0.8660254037844386,0.7818314824680299,0.6234898018587335,0,,0,0,,,0,0,0,0,0,0,0,0,3,1,2,9,3,2025,36,0.7071067811865476,0.7071067811865476,0.7818314824680298,0.6234898018587336,-1.0,-1.8369701987210292e-16,0,0,0,0,1,105843.4004762941,99641.8009455865,103391.98055041552,121727.68066545668,119431.4775338426,126874.06643228432,104446.95223845344,9271.770121875572,121971.7684475172,95543.59804348348,109642.49386063522,14961.368274244844,134603.7030928345,88346.7680580548,115330.70912132548,14164.512332841616,140373.0925409529,81598.49735390331,16128.367971223097,244.0877820605237,-4902.297984767123,0.152379533335528,0.0020051953731983,0,0,0,2025-09-02 03:00:00+00:00,11656.8,16128.367971223097,-4471.567971223096,8.6,98.0,0.0,2025-09-02,4471.567971223096
2024-05-23 04:00:00+00:00,134038.6143917879,2024-05-23 00:00:00-04:00,2024,5,23,4,Thursday,0,0.7071067811865476,0.7071067811865477,0.4338837391175582,-0.900968867902419,0,,0,0,,,0,0,0,0,0,0,0,0,4,3,23,5,2,2024,21,0.8660254037844386,0.5000000000000001,0.4338837391175582,-0.900968867902419,0.4999999999999999,-0.8660254037844387,0,0,0,0,1,119480.1953869922,126466.74812512528,122168.6460196367,128056.22430037372,131528.3115485893,130643.38556741591,122080.4764210891,7276.509226991559,134038.6143917879,114982.6451047438,124599.18360069464,7518.836736466392,135188.9750344583,114339.7178586092,116909.85897183808,14898.606818911325,146127.92179903918,47243.527450602,14558.419004795707,5982.390091414185,3395.228824371996,0.1218479678380295,0.0467169020803053,0,0,0,2024-05-23 04:00:00+00:00,10090.8,14558.419004795707,-4467.61900479571,7.9,94.4,0.6,2024-05-23,4467.61900479571
2024-02-14 22:00:00+00:00,99481.5038887105,2024-02-14 19:00:00-03:00,2024,2,14,22,Wednesday,0,-0.5000000000000003,0.8660254037844383,0.9749279121818238,-0.2225209339563143,0,,0,0,,,0,0,0,0,0,0,1,0,22,2,14,2,1,2024,7,-0.5000000000000004,0.8660254037844384,0.9749279121818236,-0.2225209339563143,0.8660254037844386,0.5000000000000001,0,0,0,0,1,82295.51949121401,106981.7772622118,110626.70839709647,99353.9945605921,84331.4976356342,101012.1892279863,102178.35201291788,10400.488413817842,110626.70839709647,82295.51949121401,117347.64022846289,15678.423321381097,140268.53530701442,82295.51949121401,113414.2236774837,15038.12289923516,143776.7983526794,82295.51949121401,17185.98439749649,127.50932811840904,-1530.6853392757912,0.2088325646857516,0.0012833840117081,0,0,0,2024-02-14 22:00:00+00:00,12776.4,17185.98439749649,-4409.58439749649,19.2,76.0,0.0,2024-02-14,4409.58439749649
2025-02-03 04:00:00+00:00,124276.58637690378,2025-02-03 01:00:00-03:00,2025,2,3,4,Monday,0,0.8660254037844385,0.5000000000000001,0.0,1.0,0,,0,0,,,0,0,0,0,0,0,1,0,4,0,3,2,1,2025,6,0.8660254037844386,0.5000000000000001,0.0,1.0,0.8660254037844386,0.5000000000000001,0,0,0,0,1,107378.4252760832,113363.2846847263,108668.6781648062,127042.4452794802,121108.678143153,125609.7010158267,109390.91704900924,8626.387372085346,124276.58637690378,101048.4755187162,118456.276316079,16064.502122639786,145507.30533568608,98038.7083225719,112286.24879138464,15224.71793465638,145507.30533568608,78959.67042949621,16898.16110082058,-2765.858902576423,-1333.114638922911,0.1573701705661385,-0.021771140318433,0,0,0,2025-02-03 04:00:00+00:00,12578.4,16898.16110082058,-4319.76110082058,14.1,80.7,0.0,2025-02-03,4319.76110082058
2025-05-20 04:00:00+00:00,126562.09001078612,2025-05-20 00:00:00-04:00,2025,5,20,4,Tuesday,0,0.7071067811865476,0.7071067811865477,0.7818314824680299,0.6234898018587335,0,,0,0,,,0,0,0,0,0,0,0,0,4,1,20,5,2,2025,21,0.8660254037844386,0.5000000000000001,0.7818314824680298,0.6234898018587336,0.4999999999999999,-0.8660254037844387,0,0,0,0,1,119650.8409585596,114519.22295378058,108338.2036089268,121663.5374264798,109169.99769100313,122846.9205267041,111689.6690430051,10629.143989595856,126562.09001078612,98066.026952805,110153.0904795755,13254.051799392048,130380.8634640756,93292.0031289855,113979.58059670644,15333.997035360078,139355.1219704652,37981.984202862,6911.249052226529,4898.552584306322,3715.1694840820273,0.057761809251472,0.0402631115938616,0,0,0,2025-05-20 04:00:00+00:00,2624.4,6911.249052226529,-4286.849052226529,15.8,79.3,0.0,2025-05-20,4286.849052226529
2024-03-03 09:00:00+00:00,141730.4879274583,2024-03-03 06:00:00-03:00,2024,3,3,9,Sunday,1,0.7071067811865477,-0.7071067811865475,-0.78183148246803,0.6234898018587333,0,,0,0,,,0,0,0,0,0,0,1,0,9,6,3,3,1,2024,9,0.7071067811865476,-0.7071067811865475,-0.7818314824680299,0.6234898018587334,1.0,6.123233995736766e-17,1,1,0,0,0,125651.8517206242,141700.50160534482,135863.1692122699,129045.7231775022,132880.9854191953,142868.798525318,133054.04245450042,7718.142899798178,141730.4879274583,125257.5766447655,114292.86087910128,13368.926694229374,141730.4879274583,97721.0033748307,114718.87556758778,14241.52345911146,144811.93252426904,87912.9084424803,16078.636206834111,12684.764749956114,-1138.3105978597014,0.1279617927365173,0.0982966691000541,0,0,0,2024-03-03 09:00:00+00:00,11808.0,16078.636206834111,-4270.636206834111,13.0,94.4,0.0,2024-03-03,4270.636206834111
2024-09-25 06:00:00+00:00,136980.534319836,2024-09-25 03:00:00-03:00,2024,9,25,6,Wednesday,0,1.0,6.123233995736766e-17,0.9749279121818238,-0.2225209339563143,0,,0,0,,,0,0,0,0,0,0,0,0,6,2,25,9,3,2024,39,1.0,6.123233995736766e-17,0.9749279121818236,-0.2225209339563143,-1.0,-1.8369701987210292e-16,0,1,0,0,0,120883.9446295135,129027.35989211193,124194.2683955823,128877.1004963382,130265.4596226552,140870.1502690727,123619.83538879792,8608.515610968858,136980.534319836,112394.4923146114,113492.3951488149,12335.022268428098,136980.534319836,92434.23893199318,118167.25871807987,16528.336329010875,153879.7843378204,42282.304350012,16096.589690322508,8103.433823497806,-3889.615949236701,0.1331573828075807,0.0628772201755738,0,0,0,2024-09-25 06:00:00+00:00,11826.0,16096.589690322508,-4270.589690322508,8.4,72.9,0.0,2024-09-25,4270.589690322508
2024-02-02 21:00:00+00:00,18734.85412068,2024-02-02 18:00:00-03:00,2024,2,2,21,Friday,0,-0.7071067811865477,0.7071067811865474,-0.433883739117558,-0.900968867902419,0,,0,0,,,0,0,0,0,0,0,1,0,21,4,2,2,1,2024,5,-0.7071067811865477,0.7071067811865474,-0.433883739117558,-0.9009688679024191,0.8660254037844386,0.5000000000000001,0,0,0,1,0,949.92763933,1006.79826988,1101.60612262,105734.2010589252,102066.93150700832,95169.45332892332,15792.253922193995,28295.771482981312,71721.447094674,949.92763933,90715.06710623713,51345.86585701203,138144.612660848,949.92763933,113982.36401769216,26292.54909775688,147051.3302657383,949.92763933,17784.92648135,-86999.3469382452,-76434.59920824332,18.72240131247682,-0.8228117871696108,0,0,0,2024-02-02 21:00:00+00:00,13629.6,17784.92648135,-4155.326481350001,26.8,42.0,0.0,2024-02-02,4155.326481350001
2024-02-04 01:00:00+00:00,83638.6415587611,2024-02-03 22:00:00-03:00,2024,2,4,1,Sunday,1,0.2588190451025208,0.9659258262890684,-0.78183148246803,0.6234898018587333,0,,0,0,,,0,0,0,0,0,0,1,0,1,6,4,2,1,2024,5,0.2588190451025207,0.9659258262890684,-0.7818314824680299,0.6234898018587334,0.8660254037844386,0.5000000000000001,1,0,0,0,1,65159.011334057,60942.92066417909,57731.8873313461,67297.6561555689,113349.1646715806,103553.637967604,62877.65977682403,10899.103224403034,83638.6415587611,54654.613362662,78678.64014625204,19991.87738885217,106059.38229583298,53548.132421403,109218.80235318768,29943.624416191087,147051.3302657383,949.92763933,18479.63022470409,16340.9854031922,-19914.996408842897,0.2836082047034567,0.242816560585966,0,0,0,2024-02-04 01:00:00+00:00,14378.4,18479.63022470409,-4101.230224704095,17.5,61.3,0.0,2024-02-04,4101.230224704095
2024-01-26 16:00:00+00:00,110744.0984875214,2024-01-26 13:00:00-03:00,2024,1,26,16,Friday,0,-0.8660254037844383,-0.5000000000000003,-0.433883739117558,-0.900968867902419,0,,0,0,,,0,0,0,0,0,0,1,0,16,4,26,1,1,2024,4,-0.8660254037844385,-0.5000000000000004,-0.433883739117558,-0.9009688679024191,0.4999999999999999,0.8660254037844387,0,0,1,0,0,94778.75368750902,117547.5991706999,124636.85565800488,126512.7486458659,108964.4470658853,103135.3503205648,118801.53064457688,14609.657296124364,134946.623584455,94778.75368750902,125408.11524272009,11351.448240356984,142789.499091459,94778.75368750902,120884.52577436189,15311.256461822522,148891.5011388805,88635.2940011657,15965.34480001239,-15768.650158344492,7608.748166956604,0.168448562350282,-0.1246407996595192,0,0,0,2024-01-26 16:00:00+00:00,11865.6,15965.34480001239,-4099.7448000123895,15.8,97.0,0.0,2024-01-26,4099.7448000123895
2025-04-21 05:00:00+00:00,138953.97731149627,2025-04-21 01:00:00-04:00,2025,4,21,5,Monday,0,0.8660254037844385,0.5000000000000001,0.0,1.0,0,,0,0,,,0,0,0,0,0,0,0,0,5,0,21,4,2,2025,17,0.9659258262890684,0.2588190451025207,0.0,1.0,0.8660254037844387,-0.4999999999999998,0,0,0,0,1,123019.6756878793,127311.9397856214,123151.59152943252,137846.49031918982,139198.43631040788,130147.1872232503,123885.3399604378,8887.527667253375,138953.97731149627,112976.41995261372,125501.2495734514,15249.808304278711,149481.2564309825,106023.0731729342,120175.49367596682,18215.23673348955,149982.59047415562,2944.3915260000003,15934.30162361698,1107.4869923064543,8806.79008824598,0.1295264479809299,0.0080342052216346,0,0,0,2025-04-21 05:00:00+00:00,11844.0,15934.30162361698,-4090.3016236169783,8.0,100.0,0.0,2025-04-21,4090.3016236169783
2024-08-02 23:00:00+00:00,95601.2130698931,2024-08-02 19:00:00-04:00,2024,8,2,23,Friday,0,-0.5000000000000003,0.8660254037844383,-0.433883739117558,-0.900968867902419,0,,0,0,,,0,0,0,0,0,0,0,0,23,4,2,8,3,2024,31,-0.2588190451025215,0.965925826289068,-0.433883739117558,-0.9009688679024191,-0.8660254037844385,-0.5000000000000004,0,0,0,0,1,81474.3970470198,96565.4194555626,96253.9404751234,109099.2047631687,108036.4882732828,102596.477340268,92924.93899175484,5731.686737628936,96565.4194555626,81474.3970470198,111246.28107955254,14816.215191284768,135302.9023368101,81474.3970470198,118094.33124905088,13348.073620566403,142394.3855201573,81474.3970470198,14126.816022873303,-13497.991693275602,-6995.264270374901,0.1733896357001643,-0.1237221822338383,0,0,0,2024-08-02 23:00:00+00:00,10036.8,14126.816022873303,-4090.016022873304,9.3,100.0,0.1,2024-08-02,4090.016022873304
2024-05-11 03:00:00+00:00,125473.4086230915,2024-05-10 23:00:00-04:00,2024,5,11,3,Saturday,1,0.4999999999999999,0.8660254037844386,-0.9749279121818236,-0.2225209339563146,0,,0,0,,,0,0,0,0,0,0,0,0,3,5,11,5,2,2024,19,0.7071067811865476,0.7071067811865476,-0.9749279121818236,-0.2225209339563146,0.4999999999999999,-0.8660254037844387,1,0,0,0,1,110363.2844413532,104404.34121735638,112315.175843014,129079.9377532716,122315.84597544932,124288.2222535275,111389.98744205154,7460.399863135904,125473.4086230915,104404.34121735638,119494.77360026022,12640.464780987688,140804.76235044212,104404.34121735638,118706.83354210116,14198.742991950809,142518.4195736112,88464.9094599102,15110.124181738298,-3606.529130180104,1185.186369563991,0.1369125996768225,-0.0279402763353803,0,0,0,2024-05-11 03:00:00+00:00,11084.4,15110.124181738298,-4025.7241817382974,7.7,89.8,0.0,2024-05-11,4025.7241817382974
2024-07-01 23:00:00+00:00,104084.1311295105,2024-07-01 19:00:00-04:00,2024,7,1,23,Monday,0,-0.5000000000000003,0.8660254037844383,0.0,1.0,0,,0,0,,,0,0,0,0,1,0,0,0,23,0,1,7,3,2024,27,-0.2588190451025215,0.965925826289068,0.0,1.0,-0.4999999999999997,-0.8660254037844388,0,0,0,0,1,88304.52584567961,87385.183192287,99308.8058581039,106962.1004538685,108674.5180163382,97100.6910414245,94504.75463406924,7217.760412864338,104084.1311295105,87385.183192287,111810.86070377224,16005.371102347031,139193.2757259741,87385.183192287,115363.308945546,14803.041791353504,147140.4311579218,87385.183192287,15779.605283830882,-2877.969324357997,6983.44008808599,0.1786953175130254,-0.0269064398711881,0,0,0,2024-07-01 23:00:00+00:00,11858.4,15779.605283830882,-3921.2052838308823,15.8,51.4,0.0,2024-07-01,3921.2052838308823
2025-05-20 02:00:00+00:00,114519.22295378058,2025-05-19 22:00:00-04:00,2025,5,20,2,Tuesday,0,0.2588190451025208,0.9659258262890684,0.7818314824680299,0.6234898018587335,0,,0,0,,,0,0,0,0,0,0,0,0,2,1,20,5,2,2025,21,0.4999999999999999,0.8660254037844387,0.7818314824680298,0.6234898018587336,0.4999999999999999,-0.8660254037844387,0,0,0,0,1,108338.2036089268,103001.62977317248,98066.026952805,110611.9480862871,112596.6769861056,108557.77898124389,102026.86031853152,8234.004199413012,114519.22295378058,93292.0031289855,109745.29703409509,12905.491749433324,130380.8634640756,93292.0031289855,113940.19404835982,15313.59051666444,139355.1219704652,37981.984202862,6181.01934485379,3907.2748674934846,5961.443972536697,0.0570529982864187,0.035324166467491,0,0,0,2025-05-20 02:00:00+00:00,2275.2,6181.01934485379,-3905.8193448537904,15.2,81.9,0.0,2025-05-20,3905.8193448537904
2024-06-16 04:00:00+00:00,110455.4618640956,2024-06-16 00:00:00-04:00,2024,6,16,4,Sunday,1,0.7071067811865476,0.7071067811865477,-0.78183148246803,0.6234898018587333,0,,0,0,,,0,0,0,0,0,0,0,0,4,6,16,6,2,2024,24,0.8660254037844386,0.5000000000000001,-0.7818314824680299,0.6234898018587334,1.2246467991473532e-16,-1.0,1,0,0,0,1,94841.88057335353,107569.83935446988,97126.1584228102,106406.8778703232,118051.0734395367,128628.3581786771,98997.53838060232,8045.933905048167,110455.4618640956,91771.5191507403,100175.41541479949,13612.871506391286,123918.8965311038,81713.856258202,113190.5352828246,17805.81218011158,145490.7648059723,67416.353342249,15613.581290742077,4048.5839937724086,-18172.89631458149,0.1646274957471565,0.0380481419509965,0,0,0,2024-06-16 04:00:00+00:00,11782.8,15613.581290742077,-3830.7812907420775,8.9,97.6,0.0,2024-06-16,3830.7812907420775
2024-08-07 05:00:00+00:00,125858.8635380591,2024-08-07 01:00:00-04:00,2024,8,7,5,Wednesday,0,0.8660254037844385,0.5000000000000001,0.9749279121818238,-0.2225209339563143,0,,0,0,,,0,0,0,0,0,0,0,0,5,2,7,8,3,2024,32,0.9659258262890684,0.2588190451025207,0.9749279121818236,-0.2225209339563143,-0.8660254037844385,-0.5000000000000004,0,0,0,0,1,111149.64914817568,115926.8003839574,107873.4461320848,138167.07271376898,128640.4547000202,137744.99079142552,110532.50474769848,9557.924533402687,125858.8635380591,98861.3134789562,109363.81636532512,14854.58659288431,136516.7127238712,87278.0479384772,112220.17638629786,15625.965483306964,138167.07271376898,68387.1056210285,14709.214389883418,-12308.209175709882,-11886.127253366416,0.1323370294248458,-0.0890820724067009,0,0,0,2024-08-07 05:00:00+00:00,10947.6,14709.214389883418,-3761.614389883418,5.1,81.4,0.0,2024-08-07,3761.614389883418
2024-09-04 04:00:00+00:00,126907.0673057283,2024-09-04 00:00:00-04:00,2024,9,4,4,Wednesday,0,0.7071067811865476,0.7071067811865477,0.9749279121818238,-0.2225209339563143,0,,0,0,,,0,0,0,0,0,0,0,0,4,2,4,9,3,2024,36,0.8660254037844386,0.5000000000000001,0.9749279121818236,-0.2225209339563143,-1.0,-1.8369701987210292e-16,0,0,0,0,1,113057.69942452892,120057.41723943313,110391.9233704748,131884.4359165108,123675.7947911239,129818.69627211968,111393.79691655116,12033.113355362342,126907.0673057283,92046.100564952,115919.75981366826,15654.32319185334,139354.0772379904,85964.94304852851,113124.75691366788,14552.712572437154,139667.48973520458,84291.08589126171,13849.367881199374,-4977.368610782491,-2911.6289663913776,0.1224982283532529,-0.0377403791144347,0,0,0,2024-09-04 04:00:00+00:00,10166.4,13849.367881199374,-3682.9678811993754,8.1,87.0,0.0,2024-09-04,3682.9678811993754
2024-05-25 07:00:00+00:00,139785.5773646956,2024-05-25 03:00:00-04:00,2024,5,25,7,Saturday,1,1.0,6.123233995736766e-17,-0.9749279121818236,-0.2225209339563146,0,,0,0,,,0,0,0,0,0,0,0,0,7,5,25,5,2,2024,21,0.9659258262890684,-0.2588190451025206,-0.9749279121818236,-0.2225209339563146,0.4999999999999999,-0.8660254037844387,1,1,0,0,0,126004.6704307465,122852.3027550124,131038.054321071,136144.0324898896,137337.3411259191,140612.34652763282,128275.92400668695,6465.996787573234,139785.5773646956,122463.3892839521,119956.61368261902,9831.930706374247,139785.5773646956,106381.9190011634,117484.50939147233,14041.979290255817,146127.92179903918,84605.484712524,13780.90693394911,3641.5448748060153,-826.769162937213,0.1093682233113988,0.0267477377319234,0,0,0,2024-05-25 07:00:00+00:00,10116.0,13780.90693394911,-3664.906933949111,9.3,91.4,0.0,2024-05-25,3664.906933949111
2024-03-27 01:00:00+00:00,104021.0814806814,2024-03-26 22:00:00-03:00,2024,3,27,1,Wednesday,0,0.2588190451025208,0.9659258262890684,0.9749279121818238,-0.2225209339563143,0,,0,0,,,0,0,0,0,0,0,1,0,1,2,27,3,1,2024,13,0.2588190451025207,0.9659258262890684,0.9749279121818236,-0.2225209339563143,1.0,6.123233995736766e-17,0,0,0,0,1,87991.86555967499,95329.0052474319,84343.13752891921,119426.33721191272,98889.3065450292,115039.735103615,91017.75754920307,7404.880684108333,104021.0814806814,84343.13752891921,111572.00944551908,18763.159954626182,137580.3971209041,84343.13752891921,112648.56096824122,17616.964442263514,142536.2161131654,25252.31866316,16029.215921006413,-15405.255731231317,-11018.653622933603,0.1821670198608938,-0.1289937888984729,0,0,0,2024-03-27 01:00:00+00:00,12366.0,16029.215921006413,-3663.215921006413,14.0,92.4,0.0,2024-03-27,3663.215921006413
2025-06-19 02:00:00+00:00,114032.2481451305,2025-06-18 22:00:00-04:00,2025,6,19,2,Thursday,0,0.2588190451025208,0.9659258262890684,0.4338837391175582,-0.900968867902419,0,,0,0,,,0,0,0,0,0,0,0,0,2,3,19,6,2,2025,25,0.4999999999999999,0.8660254037844387,0.4338837391175582,-0.900968867902419,1.2246467991473532e-16,-1.0,0,0,0,0,1,99513.4484439492,103689.5050773856,101872.21887521147,119643.9232940966,124173.43637078228,126993.622664973,102930.80365354508,5726.241529127211,114032.2481451305,99052.49428818628,116353.96393312736,15483.581591568469,140908.77396629658,99052.49428818628,118660.00532924286,13726.730889961866,147105.8593072382,97354.0963253597,14518.799701181311,-5611.6751489660965,-12961.374519842488,0.1458978653458984,-0.0469031355246688,0,0,0,2025-06-19 02:00:00+00:00,10868.4,14518.799701181311,-3650.3997011813135,9.5,79.1,0.0,2025-06-19,3650.3997011813135
2025-06-21 04:00:00+00:00,124760.4486632592,2025-06-21 00:00:00-04:00,2025,6,21,4,Saturday,1,0.7071067811865476,0.7071067811865477,-0.9749279121818236,-0.2225209339563146,0,,0,0,,,0,0,0,0,0,0,0,0,4,5,21,6,2,2025,25,0.8660254037844386,0.5000000000000001,-0.9749279121818236,-0.2225209339563146,1.2246467991473532e-16,-1.0,1,0,0,0,1,109899.5567047229,115915.7486425932,106479.83129863007,127762.8912751679,124375.2049309821,131206.6927114016,109099.32468851256,10337.15272483167,124760.4486632592,95478.929824418,113518.54344167544,17887.702759290925,144471.7608091324,93894.8080740762,117248.22049654755,14299.873416440978,147105.8593072382,93894.8080740762,14860.891958536304,-3002.4426119087,-6446.244048142413,0.1352224922841536,-0.0235001147981398,0,0,0,2025-06-21 04:00:00+00:00,11242.8,14860.891958536304,-3618.091958536304,10.3,74.0,0.0,2025-06-21,3618.091958536304
2024-05-24 03:00:00+00:00,121799.2685509254,2024-05-23 23:00:00-04:00,2024,5,24,3,Friday,0,0.4999999999999999,0.8660254037844386,-0.433883739117558,-0.900968867902419,0,,0,0,,,0,0,0,0,0,0,0,0,3,4,24,5,2,2024,21,0.7071067811865476,0.7071067811865476,-0.433883739117558,-0.9009688679024191,0.4999999999999999,-0.8660254037844387,0,0,0,0,1,106320.4405315977,110053.5071274778,104476.9936203857,119480.1953869922,122636.3441154214,125464.0035760036,106595.1513782926,8809.690597816601,121799.2685509254,96458.37918953713,112691.4612465042,15988.086679437696,138385.6589036618,94997.51789927052,116464.84418744672,15139.325962498391,146127.92179903918,47243.527450602,15478.828019327688,2319.073163933193,-3664.735025078204,0.1455865677562489,0.0194096867386415,0,0,0,2024-05-24 03:00:00+00:00,11894.4,15478.828019327688,-3584.428019327688,8.4,81.3,0.0,2024-05-24,3584.428019327688
2024-01-17 14:00:00+00:00,113967.5362827815,2024-01-17 11:00:00-03:00,2024,1,17,14,Wednesday,0,-0.4999999999999997,-0.8660254037844387,0.9749279121818238,-0.2225209339563143,0,,0,0,,,0,0,0,0,0,0,1,0,14,2,17,1,1,2024,3,-0.4999999999999997,-0.8660254037844388,0.9749279121818236,-0.2225209339563143,0.4999999999999999,0.8660254037844387,0,0,1,0,0,97626.46188605049,124239.4628384378,128730.9639790666,111870.8743246163,100166.10057434288,110175.8707817616,122020.39172229094,14104.83179923668,135820.4166369301,97626.46188605049,114166.24444811606,15349.854455186009,137699.45169207218,94363.1192881279,115212.26200837518,16278.273815722312,148707.09735794,82337.2736093768,16341.074396731012,2096.6619581651903,3791.665501019903,0.1673836589080151,0.0187418036269324,0,0,0,2024-01-17 14:00:00+00:00,12769.2,16341.074396731012,-3571.874396731011,14.1,90.0,0.0,2024-01-17,3571.874396731011
2025-08-28 06:00:00+00:00,136289.6266857784,2025-08-28 02:00:00-04:00,2025,8,28,6,Thursday,0,0.9659258262890684,0.2588190451025208,0.4338837391175582,-0.900968867902419,0,,0,0,,,0,0,0,0,0,0,0,0,6,3,28,8,3,2025,35,1.0,6.123233995736766e-17,0.4338837391175582,-0.900968867902419,-0.8660254037844385,-0.5000000000000004,0,1,0,0,0,122805.0575312718,129430.725449909,128353.81079479792,140373.0925409529,138863.2119841803,137047.6076652954,126150.4640339559,6432.955022803814,136289.6266857784,119027.27733132972,123209.3496663206,9139.022278105236,139611.2461289099,109604.838541731,117632.0803740839,13289.538985775158,142952.1707965722,91532.69004338628,13484.569154506607,-4083.465855174494,-757.9809795169858,0.1098046727519574,-0.0290900897120519,0,0,0,2025-08-28 06:00:00+00:00,10044.0,13484.569154506607,-3440.5691545066074,10.7,97.2,0.0,2025-08-28,3440.5691545066074
2024-04-04 06:00:00+00:00,139358.5775504716,2024-04-04 03:00:00-03:00,2024,4,4,6,Thursday,0,1.0,6.123233995736766e-17,0.4338837391175582,-0.900968867902419,0,,0,0,,,0,0,0,0,0,0,0,0,6,3,4,4,2,2024,14,1.0,6.123233995736766e-17,0.4338837391175582,-0.900968867902419,0.8660254037844387,-0.4999999999999998,0,1,0,0,0,123913.90145504993,132091.8697184017,125451.531010814,129377.9309384152,125969.3339312451,119509.0516872482,125659.42941053916,9023.872549968484,139358.5775504716,114357.2563195907,116483.8367064918,11292.774718283074,139358.5775504716,101824.8864727814,114840.19616163516,14507.593792890166,147973.2568196248,88154.9228637947,15444.67609542166,9980.646612056384,19849.52586322339,0.1246403826694477,0.0771433469345497,0,0,0,2024-04-04 06:00:00+00:00,12009.6,15444.67609542166,-3435.0760954216585,13.0,87.1,0.0,2024-04-04,3435.0760954216585
2024-09-11 04:00:00+00:00,131414.27644605993,2024-09-11 01:00:00-03:00,2024,9,11,4,Wednesday,0,0.8660254037844385,0.5000000000000001,0.9749279121818238,-0.2225209339563143,0,,0,0,,,0,0,0,0,0,0,0,0,4,2,11,9,3,2024,37,0.8660254037844386,0.5000000000000001,0.9749279121818236,-0.2225209339563143,-1.0,-1.8369701987210292e-16,0,0,0,0,1,117187.71620593772,119460.43408620932,115391.34244623328,126383.5064543818,118287.761342501,126907.0673057283,116820.04218945204,8597.868587904111,131414.27644605993,105844.960839357,115805.44625795748,11789.274634492996,133204.72373484142,94611.6502440707,109676.74255971987,16102.882030596968,135872.2611784064,2465.58595865,14226.560240122211,5030.769991678128,4507.20914033163,0.1213997567383378,0.0398055896122331,0,0,0,2024-09-11 04:00:00+00:00,10825.2,14226.560240122211,-3401.3602401222124,8.6,90.4,0.0,2024-09-11,3401.3602401222124
2024-05-09 11:00:00+00:00,129960.2849267073,2024-05-09 07:00:00-04:00,2024,5,9,11,Thursday,0,0.4999999999999999,-0.8660254037844386,0.4338837391175582,-0.900968867902419,0,,0,0,,,0,0,0,0,0,0,0,0,11,3,9,5,2,2024,19,0.258819045102521,-0.9659258262890682,0.4338837391175582,-0.900968867902419,0.4999999999999999,-0.8660254037844387,0,1,0,0,0,114647.927064122,120248.5845457166,139437.9866998342,123455.6299775439,133606.75221697122,119715.619694417,130827.08741282816,11222.86401908904,140801.12026859028,114647.927064122,114073.0651870183,15124.68841859654,140801.12026859028,88464.9094599102,118387.1738400607,14042.894468441857,142518.4195736112,88464.9094599102,15312.357862585295,6504.654949163407,10244.66523229031,0.1335598318670094,0.0526882002088247,0,0,0,2024-05-09 11:00:00+00:00,11948.4,15312.357862585295,-3363.9578625852973,6.4,86.8,0.0,2024-05-09,3363.9578625852973
2024-12-11 21:00:00+00:00,103304.78751379618,2024-12-11 18:00:00-03:00,2024,12,11,21,Wednesday,0,-0.7071067811865477,0.7071067811865474,0.9749279121818238,-0.2225209339563143,0,,0,0,,,0,0,0,0,0,0,1,0,21,2,11,12,4,2024,50,-0.7071067811865477,0.7071067811865474,0.9749279121818236,-0.2225209339563143,-2.4492935982947064e-16,1.0,0,0,0,1,0,88026.3985316273,90844.1714630964,91694.1536904234,100035.1956006308,93681.2441013955,99838.317331534,93403.99990869808,5224.047710516904,103304.78751379618,88026.3985316273,113133.76315910944,18585.97397694656,141301.55629781628,88026.3985316273,114388.58437650518,14402.528903535653,141982.06763133072,88026.3985316273,15278.38898216888,3269.591913165379,3466.4701822621864,0.1735659897147723,0.0326844156552512,0,0,0,2024-12-11 21:00:00+00:00,11941.2,15278.38898216888,-3337.1889821688783,20.0,60.0,0.0,2024-12-11,3337.1889821688783
2024-06-20 09:00:00+00:00,133760.1026288613,2024-06-20 05:00:00-04:00,2024,6,20,9,Thursday,0,0.8660254037844387,-0.4999999999999997,0.4338837391175582,-0.900968867902419,1,Día Nacional de los Pueblos Indígenas,0,0,2024-06-20,2024-06-20,0,0,0,0,0,0,0,0,9,3,20,6,2,2024,25,0.7071067811865476,-0.7071067811865475,0.4338837391175582,-0.900968867902419,1.2246467991473532e-16,-1.0,0,1,0,0,0,119557.698745598,118297.149137053,128342.050799846,130558.08216473152,124922.3634207746,143561.16506443432,124540.4017794652,5785.367393449051,133760.1026288613,118297.149137053,108111.430656578,13241.321259155717,133760.1026288613,89323.8818872289,110089.89154743712,16545.961509016575,141282.97724335518,67416.353342249,14202.403883263294,3202.020464129775,-9801.062435573023,0.1187912115428384,0.0245256395547357,0,0,1,2024-06-20 09:00:00+00:00,10922.4,14202.403883263294,-3280.0038832632945,10.7,99.5,0.0,2024-06-20,3280.0038832632945
2024-06-13 06:00:00+00:00,139198.82076207848,2024-06-13 02:00:00-04:00,2024,6,13,6,Thursday,0,0.9659258262890684,0.2588190451025208,0.4338837391175582,-0.900968867902419,0,,0,0,,,0,0,0,0,0,0,0,0,6,3,13,6,2,2024,24,1.0,6.123233995736766e-17,0.4338837391175582,-0.900968867902419,1.2246467991473532e-16,-1.0,0,1,0,0,0,125839.5922696193,130893.1288764487,108125.5665757931,139864.51071073263,134435.8877956642,135682.7966594273,125094.89369571523,10334.85959670593,139198.82076207848,108125.5665757931,121733.76008466096,9057.906386499715,139198.82076207848,108125.5665757931,118506.6728562406,13619.907908903486,146123.56991223458,85245.39923029671,13359.22849245918,-665.6899486541515,3516.024102651194,0.106160773819389,-0.0047595343898991,0,0,0,2024-06-13 06:00:00+00:00,10101.6,13359.22849245918,-3257.62849245918,12.4,98.6,7.1,2024-06-13,3257.62849245918
2024-09-05 17:00:00+00:00,97081.66821023473,2024-09-05 13:00:00-04:00,2024,9,5,17,Thursday,0,-0.8660254037844383,-0.5000000000000003,0.4338837391175582,-0.900968867902419,0,,0,0,,,0,0,0,0,0,0,0,0,17,3,5,9,3,2024,36,-0.9659258262890684,-0.2588190451025206,0.4338837391175582,-0.900968867902419,-1.0,-1.8369701987210292e-16,0,0,1,0,0,82308.48664544399,100487.9873824506,101569.7146619943,98283.6753925844,104946.5187414528,101172.66075258687,99197.060681946,9206.584021958852,109005.8782876341,82308.48664544399,107919.12578783857,14099.04880520041,129398.27983282338,82308.48664544399,111126.0181642486,14493.054350037242,139667.48973520458,82308.48664544399,14773.181564790735,-1202.0071823496692,-4090.992542352149,0.1794855204716423,-0.0122299779444385,0,0,0,2024-09-05 17:00:00+00:00,11610.0,14773.181564790735,-3163.181564790735,22.5,24.0,0.0,2024-09-05,3163.181564790735
2025-05-20 05:00:00+00:00,132341.4507603477,2025-05-20 01:00:00-04:00,2025,5,20,5,Tuesday,0,0.8660254037844385,0.5000000000000001,0.7818314824680299,0.6234898018587335,0,,0,0,,,0,0,0,0,0,0,0,0,5,1,20,5,2,2025,21,0.9659258262890684,0.2588190451025207,0.7818314824680298,0.6234898018587336,0.4999999999999999,-0.8660254037844387,0,0,0,0,1,126562.09001078612,119650.8409585596,114519.22295378058,127373.2685998359,120719.226321593,128659.54645693202,117402.23967759556,11045.226973907058,132341.4507603477,103001.62977317248,110360.09806959685,13569.735820315063,132341.4507603477,93292.0031289855,114001.49669375058,15357.7168286785,139355.1219704652,37981.984202862,5779.360749561587,4968.182160511817,3681.904303415693,0.0456642328604801,0.0390049043659246,0,0,0,2025-05-20 05:00:00+00:00,2620.8,5779.360749561587,-3158.560749561587,15.5,82.0,0.0,2025-05-20,3158.560749561587
2025-05-08 20:00:00+00:00,107370.4449753891,2025-05-08 16:00:00-04:00,2025,5,8,20,Thursday,0,-0.9659258262890684,0.2588190451025203,0.4338837391175582,-0.900968867902419,0,,0,0,,,0,0,0,0,0,0,0,0,20,3,8,5,2,2025,19,-0.8660254037844386,0.5000000000000001,0.4338837391175582,-0.900968867902419,0.4999999999999999,-0.8660254037844387,0,0,0,1,0,94160.49478586836,109535.92225257512,113923.8635890742,107801.38743581188,105435.69210021022,92072.6551985586,109906.54856321552,8725.825920480349,118439.911084696,94160.49478586836,122154.04190128256,12895.946788161751,139330.8998276763,94160.49478586836,117560.60395048602,14112.349268503996,146608.0750544501,91362.26250253188,13209.950189520736,-430.94246042278246,15297.789776830496,0.1402918519020282,-0.0039975594996806,0,0,0,2025-05-08 20:00:00+00:00,10072.8,13209.950189520736,-3137.1501895207366,13.4,97.0,0.5,2025-05-08,3137.1501895207366
2024-09-04 00:00:00+00:00,105902.5735941899,2024-09-03 20:00:00-04:00,2024,9,4,0,Wednesday,0,-0.2588190451025215,0.9659258262890682,0.7818314824680299,0.6234898018587335,0,,0,0,,,0,0,0,0,0,0,0,0,0,2,4,9,3,2024,36,0.0,1.0,0.9749279121818236,-0.2225209339563143,-1.0,-1.8369701987210292e-16,0,0,0,0,1,92046.100564952,85964.94304852851,95824.4587612781,109377.07408726629,99800.05014280752,110147.1535507417,95655.71568581804,6612.9859337267135,105902.5735941899,85964.94304852851,116862.75477432688,15923.977871169483,139354.0772379904,85964.94304852851,113251.69839313846,14609.758564916036,139667.48973520458,84291.08589126171,13856.47302923791,-3474.5004930763826,-4244.579956551796,0.1505384035194423,-0.0317662592647547,0,0,0,2024-09-04 00:00:00+00:00,10724.4,13856.47302923791,-3132.0730292379103,9.2,85.9,0.0,2024-09-04,3132.0730292379103
2025-05-19 05:00:00+00:00,127373.2685998359,2025-05-19 01:00:00-04:00,2025,5,19,5,Monday,0,0.8660254037844385,0.5000000000000001,0.0,1.0,0,,0,0,,,0,0,0,0,0,0,0,0,5,0,19,5,2,2025,21,0.9659258262890684,0.2588190451025207,0.0,1.0,0.4999999999999999,-0.8660254037844387,0,0,0,0,1,121663.5374264798,114762.350851336,110611.9480862871,120719.226321593,130304.6243467408,139294.59654765797,113207.10406273649,10450.676099003624,127373.2685998359,98426.284894487,108675.81766980846,18567.80894364216,137559.55577442428,78144.766188292,114390.75917884336,15414.762372023708,139355.1219704652,37981.984202862,5709.731173356093,6654.042278242894,-11921.32794782208,0.0469305043576135,0.0551199877682837,0,0,0,2025-05-19 05:00:00+00:00,2599.2,5709.731173356093,-3110.531173356093,12.1,100.0,0.1,2025-05-19,3110.531173356093
2025-08-13 02:00:00+00:00,119875.957088871,2025-08-12 22:00:00-04:00,2025,8,13,2,Wednesday,0,0.2588190451025208,0.9659258262890684,0.9749279121818238,-0.2225209339563143,0,,0,0,,,0,0,0,0,0,0,0,0,2,2,13,8,3,2025,33,0.4999999999999999,0.8660254037844387,0.9749279121818236,-0.2225209339563143,-0.8660254037844385,-0.5000000000000004,0,0,0,0,1,105912.7446959989,102274.9683562986,98323.0982674782,115522.4458221653,111692.6875865728,121304.7193937632,91839.25810459122,32074.929499147653,119875.957088871,28659.22339483,114736.2251400348,22461.75233149547,137539.41280175291,28659.22339483,112407.1923815614,17463.74520975454,138581.26654657663,28659.22339483,13963.212392872098,4353.5112667056965,-1428.762304892196,0.1318369421258101,0.037685414602522,0,0,0,2025-08-13 02:00:00+00:00,10926.0,13963.212392872098,-3037.2123928720976,14.7,78.9,0.0,2025-08-13,3037.2123928720976
2025-02-01 07:00:00+00:00,133351.0062834637,2025-02-01 04:00:00-03:00,2025,2,1,7,Saturday,1,0.9659258262890684,-0.2588190451025207,-0.9749279121818236,-0.2225209339563146,0,,0,0,,,0,0,0,0,0,0,1,0,7,5,1,2,1,2025,5,0.9659258262890684,-0.2588190451025206,-0.9749279121818236,-0.2225209339563146,0.8660254037844386,0.5000000000000001,1,1,0,0,0,116887.7447508485,112932.854452483,121108.678143153,137599.80119836997,130443.1799414018,133170.1866846453,117003.74308415654,9345.678568620911,133351.0062834637,107500.0899913471,109330.00610933198,14237.417193185947,138610.48763500308,91631.4483497359,111067.72477380656,14659.2452749301,138610.48763500308,78959.67042949621,16463.2615326152,-4248.794914906262,180.8195988184016,0.14084677198373,-0.0308779146328925,0,0,0,2025-02-01 07:00:00+00:00,13442.4,16463.2615326152,-3020.861532615201,15.1,84.9,0.0,2025-02-01,3020.861532615201
2024-05-12 05:00:00+00:00,124425.2087323164,2024-05-12 01:00:00-04:00,2024,5,12,5,Sunday,1,0.8660254037844385,0.5000000000000001,-0.78183148246803,0.6234898018587333,0,,0,0,,,0,0,0,0,0,0,0,0,5,6,12,5,2,2024,19,0.9659258262890684,0.2588190451025207,-0.7818314824680299,0.6234898018587334,0.4999999999999999,-0.8660254037844387,1,0,0,0,1,110413.4869422452,115723.14878239729,110484.9488501812,135463.2846708331,139223.46375609658,129260.0291908086,109394.79161531456,11663.24623046025,124425.2087323164,89396.47330212459,113373.2701681878,17285.757664233617,144628.9414430139,89396.47330212459,118433.44671293258,14533.993920550907,144628.9414430139,88464.9094599102,14011.721790071198,-11038.07593851669,-4834.820458492191,0.1269022669069441,-0.0814838940701792,0,0,0,2024-05-12 05:00:00+00:00,10994.4,14011.721790071198,-3017.321790071199,7.8,81.5,0.0,2024-05-12,3017.321790071199
2024-10-30 06:00:00+00:00,137582.4361805867,2024-10-30 03:00:00-03:00,2024,10,30,6,Wednesday,0,1.0,6.123233995736766e-17,0.9749279121818238,-0.2225209339563143,0,,0,0,,,0,0,0,0,0,0,0,0,6,2,30,10,4,2024,44,1.0,6.123233995736766e-17,0.9749279121818236,-0.2225209339563143,-0.8660254037844386,0.5000000000000001,0,1,0,0,0,123709.0465385462,132549.42983128774,128097.0790034533,135928.1443365167,129759.9269751162,136869.8160449262,127319.39242233126,6929.810876619844,137582.4361805867,118377.141986889,120615.22565623326,9941.419579461428,137582.4361805867,108351.2672706018,110597.03124224691,14889.90542375916,137582.4361805867,81345.8072399834,13873.389642040493,1654.2918440699868,712.620135660487,0.1121453121677542,0.0121703408234166,0,0,0,2024-10-30 06:00:00+00:00,10890.0,13873.389642040493,-2983.3896420404926,11.7,96.7,0.0,2024-10-30,2983.3896420404926
2025-05-20 03:00:00+00:00,119650.8409585596,2025-05-19 23:00:00-04:00,2025,5,20,3,Tuesday,0,0.4999999999999999,0.8660254037844386,0.7818314824680299,0.6234898018587335,0,,0,0,,,0,0,0,0,0,0,0,0,3,1,20,5,2,2025,21,0.7071067811865476,0.7071067811865476,0.7818314824680298,0.6234898018587336,0.4999999999999999,-0.8660254037844387,0,0,0,0,1,114519.22295378058,108338.2036089268,103001.62977317248,114762.350851336,116886.116304731,116749.0703204046,106419.99995679386,9565.59495243726,119650.8409585596,94944.0754935188,109948.98412189608,13026.13217460864,130380.8634640756,93292.0031289855,113957.46649263456,15318.413381722356,139355.1219704652,37981.984202862,5131.618004779011,4888.490107223595,2901.7706381549942,0.0448101015045316,0.0425966361873868,0,0,0,2025-05-20 03:00:00+00:00,2152.8,5131.618004779011,-2978.818004779011,15.4,80.9,0.0,2025-05-20,2978.818004779011
2025-08-22 06:00:00+00:00,141420.8441888951,2025-08-22 02:00:00-04:00,2025,8,22,6,Friday,0,0.9659258262890684,0.2588190451025208,-0.433883739117558,-0.900968867902419,0,,0,0,,,0,0,0,0,0,0,0,0,6,4,22,8,3,2025,34,1.0,6.123233995736766e-17,-0.433883739117558,-0.9009688679024191,-0.8660254037844385,-0.5000000000000004,0,1,0,0,0,128522.7471793553,124921.6882240528,121055.3841960418,137047.6076652954,137501.6250646345,141136.5431419617,124961.30172782775,9297.365660626288,141420.8441888951,115485.3988375477,120206.86886085516,9943.74619725798,141420.8441888951,108092.3136564917,117800.37689590028,13883.675832596751,147643.20060979528,86555.6707905275,12898.097009539808,4373.236523599713,284.3010469333967,0.1003565305956333,0.0319103455952347,0,0,0,2025-08-22 06:00:00+00:00,10054.8,12898.097009539808,-2843.2970095398086,6.0,100.0,0.3,2025-08-22,2843.2970095398086
2024-09-14 02:00:00+00:00,117235.80861344031,2024-09-13 23:00:00-03:00,2024,9,14,2,Saturday,1,0.4999999999999999,0.8660254037844386,-0.9749279121818236,-0.2225209339563146,0,,0,0,,,0,0,0,0,0,0,0,0,2,5,14,9,3,2024,37,0.4999999999999999,0.8660254037844387,-0.9749279121818236,-0.2225209339563146,-1.0,-1.8369701987210292e-16,1,0,0,0,1,102559.8174277421,107235.90183031293,102281.40016273229,119771.9685343479,115747.9234554525,119900.60147747352,103607.09474085429,8246.910535037301,117235.80861344031,92455.4787716201,111955.3912490055,13352.568294916084,137218.4564527698,92455.4787716201,111540.85217849918,16591.974584065836,137998.4260517461,2465.58595865,14675.991185698207,-2536.159920907594,-2664.79286403321,0.143096892660111,-0.0211749038772814,0,0,0,2024-09-14 02:00:00+00:00,11844.0,14675.991185698207,-2831.991185698207,11.7,72.9,0.0,2024-09-14,2831.991185698207
2025-01-29 18:00:00+00:00,109576.7038399675,2025-01-29 15:00:00-03:00,2025,1,29,18,Wednesday,0,-1.0,-1.8369701987210287e-16,0.9749279121818238,-0.2225209339563143,0,,0,0,,,0,0,0,0,0,0,1,0,18,2,29,1,1,2025,5,-1.0,-1.8369701987210292e-16,0.9749279121818236,-0.2225209339563143,0.4999999999999999,0.8660254037844387,0,0,0,1,0,94160.354696701,110154.8047905749,113681.3487631286,94355.4975634451,86135.33523146709,103957.6828153361,111089.69947053472,9409.25329498375,121111.8708202378,94160.354696701,111339.25083654412,16483.094525459,135349.0526900479,86360.07886256848,109908.88478385184,15444.984870338089,139968.90981235408,78959.67042949621,15416.349143266489,15221.206276522396,5619.0210246313945,0.1637244166392952,0.1613176409385959,0,0,0,2025-01-29 18:00:00+00:00,12607.2,15416.349143266489,-2809.149143266488,17.0,72.0,0.0,2025-01-29,2809.149143266488
2025-05-20 01:00:00+00:00,108338.2036089268,2025-05-19 21:00:00-04:00,2025,5,20,1,Tuesday,0,0.0,1.0,0.7818314824680299,0.6234898018587335,0,,0,0,,,0,0,0,0,0,0,0,0,1,1,20,5,2,2025,21,0.2588190451025207,0.9659258262890684,0.7818314824680298,0.6234898018587336,0.4999999999999999,-0.8660254037844387,0,0,0,0,1,103001.62977317248,98066.026952805,94944.0754935188,106405.2345179931,108331.3056743845,105145.2340843934,98606.72834847344,5953.2656684150825,108338.2036089268,93292.0031289855,109582.4939146162,12867.238642652746,130380.8634640756,93292.0031289855,113904.709262809,15319.146698542943,139355.1219704652,37981.984202862,5336.573835754316,1932.9690909336928,3192.969524533386,0.0518105766627807,0.0181661090235822,0,0,0,2025-05-20 01:00:00+00:00,2646.0,5336.573835754316,-2690.573835754316,16.1,77.7,0.0,2025-05-20,2690.573835754316
2024-06-18 09:00:00+00:00,124922.3634207746,2024-06-18 05:00:00-04:00,2024,6,18,9,Tuesday,0,0.8660254037844387,-0.4999999999999997,0.7818314824680299,0.6234898018587335,0,,0,0,,,0,0,0,0,0,0,0,0,9,1,18,6,2,2024,25,0.7071067811865476,-0.7071067811865475,0.7818314824680298,0.6234898018587336,1.2246467991473532e-16,-1.0,0,1,0,0,0,112233.62147315,126628.8155300354,128526.2108199088,130230.913751708,141282.97724335518,133101.1897104464,124083.05181585532,6036.581585869268,128526.2108199088,112233.62147315,113042.00994172962,10928.470150768995,129349.5864896008,93179.582788949,113112.95044928946,17128.525949121256,143561.16506443432,67416.353342249,12688.741947624614,-5308.550330933387,-8178.826289671793,0.1130565135569485,-0.0407625975891899,0,0,0,2024-06-18 09:00:00+00:00,10033.2,12688.741947624614,-2655.5419476246134,10.2,97.9,9.2,2024-06-18,2655.5419476246134
2024-06-17 23:00:00+00:00,106423.39529593253,2024-06-17 19:00:00-04:00,2024,6,17,23,Monday,0,-0.5000000000000003,0.8660254037844383,0.0,1.0,0,,0,0,,,0,0,0,0,0,0,0,0,23,0,17,6,2,2024,25,-0.2588190451025215,0.965925826289068,0.0,1.0,1.2246467991473532e-16,-1.0,0,0,0,0,1,93179.582788949,102973.4199726499,99077.7765539431,106825.471267609,91771.5191507403,102225.0713352034,101186.27168608148,4561.175324827767,106423.39529593253,93179.582788949,114996.6025608055,12534.821784670636,134919.2926277573,93179.582788949,113346.4038970296,17340.409370009005,143561.16506443432,67416.353342249,13243.812506983522,-402.0759716764733,4198.323960729118,0.1421321292775119,-0.0037638586275854,0,0,0,2024-06-17 23:00:00+00:00,10594.8,13243.812506983522,-2649.012506983523,9.8,93.8,3.1,2024-06-17,2649.012506983523
2024-01-01 02:00:00+00:00,106856.9536904011,2023-12-31 23:00:00-03:00,2024,1,1,2,Monday,0,0.4999999999999999,0.8660254037844386,0.0,1.0,1,Año Nuevo,0,1,2024-01-01,2024-01-01,1,0,0,0,0,0,1,0,2,0,1,1,1,2024,1,0.4999999999999999,0.8660254037844387,0.0,1.0,0.4999999999999999,0.8660254037844387,0,0,0,0,1,91669.8828607429,98988.7180637592,0.0,0.0,0.0,0.0,99171.85153830104,7595.191472134662,106856.9536904011,91669.8828607429,99171.85153830104,7595.191472134662,106856.9536904011,91669.8828607429,99171.85153830104,7595.191472134662,106856.9536904011,91669.8828607429,15187.070829658202,0.0,0.0,0.1656713236203117,0.0,0,0,1,2024-01-01 02:00:00+00:00,12693.6,15187.070829658202,-2493.470829658201,14.3,84.9,0.0,2024-01-01,2493.470829658201
2024-09-06 06:00:00+00:00,132227.8535096739,2024-09-06 02:00:00-04:00,2024,9,6,6,Friday,0,0.9659258262890684,0.2588190451025208,-0.433883739117558,-0.900968867902419,0,,0,0,,,0,0,0,0,0,0,0,0,6,4,6,9,3,2024,36,1.0,6.123233995736766e-17,-0.433883739117558,-0.9009688679024191,-1.0,-1.8369701987210292e-16,0,1,0,0,0,118925.4087733807,124628.97525176802,119742.141772727,128630.0151542537,124622.5954833833,131215.6515609391,119244.07248193889,8722.208599372538,132227.8535096739,107684.919781464,107931.83611597092,13596.819500928974,132227.8535096739,82308.48664544399,110930.05984977756,14661.706948380192,139667.48973520458,82308.48664544399,13302.444736293211,3597.838355420201,1012.2019487348152,0.1118553627311198,0.0279704418218846,0,0,0,2024-09-06 06:00:00+00:00,10861.2,13302.444736293211,-2441.2447362932107,7.1,87.5,0.0,2024-09-06,2441.2447362932107
2024-06-25 22:00:00+00:00,106784.6507432032,2024-06-25 18:00:00-04:00,2024,6,25,22,Tuesday,0,-0.7071067811865477,0.7071067811865474,0.7818314824680299,0.6234898018587335,0,,0,0,,,0,0,0,0,1,0,0,0,22,1,25,6,2,2024,26,-0.5000000000000004,0.8660254037844384,0.7818314824680298,0.6234898018587336,1.2246467991473532e-16,-1.0,0,0,0,0,1,93313.22915683172,105203.5165391165,106741.6353478598,94967.1533569852,77452.3311750388,101860.8327069762,104273.81579146913,5579.781695679183,108980.99424147148,93313.22915683172,116321.82357439677,13998.581846234543,143003.38623290308,93313.22915683172,110217.8105736512,15353.739232931071,143003.38623290308,68330.2374148655,13471.421586371478,11817.49738621799,4923.818036226992,0.1443677569418375,0.1244377341900053,0,0,0,2024-06-25 22:00:00+00:00,11055.6,13471.421586371478,-2415.8215863714777,9.0,71.0,0.0,2024-06-25,2415.8215863714777
2024-04-17 20:00:00+00:00,94739.86930809772,2024-04-17 16:00:00-04:00,2024,4,17,20,Wednesday,0,-0.9659258262890684,0.2588190451025203,0.9749279121818238,-0.2225209339563143,0,,0,0,,,0,0,0,0,0,0,0,0,20,2,17,4,2,2024,16,-0.8660254037844386,0.5000000000000001,0.9749279121818236,-0.2225209339563143,0.8660254037844387,-0.4999999999999998,0,0,0,1,0,79620.38799169642,96641.3272611412,101206.2273807023,91949.8151979901,100027.3509010863,100037.68775668347,97199.71121647336,9703.667411778542,106424.5359627664,79620.38799169642,110582.193401426,15088.301970574468,134082.8455952208,79620.38799169642,110866.97233875096,16185.319949272662,140546.49741456227,75934.13745819201,15119.481316401305,2790.054110107624,-5297.818448585749,0.1898945948112951,0.0303432269450456,0,0,0,2024-04-17 20:00:00+00:00,12740.4,15119.481316401305,-2379.0813164013034,30.2,21.0,0.0,2024-04-17,2379.0813164013034
2025-05-20 00:00:00+00:00,103001.62977317248,2025-05-19 20:00:00-04:00,2025,5,20,0,Tuesday,0,-0.2588190451025215,0.9659258262890682,0.0,1.0,0,,0,0,,,0,0,0,0,0,0,0,0,0,1,20,5,2,2025,21,0.0,1.0,0.7818314824680298,0.6234898018587336,0.4999999999999999,-0.8660254037844387,0,0,0,0,1,98066.026952805,94944.0754935188,93292.0031289855,98426.284894487,104486.6182874975,98976.32154114867,96348.72911641432,3646.3601734922777,103001.62977317248,93292.0031289855,109501.95353582728,12881.407453222077,130380.8634640756,93292.0031289855,113885.70349182964,15328.07224986177,139355.1219704652,37981.984202862,4935.60282036748,4575.344878685472,4025.308232023802,0.050329384943297,0.0464849900978203,0,0,0,2025-05-20 00:00:00+00:00,2617.2,4935.60282036748,-2318.40282036748,16.6,75.5,0.0,2025-05-20,2318.40282036748
2024-06-09 04:00:00+00:00,128628.3581786771,2024-06-09 00:00:00-04:00,2024,6,9,4,Sunday,1,0.7071067811865476,0.7071067811865477,-0.78183148246803,0.6234898018587333,0,,0,0,,,0,0,0,0,0,0,0,0,4,6,9,6,2,2024,23,0.8660254037844386,0.5000000000000001,-0.7818314824680299,0.6234898018587334,1.2246467991473532e-16,-1.0,1,0,0,0,1,116267.3140585786,114605.0506370104,110250.1637041887,128269.17555234338,130721.075478434,119066.825873954,115671.0023725844,6886.216499250652,128628.3581786771,109553.0802824806,124288.44569665806,12959.59987641504,146123.56991223458,109172.8100684411,117728.23813618172,13185.922547071275,146123.56991223458,85245.39923029671,12361.044120098491,359.1826263337134,9561.532304723092,0.1063157278568478,0.0028002255786476,0,0,0,2024-06-09 04:00:00+00:00,10054.8,12361.044120098491,-2306.244120098494,9.9,99.2,4.2,2024-06-09,2306.244120098494
2024-09-15 03:00:00+00:00,121225.1644361631,2024-09-15 00:00:00-03:00,2024,9,15,3,Sunday,1,0.7071067811865476,0.7071067811865477,-0.78183148246803,0.6234898018587333,0,,0,0,,,0,0,0,0,0,0,0,0,3,6,15,9,3,2024,37,0.7071067811865476,0.7071067811865476,-0.7818314824680299,0.6234898018587334,-1.0,-1.8369701987210292e-16,1,0,0,0,1,107925.0570814316,107984.03090293668,100021.4354969582,124063.089387343,114787.5580043694,107172.3626393631,105914.47129490347,9110.627306287462,121225.1644361631,94346.2555225937,114340.12155707803,18030.9002103171,146571.93081750273,92938.2293321508,113498.90646224034,13831.357446626109,146571.93081750273,90818.96348434,13300.107354731505,-2837.924951179899,14052.801796800006,0.1232346566626905,-0.0228748531508794,0,0,0,2024-09-15 03:00:00+00:00,10998.0,13300.107354731505,-2302.1073547315027,10.6,75.2,0.0,2024-09-15,2302.1073547315027
2024-10-20 02:00:00+00:00,118971.1846147717,2024-10-19 23:00:00-03:00,2024,10,20,2,Sunday,1,0.4999999999999999,0.8660254037844386,-0.78183148246803,0.6234898018587333,0,,0,0,,,0,0,0,0,0,0,0,0,2,6,20,10,4,2024,42,0.4999999999999999,0.8660254037844387,-0.7818314824680299,0.6234898018587334,-0.8660254037844386,0.5000000000000001,1,0,0,0,1,106687.84722644948,112049.2911404765,110005.7004006694,116807.4979128777,106831.0858703731,108867.47992245673,110716.75858084358,4455.446600685131,118971.1846147717,106687.84722644948,120474.53507418264,11665.46063455633,143069.71091306364,106687.84722644948,114751.8780902136,14174.54298710866,143069.71091306364,84607.9439860676,12283.337388322225,2163.686701893996,10103.704692314976,0.1151334262303589,0.0185235258057476,0,0,0,2024-10-20 02:00:00+00:00,9993.6,12283.337388322225,-2289.7373883222226,10.3,99.3,0.0,2024-10-20,2289.7373883222226
2024-11-06 03:00:00+00:00,109538.0701992088,2024-11-06 00:00:00-03:00,2024,11,6,3,Wednesday,0,0.7071067811865476,0.7071067811865477,0.9749279121818238,-0.2225209339563143,0,,0,0,,,0,0,0,0,0,0,0,0,3,2,6,11,4,2024,45,0.7071067811865476,0.7071067811865476,0.9749279121818236,-0.2225209339563143,-0.5000000000000004,0.8660254037844384,0,0,0,0,1,96419.2899541892,98718.4156590804,95288.8111606243,114722.16825190918,125551.8930900463,128097.0790034533,96775.51108320156,7177.284910849549,109538.0701992088,88634.03095448411,107932.11145533544,13992.47379432593,129796.5441833989,88634.03095448411,113617.2561554283,16309.441788934198,146103.3713464231,86276.4338805257,13118.780245019603,-5184.098052700385,-18559.0088042445,0.1360597060116559,-0.0451882851561612,0,0,0,2024-11-06 03:00:00+00:00,10846.8,13118.780245019603,-2271.980245019604,10.8,81.4,0.0,2024-11-06,2271.980245019604
2025-08-25 11:00:00+00:00,119228.4809435519,2025-08-25 07:00:00-04:00,2025,8,25,11,Monday,0,0.4999999999999999,-0.8660254037844386,0.0,1.0,0,,0,0,,,0,0,0,0,0,0,0,0,11,0,25,8,3,2025,35,0.258819045102521,-0.9659258262890682,0.0,1.0,-0.8660254037844385,-0.5000000000000004,0,1,0,0,0,105260.89380072452,126005.7696298407,131194.63111011582,126631.0640014816,125039.4896029853,124118.54135167228,124639.91493457212,10885.275869201148,133569.687959211,105260.89380072452,109838.38270424285,14282.24818853005,133569.687959211,91532.69004338628,117411.83158817788,12896.110666176768,142952.1707965722,91532.69004338628,13967.587142827382,-7402.583057929703,-4890.060408120378,0.1326949319779693,-0.0584578761641226,0,0,0,2025-08-25 11:00:00+00:00,11757.6,13967.587142827382,-2209.987142827382,9.0,66.0,0.0,2025-08-25,2209.987142827382
2025-08-08 11:00:00+00:00,126077.5986808615,2025-08-08 07:00:00-04:00,2025,8,8,11,Friday,0,0.4999999999999999,-0.8660254037844386,-0.433883739117558,-0.900968867902419,0,,0,0,,,0,0,0,0,0,0,0,0,11,4,8,8,3,2025,32,0.258819045102521,-0.9659258262890682,-0.433883739117558,-0.9009688679024191,-0.8660254037844385,-0.5000000000000004,0,1,0,0,0,113161.5664806925,129952.9215421427,132930.6046581393,119124.7733723042,124333.7632240606,128694.94084280284,128147.65584370964,7884.708529924114,134106.4487390273,113161.5664806925,112949.87099787682,12644.1356308014,134106.4487390273,97464.1990592985,113659.798960403,13103.73925231975,136998.07531187712,79986.669956457,12916.032200168993,6952.825308557294,-2617.342161941342,0.1141379763629617,0.0583659058626488,0,0,0,2025-08-08 11:00:00+00:00,10789.2,12916.032200168993,-2126.832200168992,7.9,99.5,0.0,2025-08-08,2126.832200168992
2024-05-10 00:00:00+00:00,111078.63024958607,2024-05-09 20:00:00-04:00,2024,5,10,0,Friday,0,-0.2588190451025215,0.9659258262890682,0.4338837391175582,-0.900968867902419,0,,0,0,,,0,0,0,0,0,0,0,0,0,4,10,5,2,2024,19,0.0,1.0,-0.433883739117558,-0.9009688679024191,0.4999999999999999,-0.8660254037844387,0,0,0,0,1,97765.8807162385,93957.1907079648,100014.0215144139,108073.2173316592,121222.3367705285,115254.465335786,99421.72031404682,6406.336253679448,111078.63024958607,93450.2513114189,117211.13780136232,14078.7967372587,140801.12026859028,93450.2513114189,118226.0426894444,14411.953828279768,142518.4195736112,88464.9094599102,13312.749533347567,3005.4129179268784,-4175.835086199921,0.1361696886052434,0.0278090445730301,0,0,0,2024-05-10 00:00:00+00:00,11203.2,13312.749533347567,-2109.5495333475665,9.1,71.3,0.0,2024-05-10,2109.5495333475665
2025-08-06 07:00:00+00:00,136998.07531187712,2025-08-06 03:00:00-04:00,2025,8,6,7,Wednesday,0,1.0,6.123233995736766e-17,0.9749279121818238,-0.2225209339563143,0,,0,0,,,0,0,0,0,0,0,0,0,7,2,6,8,3,2025,32,0.9659258262890684,-0.2588190451025206,0.9749279121818236,-0.2225209339563143,-0.8660254037844385,-0.5000000000000004,0,1,0,0,0,123966.1579104187,136212.95817015867,132234.32534864268,134163.6157259857,119051.5125434959,135034.2412117934,129671.00261981618,6498.7556112119255,136998.07531187712,121304.7193937632,117876.80990131744,11578.549835179836,136998.07531187712,100101.9184161874,116792.91346044584,13688.977805091125,141476.7896349163,79986.669956457,13031.917401458428,2834.4595858914254,1963.83410008371,0.1051247987444738,0.0211268872753138,0,0,0,2025-08-06 07:00:00+00:00,10958.4,13031.917401458428,-2073.517401458428,11.7,77.5,0.0,2025-08-06,2073.517401458428
2024-12-22 05:00:00+00:00,123495.13813347789,2024-12-22 02:00:00-03:00,2024,12,22,5,Sunday,1,0.9659258262890684,0.2588190451025208,-0.78183148246803,0.6234898018587333,0,,0,0,,,0,0,0,0,0,0,1,0,5,6,22,12,4,2024,51,0.9659258262890684,0.2588190451025207,-0.7818314824680299,0.6234898018587334,-2.4492935982947064e-16,1.0,1,0,0,0,1,108624.9219650661,111411.2342703274,104625.4526403586,131451.3588056069,127920.48650048452,131597.6671139017,107257.28657776082,9785.02044635308,123495.13813347789,95949.8563312476,110999.02054115452,15926.5551306315,140346.04292789128,91632.8632936293,115546.0502240925,15176.566472889506,143976.8285393632,84266.3996997355,14870.21616841179,-7956.220672129013,-8102.528980423813,0.1368950688240224,-0.0605259675093571,0,0,0,2024-12-22 05:00:00+00:00,12808.8,14870.21616841179,-2061.41616841179,15.2,77.4,0.0,2024-12-22,2061.41616841179
2024-06-16 06:00:00+00:00,129066.60214454393,2024-06-16 02:00:00-04:00,2024,6,16,6,Sunday,1,0.9659258262890684,0.2588190451025208,-0.78183148246803,0.6234898018587333,0,,0,0,,,0,0,0,0,0,0,0,0,6,6,16,6,2,2024,24,1.0,6.123233995736766e-17,-0.7818314824680299,0.6234898018587334,1.2246467991473532e-16,-1.0,1,1,0,0,0,115829.2211734466,110455.4618640956,94841.88057335353,117782.26378042893,122894.285596141,136773.0676162316,109148.19392211996,12607.769057539075,129066.60214454393,94841.88057335353,100787.08261513808,14555.196823738956,129066.60214454393,81713.856258202,113042.56327501783,17688.98535651123,145490.7648059723,67416.353342249,13237.38097109733,11284.338364115,-7706.465471687668,0.1142836050954294,0.0958067709171508,0,0,0,2024-06-16 06:00:00+00:00,11246.4,13237.38097109733,-1990.9809710973293,9.5,98.8,0.0,2024-06-16,1990.9809710973293
2025-05-19 03:00:00+00:00,114762.350851336,2025-05-18 23:00:00-04:00,2025,5,19,3,Monday,0,0.4999999999999999,0.8660254037844386,0.0,1.0,0,,0,0,,,0,0,0,0,0,0,0,0,3,0,19,5,2,2025,21,0.7071067811865476,0.7071067811865476,0.0,1.0,0.4999999999999999,-0.8660254037844387,0,0,0,0,1,110611.9480862871,106405.2345179931,98426.284894487,116886.116304731,122011.7792098049,132304.91723235292,102682.0893980526,9355.886504904129,114762.350851336,91047.5392064889,107878.00175257016,18107.525808271766,137559.55577442428,78144.766188292,114535.12071658469,15565.444886064814,139355.1219704652,37981.984202862,4150.402765048901,-2123.765453394997,-17542.56638101692,0.0375221921036164,-0.0181695270622062,0,0,0,2025-05-19 03:00:00+00:00,2203.2,4150.402765048901,-1947.2027650489008,12.3,99.2,0.1,2025-05-19,1947.2027650489008
2024-07-12 11:00:00+00:00,132362.2703473228,2024-07-12 07:00:00-04:00,2024,7,12,11,Friday,0,0.4999999999999999,-0.8660254037844386,-0.433883739117558,-0.900968867902419,0,,0,0,,,0,0,0,0,0,0,0,0,11,4,12,7,3,2024,28,0.258819045102521,-0.9659258262890682,-0.433883739117558,-0.9009688679024191,-0.4999999999999997,-0.8660254037844388,0,1,0,0,0,119035.8268049724,139724.54318600128,142140.5766342935,131756.80340946652,125050.1612583312,115058.4915704938,136198.73312977143,9211.254640922903,142566.7485223383,119035.8268049724,122433.23382076208,12567.045389673223,142566.7485223383,107233.76491301478,118922.37870768095,13916.31266488948,145522.50070878703,98134.5082868328,13326.443542350404,605.466937856283,17303.778776829,0.1119532152633708,0.0045953371832696,0,0,0,2024-07-12 11:00:00+00:00,11440.8,13326.443542350404,-1885.6435423504045,6.0,98.5,0.0,2024-07-12,1885.6435423504045
2025-06-27 21:00:00+00:00,102543.5750951457,2025-06-27 17:00:00-04:00,2025,6,27,21,Friday,0,-0.8660254037844385,0.5,-0.433883739117558,-0.900968867902419,0,,0,0,,,0,0,0,0,1,0,0,0,21,4,27,6,2,2025,26,-0.7071067811865477,0.7071067811865474,-0.433883739117558,-0.9009688679024191,1.2246467991473532e-16,-1.0,0,0,0,1,0,88879.26903726051,100775.1518269606,101543.22234190447,99826.4971645481,103882.67828386868,95962.6060538027,99774.98059806296,5398.093131930862,103098.7413960082,88879.26903726051,109711.67912293343,20238.84209354469,131723.2012965884,32985.871723753,117371.51481080614,15472.15978602972,148032.14795912258,32985.871723753,13664.306057885187,2717.077930597603,6580.969041343007,0.1537400814148994,0.0272180033134783,0,0,0,2025-06-27 21:00:00+00:00,11786.4,13664.306057885187,-1877.906057885188,9.9,77.0,0.0,2025-06-27,1877.906057885188
2024-11-24 03:00:00+00:00,120274.3957411118,2024-11-24 00:00:00-03:00,2024,11,24,3,Sunday,1,0.7071067811865476,0.7071067811865477,-0.78183148246803,0.6234898018587333,0,,0,0,,,0,0,0,0,0,0,0,0,3,6,24,11,4,2024,47,0.7071067811865476,0.7071067811865476,-0.7818314824680299,0.6234898018587334,-0.5000000000000004,0.8660254037844384,1,0,0,0,1,105786.8786635742,99769.7396155892,99794.4519686797,122184.8003084699,122857.1143876268,116799.25647325192,100828.49857947131,11459.630039586658,120274.3957411118,88490.3823609469,113442.0392426689,18813.842195273017,144220.03276314543,87466.54669870148,112865.85959552247,15078.55064114954,144220.03276314543,86051.24936200782,14487.517077537605,-1910.4045673580983,3475.1392678598786,0.1369500382331077,-0.0156353700504077,0,0,0,2024-11-24 03:00:00+00:00,12614.4,14487.517077537605,-1873.117077537603,14.1,74.8,0.0,2024-11-24,1873.117077537603
2024-10-16 01:00:00+00:00,115375.72939412708,2024-10-15 22:00:00-03:00,2024,10,16,1,Wednesday,0,0.2588190451025208,0.9659258262890684,0.9749279121818238,-0.2225209339563143,0,,0,0,,,0,0,0,0,0,0,0,0,1,2,16,10,4,2024,42,0.2588190451025207,0.9659258262890684,0.9749279121818236,-0.2225209339563143,-0.8660254037844386,0.5000000000000001,0,0,0,0,1,101815.0655590395,107013.0893355046,104437.0434229991,107808.7686877752,105117.7009415984,3662.9359477,106111.74447627166,4839.850629796182,115375.72939412708,101815.0655590395,117508.47777099042,12323.858719440654,138288.0054127191,101815.0655590395,112303.66608545335,18466.776760651108,141311.46352974468,3699.233649100001,13560.663835087573,7566.960706351878,111712.79344642708,0.1331891676406587,0.0701887313847962,0,0,0,2024-10-16 01:00:00+00:00,11768.4,13560.663835087573,-1792.2638350875732,10.4,98.7,0.0,2024-10-16,1792.2638350875732
2025-01-31 05:00:00+00:00,127610.8131927932,2025-01-31 02:00:00-03:00,2025,1,31,5,Friday,0,0.9659258262890684,0.2588190451025208,-0.433883739117558,-0.900968867902419,0,,0,0,,,0,0,0,0,0,0,1,0,5,4,31,1,1,2025,5,0.9659258262890684,0.2588190451025207,-0.433883739117558,-0.9009688679024191,0.4999999999999999,0.8660254037844387,0,0,0,0,1,113728.9918123365,115816.3119230522,108775.4058584381,128945.8827691478,128079.60613466449,123696.40938703992,113518.48227408616,7745.486551778416,127610.8131927932,106315.5885745734,114576.69982765472,12003.248399690525,134198.5837696195,99004.5338562398,110177.41059821562,14947.285984039165,138498.60466969543,78959.67042949621,13881.821380456691,-1335.06957635461,3914.4038057532734,0.1220605331959945,-0.0103537200853849,0,0,0,2025-01-31 05:00:00+00:00,12132.0,13881.821380456691,-1749.8213804566913,12.7,91.5,0.0,2025-01-31,1749.8213804566913
2024-12-05 06:00:00+00:00,131560.12862336892,2024-12-05 03:00:00-03:00,2024,12,5,6,Thursday,0,1.0,6.123233995736766e-17,0.4338837391175582,-0.900968867902419,0,,0,0,,,0,0,0,0,0,0,1,0,6,3,5,12,4,2024,49,1.0,6.123233995736766e-17,0.4338837391175582,-0.900968867902419,-2.4492935982947064e-16,1.0,0,1,0,0,0,118409.2492893854,126765.86836110053,120943.42331070192,135072.31430649562,139546.9033189049,139038.73671720718,120262.45365695494,8046.586625223818,131560.12862336892,109534.6857092593,114482.84976479891,11783.429211871156,135388.6226407997,99267.2030911608,115780.64493950816,13382.942908881414,141339.2228630773,94549.4714641382,13150.87933398351,-3512.185683126707,-7478.608093838266,0.1110629398708837,-0.0260022618340359,0,0,0,2024-12-05 06:00:00+00:00,11440.8,13150.87933398351,-1710.0793339835109,10.3,86.0,0.0,2024-12-05,1710.0793339835109
2024-03-26 03:00:00+00:00,128524.15824853328,2024-03-26 00:00:00-03:00,2024,3,26,3,Tuesday,0,0.7071067811865476,0.7071067811865477,0.7818314824680299,0.6234898018587335,0,,0,0,,,0,0,0,0,0,0,1,0,3,1,26,3,1,2024,13,0.7071067811865476,0.7071067811865476,0.7818314824680298,0.6234898018587336,1.0,6.123233995736766e-17,0,0,0,0,1,115506.774049494,119426.33721191272,115717.5974675872,90832.115917285,111897.15217139602,114354.0611495825,116789.33603263236,6675.440713101558,128524.15824853328,109526.8403009788,118178.178596484,6535.689400469711,128524.15824853328,103250.220204334,113237.02830870412,16633.990266781853,142536.2161131654,25252.31866316,13017.384199039285,37692.042331248274,14170.097098950777,0.112698015386192,0.4149638258517725,0,0,0,2024-03-26 03:00:00+00:00,11329.2,13017.384199039285,-1688.1841990392822,14.3,95.4,0.0,2024-03-26,1688.1841990392822
2025-06-15 00:00:00+00:00,111435.36705145398,2025-06-14 20:00:00-04:00,2025,6,15,0,Sunday,1,-0.2588190451025215,0.9659258262890682,-0.9749279121818236,-0.2225209339563146,0,,0,0,,,0,0,0,0,0,0,0,0,0,6,15,6,2,2025,24,0.0,1.0,-0.7818314824680299,0.6234898018587334,1.2246467991473532e-16,-1.0,1,0,0,0,1,98844.00065121222,106474.1431212027,105474.92858169742,110626.0842162758,109778.1484128292,97117.9583070442,105282.56424521423,4079.814390946213,111435.36705145398,98844.00065121222,120060.11399885088,14460.8320949633,144452.23567427637,98844.00065121222,117317.50326548162,14168.798014819256,144452.23567427637,86463.41075319551,12591.366400241764,809.2828351781791,14317.408744409782,0.1273862482020789,0.0073154793547245,0,0,0,2025-06-15 00:00:00+00:00,10940.4,12591.366400241764,-1650.9664002417649,10.5,85.8,0.0,2025-06-15,1650.9664002417649
2025-05-19 02:00:00+00:00,110611.9480862871,2025-05-18 22:00:00-04:00,2025,5,19,2,Monday,0,0.2588190451025208,0.9659258262890684,0.0,1.0,0,,0,0,,,0,0,0,0,0,0,0,0,2,0,19,5,2,2025,21,0.4999999999999999,0.8660254037844387,0.0,1.0,0.4999999999999999,-0.8660254037844387,0,0,0,0,1,106405.2345179931,98426.284894487,94839.17883172348,112596.6769861056,118399.0888310602,127852.57119460538,98466.89584228794,8481.168316712301,110611.9480862871,89471.1895167481,107966.49197979496,18147.776511810007,137559.55577442428,78144.766188292,114639.54075456691,15625.703467932792,139355.1219704652,37981.984202862,4206.713568293999,-1984.728899818496,-17240.62310831828,0.0395348366774441,-0.0176268869823166,0,0,0,2025-05-19 02:00:00+00:00,2613.6,4206.713568293999,-1593.113568293999,11.8,99.4,0.0,2025-05-19,1593.113568293999
2025-08-08 05:00:00+00:00,131583.3146308902,2025-08-08 01:00:00-04:00,2025,8,8,5,Friday,0,0.8660254037844385,0.5000000000000001,-0.433883739117558,-0.900968867902419,0,,0,0,,,0,0,0,0,0,0,0,0,5,4,8,8,3,2025,32,0.9659258262890684,0.2588190451025207,-0.433883739117558,-0.9009688679024191,-0.8660254037844385,-0.5000000000000004,0,0,0,0,1,119160.5563556532,120955.8497971595,116842.5345233687,129613.0044016326,136212.95817015867,127421.6700937024,116918.94689565022,9629.31029694827,131583.3146308902,104301.40211301627,112566.9905877788,11861.381225127776,132356.8334689704,97464.1990592985,113770.91154965064,13171.93206714757,136998.07531187712,79986.669956457,12422.758275237007,1970.310229257608,4161.644537187807,0.1042522681596027,0.0152014856715472,0,0,0,2025-08-08 05:00:00+00:00,10850.4,12422.758275237007,-1572.3582752370075,8.6,99.8,0.0,2025-08-08,1572.3582752370075
2024-08-30 06:00:00+00:00,131215.6515609391,2024-08-30 02:00:00-04:00,2024,8,30,6,Friday,0,0.9659258262890684,0.2588190451025208,-0.433883739117558,-0.900968867902419,0,,0,0,,,0,0,0,0,0,0,0,0,6,4,30,8,3,2024,35,1.0,6.123233995736766e-17,-0.433883739117558,-0.9009688679024191,-0.8660254037844385,-0.5000000000000004,0,1,0,0,0,119397.2549417589,125680.8703242416,119561.8526454906,133955.9856297293,126670.7756468096,131983.21860934133,119906.1079034714,7795.169844326658,131215.6515609391,109502.8933189854,112681.86257534388,11860.548665050072,132770.4482791878,98056.1085918529,117368.82765706471,14208.488448984495,147815.5034149182,93370.2537214856,11818.396619180188,-2740.3340687901946,-767.5670484022412,0.0989838219056638,-0.0204569736537553,0,0,0,2024-08-30 06:00:00+00:00,10364.4,11818.396619180188,-1453.9966191801886,8.5,84.3,0.0,2024-08-30,1453.9966191801886
2024-06-06 17:00:00+00:00,109759.4164690867,2024-06-06 13:00:00-04:00,2024,6,6,17,Thursday,0,-0.8660254037844383,-0.5000000000000003,0.4338837391175582,-0.900968867902419,0,,0,0,,,0,0,0,0,0,0,0,0,17,3,6,6,2,2024,23,-0.9659258262890684,-0.2588190451025206,0.4338837391175582,-0.900968867902419,1.2246467991473532e-16,-1.0,0,0,1,0,0,97419.3231780906,113095.7663879952,115751.05745064832,111405.9108184668,110409.6104209904,101851.676626218,113067.32061514287,8986.390167282876,123291.7418654776,97419.3231780906,119233.63318686456,11902.364173429474,138101.27393276742,97419.3231780906,117162.2827572119,13666.00896619714,141776.44351736282,82154.73699506509,12340.093290996096,-1646.4943493800963,7907.739842868701,0.1266698729618289,-0.0147792369119715,0,0,0,2024-06-06 17:00:00+00:00,10890.0,12340.093290996096,-1450.0932909960975,16.1,76.0,0.0,2024-06-06,1450.0932909960975
2025-08-29 22:00:00+00:00,93981.0912269712,2025-08-29 18:00:00-04:00,2025,8,29,22,Friday,0,-0.7071067811865477,0.7071067811865474,-0.433883739117558,-0.900968867902419,0,,0,0,,,0,0,0,0,0,0,0,0,22,4,29,8,3,2025,35,-0.5000000000000004,0.8660254037844384,-0.433883739117558,-0.9009688679024191,-0.8660254037844385,-0.5000000000000004,0,0,0,0,1,81598.49735390331,92823.3251711832,94015.2775480427,106543.864095124,111519.7377507966,110111.5744014354,92335.37359730164,5509.9035755528985,97638.2274967022,81598.49735390331,111220.84213907382,14576.0554926861,132798.0269869028,81598.49735390331,116033.46194491112,14001.484414774468,142952.1707965722,81598.49735390331,12382.59387306789,-12562.772868152795,-16130.4831744642,0.1517502683825533,-0.1179117443772882,0,0,0,2025-08-29 22:00:00+00:00,10962.0,12382.59387306789,-1420.59387306789,12.5,62.0,0.0,2025-08-29,1420.59387306789
2025-05-18 17:00:00+00:00,90397.55485084507,2025-05-18 13:00:00-04:00,2025,5,18,17,Sunday,1,-0.8660254037844383,-0.5000000000000003,-0.78183148246803,0.6234898018587333,0,,0,0,,,0,0,0,0,0,0,0,0,17,6,18,5,2,2025,20,-0.9659258262890684,-0.2588190451025206,-0.7818314824680299,0.6234898018587334,0.4999999999999999,-0.8660254037844387,1,0,1,0,0,78144.766188292,96185.8452646638,100976.12296354688,97559.9742714835,107981.5959684379,120288.48437629802,98213.03525532504,13209.986682797768,115558.86404263492,78144.766188292,110203.76711087406,16351.495808362974,137559.55577442428,78144.766188292,115950.70337805746,14866.970883184398,139355.1219704652,37981.984202862,12252.78866255308,-7162.419420638427,-29890.929525452942,0.1567960243559965,-0.0734155525780205,0,0,0,2025-05-18 17:00:00+00:00,10879.2,12252.78866255308,-1373.5886625530802,15.9,75.0,0.0,2025-05-18,1373.5886625530802
2024-06-21 13:00:00+00:00,123998.3598458784,2024-06-21 09:00:00-04:00,2024,6,21,13,Friday,0,1.2246467991473532e-16,-1.0,-0.433883739117558,-0.900968867902419,0,,0,0,,,0,0,0,0,0,0,0,0,13,4,21,6,2,2024,25,-0.2588190451025208,-0.9659258262890684,-0.433883739117558,-0.9009688679024191,1.2246467991473532e-16,-1.0,0,0,1,0,0,112629.089552996,128075.4388432041,128568.0011394341,119050.89762106792,107303.9476902346,95010.09774782207,126508.53124530458,7649.127532695006,134542.297761285,112629.089552996,115081.13462105824,11742.253112838544,134542.297761285,95653.402542491,109773.09862462096,16435.188670400436,141282.97724335518,67416.353342249,11369.2702928824,4947.462224810472,28988.26209805632,0.1009443505048732,0.0415575381931008,0,0,0,2024-06-21 13:00:00+00:00,10000.8,11369.2702928824,-1368.4702928824008,10.1,99.0,7.5,2024-06-21,1368.4702928824008
2024-06-12 14:00:00+00:00,121110.4666281637,2024-06-12 10:00:00-04:00,2024,6,12,14,Wednesday,0,-0.2588190451025208,-0.9659258262890684,0.9749279121818238,-0.2225209339563143,0,,0,0,,,0,0,0,0,0,0,0,0,14,2,12,6,2,2024,24,-0.4999999999999997,-0.8660254037844388,0.9749279121818236,-0.2225209339563143,1.2246467991473532e-16,-1.0,0,0,1,0,0,108906.33807431089,124791.4287184365,128968.3962128115,119268.8559419058,108334.6974956852,117471.3060255035,123814.0343759143,8815.789751965021,135282.2157151634,108906.33807431089,120609.1100526047,11234.005213057291,139864.51071073263,107619.49623413789,118201.6604392713,13750.779975801564,146123.56991223458,85245.39923029671,12204.128553852815,1841.610686257904,3639.1606026602094,0.1120607741445267,0.0154408346731766,0,0,0,2024-06-12 14:00:00+00:00,10836.0,12204.128553852815,-1368.1285538528173,10.8,98.0,0.0,2024-06-12,1368.1285538528173
2024-09-16 02:00:00+00:00,116279.46345641048,2024-09-15 23:00:00-03:00,2024,9,16,2,Monday,0,0.4999999999999999,0.8660254037844386,0.0,1.0,0,,0,0,,,0,0,0,0,0,0,0,0,2,0,16,9,3,2024,38,0.4999999999999999,0.8660254037844387,0.0,1.0,-1.0,-1.8369701987210292e-16,0,0,0,0,1,103846.6533220711,98296.8151281799,102364.0928814957,107925.0570814316,117235.80861344031,107893.8304262596,102163.20180758472,7946.005467009148,116279.46345641048,92561.74433192828,114538.3162082404,15511.603647584674,141121.7258833644,92561.74433192828,114192.5598471918,13840.254195953588,146571.93081750273,91103.8787225016,12432.81013433938,8354.406374978877,8385.633030150871,0.119722781010382,0.0774093301491174,0,0,0,2024-09-16 02:00:00+00:00,11073.6,12432.81013433938,-1359.2101343393788,15.5,53.7,0.0,2024-09-16,1359.2101343393788
2025-05-18 05:00:00+00:00,120719.226321593,2025-05-18 01:00:00-04:00,2025,5,18,5,Sunday,1,0.8660254037844385,0.5000000000000001,-0.78183148246803,0.6234898018587333,0,,0,0,,,0,0,0,0,0,0,0,0,5,6,18,5,2,2025,20,0.9659258262890684,0.2588190451025207,-0.7818314824680299,0.6234898018587334,0.4999999999999999,-0.8660254037844387,1,0,0,0,1,109169.99769100313,116886.116304731,112596.6769861056,130304.6243467408,137525.1618719514,136818.46286267237,112031.65687755246,5969.391703523344,120719.226321593,104486.6182874975,112052.006633583,14798.044805910064,138695.268768079,96430.4864921939,117360.57590792076,15045.130338793497,148842.59681800002,37981.984202862,11549.228630589874,-9585.398025147806,-16099.236541079372,0.105791232709183,-0.0735614570334898,0,0,0,2025-05-18 05:00:00+00:00,10195.2,11549.228630589874,-1354.0286305898735,10.2,100.0,0.1,2025-05-18,1354.0286305898735
2024-06-25 10:00:00+00:00,138360.44865243635,2024-06-25 06:00:00-04:00,2024,6,25,10,Tuesday,0,0.7071067811865477,-0.7071067811865475,0.7818314824680299,0.6234898018587335,0,,0,0,,,0,0,0,0,1,0,0,0,10,1,25,6,2,2024,26,0.4999999999999999,-0.8660254037844387,0.7818314824680298,0.6234898018587336,1.2246467991473532e-16,-1.0,0,1,0,0,0,125369.8077229728,143003.38623290308,142045.8894369016,117454.6777930771,110978.3177026143,122916.30574064412,134461.07001586928,8165.876734494719,143003.38623290308,124236.29201820122,111526.78648496405,16230.462905052364,143003.38623290308,93121.19592491753,110116.18710916211,15270.79002443322,143003.38623290308,68330.2374148655,12990.640929463552,20905.77085935924,15444.142911792223,0.1036185758389987,0.1779901086288744,0,0,0,2024-06-25 10:00:00+00:00,11638.8,12990.640929463552,-1351.840929463553,3.8,82.1,0.0,2024-06-25,1351.840929463553
2025-01-13 03:00:00+00:00,117556.737430628,2025-01-13 00:00:00-03:00,2025,1,13,3,Monday,0,0.7071067811865476,0.7071067811865477,0.0,1.0,0,,0,0,,,0,0,0,0,0,0,1,0,3,0,13,1,1,2025,3,0.7071067811865476,0.7071067811865476,0.0,1.0,0.4999999999999999,0.8660254037844387,0,0,0,0,1,104432.7454688338,107368.5963072244,103296.7558132668,118979.05714486232,119370.2047773798,115717.1381382382,105586.65139145126,6429.658049793699,117556.737430628,99913.2545438757,121183.57832323504,15656.287310931626,146024.5590757542,99913.2545438757,114235.53077022888,14835.479667402577,146024.5590757542,83072.06921519521,13123.991961794192,-1422.319714234327,1839.599292389801,0.1256693185923263,-0.0119543703603449,0,0,0,2025-01-13 03:00:00+00:00,11815.2,13123.991961794192,-1308.7919617941916,14.6,94.7,0.0,2025-01-13,1308.7919617941916
2024-11-26 17:00:00+00:00,100124.5349378307,2024-11-26 14:00:00-03:00,2024,11,26,17,Tuesday,0,-0.9659258262890684,-0.2588190451025207,0.7818314824680299,0.6234898018587335,0,,0,0,,,0,0,0,0,0,0,0,0,17,1,26,11,4,2024,48,-0.9659258262890684,-0.2588190451025206,0.7818314824680298,0.6234898018587336,-0.5000000000000004,0.8660254037844384,0,0,1,0,0,86139.98539451341,102523.696621194,106176.4243307797,97747.5988579922,106233.6417897138,111974.53952889008,102773.1696402808,9268.989814270004,112284.87686189493,86139.98539451341,108711.5363357562,14784.238052810222,131403.2935073066,86139.98539451341,113180.95135945128,15017.802181347604,144220.03276314543,86139.98539451341,13984.549543317293,2376.9360798385023,-11850.004591059376,0.1623467833117142,0.0243170789626425,0,0,0,2024-11-26 17:00:00+00:00,12682.8,13984.549543317293,-1301.7495433172917,23.8,40.0,0.0,2024-11-26,1301.7495433172917
2025-05-18 23:00:00+00:00,94839.17883172348,2025-05-18 19:00:00-04:00,2025,5,18,23,Sunday,1,-0.5000000000000003,0.8660254037844383,-0.78183148246803,0.6234898018587333,0,,0,0,,,0,0,0,0,0,0,0,0,23,6,18,5,2,2025,20,-0.2588190451025215,0.965925826289068,-0.7818314824680299,0.6234898018587334,0.4999999999999999,-0.8660254037844387,1,0,0,0,1,91047.5392064889,89471.1895167481,87753.04526328339,101417.8892585111,107050.1051324166,117936.3743665491,90296.42088188203,2458.3057666484992,94839.17883172348,87753.04526328339,108381.95587351247,18062.630515884168,137559.55577442428,78144.766188292,114980.24491575413,15613.256367002465,139355.1219704652,37981.984202862,3791.639625234573,-6578.710426787628,-23097.19553482563,0.0416446139926465,-0.0648673569809631,0,0,0,2025-05-18 23:00:00+00:00,2617.2,3791.639625234573,-1174.4396252345732,12.3,98.3,0.1,2025-05-18,1174.4396252345732
2025-03-03 03:00:00+00:00,121558.0694313851,2025-03-03 00:00:00-03:00,2025,3,3,3,Monday,0,0.7071067811865476,0.7071067811865477,0.0,1.0,0,,0,0,,,0,0,0,0,0,1,1,0,3,0,3,3,1,2025,10,0.7071067811865476,0.7071067811865476,0.0,1.0,1.0,6.123233995736766e-17,0,0,0,0,1,108579.4092690321,110824.7983596455,107164.44361784632,115808.15008947028,105305.2660796142,119034.884180351,109162.4908668612,6737.95694255108,121558.0694313851,102978.8428737732,120681.6322597108,13169.134846252266,142552.76669303302,102847.0211073386,108364.54443914554,22414.68682641997,142552.76669303302,9032.5477305213,12978.660162353,5749.919341914821,2523.1852510340977,0.1195315046354248,0.0496503858966108,0,0,0,2025-03-03 03:00:00+00:00,11818.8,12978.660162353,-1159.8601623530012,13.2,94.6,0.0,2025-03-03,1159.8601623530012
2024-10-22 05:00:00+00:00,125784.14209292158,2024-10-22 02:00:00-03:00,2024,10,22,5,Tuesday,0,0.9659258262890684,0.2588190451025208,0.7818314824680299,0.6234898018587335,0,,0,0,,,0,0,0,0,0,0,0,0,5,1,22,10,4,2024,43,0.9659258262890684,0.2588190451025207,0.7818314824680298,0.6234898018587336,-0.8660254037844386,0.5000000000000001,0,0,0,0,1,112878.08075826892,113667.1902677322,110426.0044424542,128880.1437003737,129068.835117403,132953.1194088556,111193.05486611306,8901.781530449101,125784.14209292158,99745.6449406721,108597.3745654851,13021.880633374883,131670.26214374957,92710.337633099,113852.18635075045,14471.196025290988,143069.71091306364,79226.1412708535,12906.061334652666,-3096.001607452112,-7168.977315934011,0.114336293175389,-0.0240223320564402,0,0,0,2024-10-22 05:00:00+00:00,11811.6,12906.061334652666,-1094.4613346526658,10.9,96.2,0.0,2024-10-22,1094.4613346526658
2025-08-14 02:00:00+00:00,122188.0859983962,2025-08-13 22:00:00-04:00,2025,8,14,2,Thursday,0,0.2588190451025208,0.9659258262890684,0.4338837391175582,-0.900968867902419,0,,0,0,,,0,0,0,0,0,0,0,0,2,3,14,8,3,2025,33,0.4999999999999999,0.8660254037844387,0.4338837391175582,-0.900968867902419,-0.8660254037844385,-0.5000000000000004,0,0,0,0,1,110196.8753128177,104959.4349363721,107206.27825938018,119875.957088871,115522.4458221653,114716.1170145636,108793.47825012665,6971.483510236033,122188.0859983962,103635.0169160301,116611.1521414984,11414.734517470251,135162.04135592812,102277.1431802147,112443.54632200976,17332.139421922915,138581.26654657663,28659.22339483,11991.210685578497,2312.1289095252,7471.968983832601,0.1088162495673206,0.0192876784108684,0,0,0,2025-08-14 02:00:00+00:00,10922.4,11991.210685578497,-1068.8106855784954,11.1,100.0,0.0,2025-08-14,1068.8106855784954
2025-05-19 00:00:00+00:00,98426.284894487,2025-05-18 20:00:00-04:00,2025,5,19,0,Monday,1,-0.2588190451025215,0.9659258262890682,-0.78183148246803,0.6234898018587333,0,,0,0,,,0,0,0,0,0,0,0,0,0,0,19,5,2,2025,21,0.0,1.0,0.0,1.0,0.4999999999999999,-0.8660254037844387,0,0,0,0,1,94839.17883172348,91047.5392064889,89471.1895167481,104486.6182874975,110285.77394296772,120686.3412250951,91798.70846610768,4049.409982268236,98426.284894487,87753.04526328339,108129.44198213704,18161.545253511013,137559.55577442428,78144.766188292,114847.74458045288,15658.929253113009,139355.1219704652,37981.984202862,3587.10606276353,-6060.3333930105,-22260.056330608088,0.037823040086927,-0.0580010482905604,0,0,0,2025-05-19 00:00:00+00:00,2592.0,3587.10606276353,-995.1060627635306,11.7,99.0,0.1,2025-05-19,995.1060627635306
2025-09-16 04:00:00+00:00,122566.65094996127,2025-09-16 01:00:00-03:00,2025,9,16,4,Tuesday,0,0.8660254037844385,0.5000000000000001,0.7818314824680299,0.6234898018587335,0,,0,0,,,0,0,0,0,0,0,0,0,4,1,16,9,3,2025,38,0.8660254037844386,0.5000000000000001,0.7818314824680298,0.6234898018587336,-1.0,-1.8369701987210292e-16,0,0,0,0,1,110559.1619971671,108491.3856467893,30675.0579651331,134200.1882007318,126440.35202502982,121568.782843472,62955.11495054179,56906.89732515331,122566.65094996127,2637.4803146000004,91393.49278614264,51982.20184738537,143760.1694504811,2402.1360446,113595.03139575482,25028.58226438088,150725.06458674438,2402.1360446,12007.48895279417,-11633.537250770518,997.8681064892736,0.1086069099646562,-0.0866879354399227,0,0,0,2025-09-16 04:00:00+00:00,11044.8,12007.48895279417,-962.6889527941712,13.1,72.5,0.0,2025-09-16,962.6889527941712
2024-06-17 07:00:00+00:00,131502.8673329156,2024-06-17 03:00:00-04:00,2024,6,17,7,Monday,0,1.0,6.123233995736766e-17,0.0,1.0,0,,0,0,,,0,0,0,0,0,0,0,0,7,0,17,6,2,2024,25,0.9659258262890684,-0.2588190451025206,0.0,1.0,1.2246467991473532e-16,-1.0,0,1,0,0,0,119682.23262244288,131395.47373979742,128707.156529034,134305.6949023376,123425.6357274122,135302.0379441382,126154.11885182264,5145.088039976969,131502.8673329156,119682.23262244288,119601.09856487148,12528.668460406365,141282.97724335518,97624.18805086549,113430.36776629066,17272.973603445098,143561.16506443432,67416.353342249,11820.634710472716,-2802.827569421992,-3799.1706112225934,0.0987668298916417,-0.0208690150589676,0,0,0,2024-06-17 07:00:00+00:00,10890.0,11820.634710472716,-930.6347104727174,7.3,95.6,0.0,2024-06-17,930.6347104727174
2024-02-03 00:00:00+00:00,78300.88894937711,2024-02-02 21:00:00-03:00,2024,2,3,0,Saturday,1,0.0,1.0,-0.9749279121818236,-0.2225209339563146,0,,0,0,,,0,0,0,0,0,0,1,0,0,5,3,2,1,2024,5,0.0,1.0,-0.9749279121818236,-0.2225209339563146,0.8660254037844386,0.5000000000000001,1,0,0,0,1,63732.5583384219,65899.1707590191,18734.85412068,108183.0976990709,107680.61438646707,96394.1556680487,38104.03301278469,35148.18823926103,78300.88894937711,949.92763933,86136.15697132851,51469.20962904245,138144.612660848,949.92763933,113524.71102681312,26854.05803697725,147051.3302657383,949.92763933,14568.330610955214,-29882.20874969379,-18093.266718671584,0.2285853728575733,-0.2762188307162,0,0,0,2024-02-03 00:00:00+00:00,13669.2,14568.330610955214,-899.1306109552133,22.5,45.9,0.0,2024-02-03,899.1306109552133
2024-01-20 23:00:00+00:00,103900.605668367,2024-01-20 20:00:00-03:00,2024,1,20,23,Saturday,1,-0.2588190451025215,0.9659258262890682,-0.9749279121818236,-0.2225209339563146,0,,0,0,,,0,0,0,0,0,0,1,0,23,5,20,1,1,2024,3,-0.2588190451025215,0.965925826289068,-0.9749279121818236,-0.2225209339563146,0.4999999999999999,0.8660254037844387,1,0,0,0,1,89715.7982925987,88635.2940011657,102555.6474301584,95979.9307915958,98727.5043298573,100173.6968742888,97811.69592207891,7012.597934376343,103900.605668367,88635.2940011657,115021.08043141932,16002.0418603997,140070.08195961252,88635.2940011657,113631.9934367339,15789.614337658832,144747.1910711051,79311.1686212342,14184.8073757683,7920.674876771198,3726.9087940782047,0.158108244542461,0.0825242820185983,0,0,0,2024-01-20 23:00:00+00:00,13316.4,14184.8073757683,-868.4073757683018,23.7,50.0,0.0,2024-01-20,868.4073757683018
2024-08-03 00:00:00+00:00,106469.1121042852,2024-08-02 20:00:00-04:00,2024,8,3,0,Saturday,0,-0.2588190451025215,0.9659258262890682,-0.433883739117558,-0.900968867902419,0,,0,0,,,0,0,0,0,0,0,0,0,0,5,3,8,3,2024,31,0.0,1.0,-0.9749279121818236,-0.2225209339563146,-0.8660254037844385,-0.5000000000000004,1,0,0,0,1,95601.2130698931,81474.3970470198,96565.4194555626,112667.2537773582,110973.2504806723,106839.6107595811,95048.50034699036,8000.052709568228,106469.1121042852,81474.3970470198,110988.02517650784,14844.361867766933,135302.9023368101,81474.3970470198,118092.1258999122,13349.97471487412,142394.3855201573,81474.3970470198,10867.899034392103,-6198.141673072998,-370.4986552959017,0.1136795097615204,-0.0550128050988191,0,0,0,2024-08-03 00:00:00+00:00,10015.2,10867.899034392103,-852.6990343921025,9.2,99.0,4.6,2024-08-03,852.6990343921025
2024-10-14 01:00:00+00:00,105117.7009415984,2024-10-13 22:00:00-03:00,2024,10,14,1,Monday,0,0.2588190451025208,0.9659258262890684,0.0,1.0,0,,0,0,,,0,0,0,0,0,0,0,0,1,0,14,10,4,2024,42,0.2588190451025207,0.9659258262890684,0.0,1.0,-0.8660254037844386,0.5000000000000001,0,0,0,0,1,91581.2300295181,92908.67085527432,89261.05033958319,105375.87717445588,102991.12658313428,115296.4586050766,92931.76231841116,6176.682184346623,105117.7009415984,88506.53976479129,111155.05452111596,18191.56980395987,141311.46352974468,88506.53976479129,109937.96427348514,23423.5997394896,141311.46352974468,3484.5947225,13536.470912080302,-258.1762328574696,-10178.757663478187,0.1478083544817783,-0.0024500506167084,0,0,0,2024-10-14 01:00:00+00:00,12690.0,13536.470912080302,-846.4709120803018,11.9,60.5,0.0,2024-10-14,846.4709120803018
2024-04-30 14:00:00+00:00,118610.13140791182,2024-04-30 10:00:00-04:00,2024,4,30,14,Tuesday,0,-0.2588190451025208,-0.9659258262890684,0.7818314824680299,0.6234898018587335,0,,0,0,,,0,0,0,0,0,0,0,0,14,1,30,4,2,2024,18,-0.4999999999999997,-0.8660254037844388,0.7818314824680298,0.6234898018587336,0.8660254037844387,-0.4999999999999998,0,0,1,0,0,105927.7015830683,106531.1325276201,137505.5031915341,108888.71909097212,117129.1086874754,108371.3517675472,124706.85638793366,16381.709288960688,140143.4064080243,105927.7015830683,117961.093163775,16199.803589638788,140935.7792918421,100563.0283742534,115725.5160239523,17517.128154572707,144605.5684330479,3253.89142759,12682.429824843524,9721.412316939692,10238.77964036462,0.1197272256011141,0.0892784155980184,0,0,0,2024-04-30 14:00:00+00:00,11916.0,12682.429824843524,-766.4298248435225,12.8,94.0,13.8,2024-04-30,766.4298248435225
2024-01-07 02:00:00+00:00,122823.1509501161,2024-01-06 23:00:00-03:00,2024,1,7,2,Sunday,1,0.4999999999999999,0.8660254037844386,-0.78183148246803,0.6234898018587333,0,,0,0,,,0,0,0,0,0,0,1,0,2,6,7,1,1,2024,1,0.4999999999999999,0.8660254037844387,-0.7818314824680299,0.6234898018587334,0.4999999999999999,0.8660254037844387,1,0,0,0,1,110336.5006071056,114122.9926252204,112269.57662398052,98824.2916384159,118310.20494166052,0.0,113835.84636059788,4569.937321856691,122823.1509501161,110336.5006071056,125266.99497772648,12054.207231500615,145219.97686707898,110336.5006071056,117064.7140408457,15882.717667055278,145219.97686707898,34196.938514481895,12486.650343010508,23998.8593117002,0.0,0.1131688088194304,0.242843727122362,0,0,0,2024-01-07 02:00:00+00:00,11746.8,12486.650343010508,-739.8503430105084,13.9,91.9,0.0,2024-01-07,739.8503430105084
2024-05-15 04:00:00+00:00,135870.61712491218,2024-05-15 00:00:00-04:00,2024,5,15,4,Wednesday,0,0.7071067811865476,0.7071067811865477,0.9749279121818238,-0.2225209339563143,0,,0,0,,,0,0,0,0,0,0,0,0,4,2,15,5,2,2024,20,0.8660254037844386,0.5000000000000001,0.9749279121818236,-0.2225209339563143,0.4999999999999999,-0.8660254037844387,0,0,0,0,1,124115.24940554722,124859.99993723349,120245.2620193158,130422.6439004085,121138.62783288748,138120.5276823052,121550.08999425142,9390.29388664391,135870.61712491218,107737.6753433042,119655.54792881833,11292.43582632294,135870.61712491218,105873.0807021788,115821.41930076852,14619.458019341317,144628.9414430139,82619.64582559791,11755.367719364964,5447.973224503687,-2249.9105573930137,0.0947133231062868,0.0417716821372198,0,0,0,2024-05-15 04:00:00+00:00,11044.8,11755.367719364964,-710.5677193649644,6.7,67.7,0.0,2024-05-15,710.5677193649644
2025-07-20 18:00:00+00:00,101250.5552009921,2025-07-20 14:00:00-04:00,2025,7,20,18,Sunday,1,-0.9659258262890684,-0.2588190451025207,-0.78183148246803,0.6234898018587333,0,,0,0,,,0,0,0,0,0,0,0,0,18,6,20,7,3,2025,29,-1.0,-1.8369701987210292e-16,-0.7818314824680299,0.6234898018587334,-0.4999999999999997,-0.8660254037844388,1,0,0,1,0,89764.3385566718,106182.5252981856,109518.0327262552,97793.8340632802,99659.6244914789,106232.30203065791,106684.69560302788,10385.576418965184,119409.8240426584,89764.3385566718,115623.81258520436,16383.065416276062,140945.11581253872,89764.3385566718,117905.88546757722,15244.288239183705,148927.2266397233,89764.3385566718,11486.216644320288,3456.7211377118947,-4981.746829665819,0.1279596867643444,0.0353470254113887,0,0,0,2025-07-20 18:00:00+00:00,10807.2,11486.216644320288,-679.016644320287,10.4,100.0,0.0,2025-07-20,679.016644320287
2024-03-11 08:00:00+00:00,134335.08448123652,2024-03-11 05:00:00-03:00,2024,3,11,8,Monday,0,0.8660254037844387,-0.4999999999999997,0.0,1.0,0,,0,0,,,0,0,0,0,0,0,1,0,8,0,11,3,1,2024,11,0.8660254037844387,-0.4999999999999998,0.0,1.0,1.0,6.123233995736766e-17,0,1,0,0,0,121085.3619303325,130255.141267995,132069.9101900738,136073.6864021937,138041.30048273472,143232.2597909723,127597.38887728757,5667.0287802354405,134335.08448123652,120865.6495082571,113288.8373353751,13642.908502957129,134909.472526342,93560.29827678188,114969.58231070264,14799.353518126358,141639.14539727548,83030.2922565306,13249.722550904027,-1738.6019209571823,-8897.175309735787,0.1094246434059251,-0.0127769149710428,0,0,0,2024-03-11 08:00:00+00:00,12585.6,13249.722550904027,-664.1225509040287,12.0,98.0,0.0,2024-03-11,664.1225509040287
2025-09-19 03:00:00+00:00,127598.1109597748,2025-09-19 00:00:00-03:00,2025,9,19,3,Friday,0,0.7071067811865476,0.7071067811865477,-0.433883739117558,-0.900968867902419,1,Glorias del Ejército (Fiestas Patrias),0,1,2025-09-19,2025-09-19,0,1,0,0,0,0,0,0,3,4,19,9,3,2025,38,0.7071067811865476,0.7071067811865476,-0.433883739117558,-0.9009688679024191,-1.0,-1.8369701987210292e-16,0,0,0,0,1,116533.3353324568,113482.6114640636,115390.187018964,118365.6924938354,120658.27627844158,125316.811959074,115976.21112390731,6082.733679080528,127598.1109597748,110515.935442275,118052.8125130122,10965.40651916906,140313.6496505625,104399.4644826206,113184.25018277497,24935.60368189032,150725.06458674438,2402.1360446,11064.775627317998,9232.418465939394,2281.2990007008048,0.0949494459739903,0.0779991082840176,0,0,1,2025-09-19 03:00:00+00:00,10468.8,11064.775627317998,-595.9756273179992,8.3,96.9,0.0,2025-09-19,595.9756273179992
2024-03-27 06:00:00+00:00,127195.99234652908,2024-03-27 03:00:00-03:00,2024,3,27,6,Wednesday,0,1.0,6.123233995736766e-17,0.9749279121818238,-0.2225209339563143,0,,0,0,,,0,0,0,0,0,0,1,0,6,2,27,3,1,2024,13,1.0,6.123233995736766e-17,0.9749279121818236,-0.2225209339563143,1.0,6.123233995736766e-17,0,1,0,0,0,114972.378620993,110214.568089035,104863.492846925,137207.51768652382,125799.7950341236,141151.09302703958,111472.10845575854,8666.370059959963,127195.99234652908,104021.0814806814,108133.14574698772,16466.54356673654,137580.3971209041,84343.13752891921,112052.83208251408,17266.50481853523,142536.2161131654,25252.31866316,12223.61372553608,-10011.52533999474,-13955.1006805105,0.1063178293095186,-0.0729663032230343,0,0,0,2024-03-27 06:00:00+00:00,11638.8,12223.61372553608,-584.8137255360816,18.8,65.5,0.0,2024-03-27,584.8137255360816
2024-08-28 23:00:00+00:00,103893.5245950157,2024-08-28 19:00:00-04:00,2024,8,28,23,Wednesday,0,-0.5000000000000003,0.8660254037844383,0.9749279121818238,-0.2225209339563143,0,,0,0,,,0,0,0,0,0,0,0,0,23,2,28,8,3,2024,35,-0.2588190451025215,0.965925826289068,0.9749279121818236,-0.2225209339563143,-0.8660254037844385,-0.5000000000000004,0,0,0,0,1,93370.2537214856,96115.3961668517,108917.6755352275,106119.995064856,109533.62459105373,101591.9167062982,104338.62854339318,8068.897781630899,113107.69171204942,93370.2537214856,119689.32451169264,11916.453286662389,135583.0432872633,93370.2537214856,117502.94025774156,14710.928631873809,147815.5034149182,93370.2537214856,10523.270873530098,-2226.4704698403075,2301.607888717496,0.1127047475411173,-0.0209806876496704,0,0,0,2024-08-28 23:00:00+00:00,9954.0,10523.270873530098,-569.2708735300985,8.6,97.3,0.0,2024-08-28,569.2708735300985
2025-05-19 07:00:00+00:00,130380.8634640756,2025-05-19 03:00:00-04:00,2025,5,19,7,Monday,0,1.0,6.123233995736766e-17,0.0,1.0,0,,0,0,,,0,0,0,0,0,0,0,0,7,0,19,5,2,2025,21,0.9659258262890684,-0.2588190451025206,0.0,1.0,0.4999999999999999,-0.8660254037844387,0,1,0,0,0,127261.4294100698,127373.2685998359,121663.5374264798,135273.02229605694,138009.73605661432,138528.8398181262,122008.8996396807,7861.012030485152,130380.8634640756,110611.9480862871,108288.5671612364,18065.895308316325,137559.55577442428,78144.766188292,114282.28722354992,15280.19420951902,139355.1219704652,37981.984202862,3119.434054005804,-4892.158831981331,-8147.976354050596,0.0245120149008712,-0.0361650737814847,0,0,0,2025-05-19 07:00:00+00:00,2606.4,3119.434054005804,-513.0340540058037,12.2,100.0,0.0,2025-05-19,513.0340540058037
2025-03-21 07:00:00+00:00,122410.33717713598,2025-03-21 04:00:00-03:00,2025,3,21,7,Friday,0,0.9659258262890684,-0.2588190451025207,-0.433883739117558,-0.900968867902419,0,,0,0,,,0,0,0,0,0,0,1,0,7,4,21,3,1,2025,12,0.9659258262890684,-0.2588190451025206,-0.433883739117558,-0.9009688679024191,1.0,6.123233995736766e-17,0,1,0,0,0,110166.1929014899,119744.5747045516,116698.8045614427,135218.4334191395,130153.1177072084,134076.51832343408,114175.96834540868,6393.062976068048,122410.33717713598,106113.128635325,108566.18047313271,13882.250964995805,134849.01854698712,89191.97387768088,112552.57198064706,15325.58659971135,139258.66268031334,78332.1809694016,12244.144275646076,-12808.09624200352,-11666.1811462981,0.1111424834894196,-0.0947215251511012,0,0,0,2025-03-21 07:00:00+00:00,11761.2,12244.144275646076,-482.944275646074,11.1,100.0,0.0,2025-03-21,482.944275646074
2025-03-18 01:00:00+00:00,106897.1584928338,2025-03-17 22:00:00-03:00,2025,3,18,1,Tuesday,0,0.2588190451025208,0.9659258262890684,0.7818314824680299,0.6234898018587335,0,,0,0,,,0,0,0,0,0,0,1,0,1,1,18,3,1,2025,12,0.2588190451025207,0.9659258262890684,0.7818314824680298,0.6234898018587336,1.0,6.123233995736766e-17,0,0,0,0,1,92937.5853416834,94816.2789684389,90994.688725473,99344.104328368,96102.602789392,111284.8552553828,94507.72027419804,6367.030941846959,106897.1584928338,89072.0403975875,106011.0637988664,11829.729697660534,125035.107410881,89072.0403975875,108276.40436227048,23625.709436582445,136164.25919600308,2930.52997635,13959.573151150398,7553.054164465793,-4387.696762549007,0.1502037426497393,0.0760292139682514,0,0,0,2025-03-18 01:00:00+00:00,13492.8,13959.573151150398,-466.7731511503989,16.1,65.7,0.0,2025-03-18,466.7731511503989
2024-07-06 06:00:00+00:00,137086.67106384342,2024-07-06 02:00:00-04:00,2024,7,6,6,Saturday,1,0.9659258262890684,0.2588190451025208,-0.9749279121818236,-0.2225209339563146,0,,0,0,,,0,0,0,0,0,0,0,0,6,5,6,7,3,2024,27,1.0,6.123233995736766e-17,-0.9749279121818236,-0.2225209339563146,-0.4999999999999997,-0.8660254037844388,1,1,0,0,0,125485.8114268587,127007.68527402318,121620.2421065331,131759.34356939033,138329.43739025388,133845.8590498465,123480.53166985443,8527.024084443216,137086.67106384342,112692.9606783953,115063.0447094617,13740.608972186945,138547.65049908587,98852.9017076122,115348.5397133652,14411.19277372577,147140.4311579218,85051.88589194449,11600.859636984722,5327.327494453086,3240.8120139969105,0.0924475803684503,0.0404322558851204,0,0,0,2024-07-06 06:00:00+00:00,11196.0,11600.859636984722,-404.8596369847219,5.4,69.2,0.0,2024-07-06,404.8596369847219
2024-07-04 11:00:00+00:00,119511.7231870888,2024-07-04 07:00:00-04:00,2024,7,4,11,Thursday,0,0.4999999999999999,-0.8660254037844386,0.4338837391175582,-0.900968867902419,0,,0,0,,,0,0,0,0,1,0,0,0,11,3,4,7,3,2024,27,0.258819045102521,-0.9659258262890682,0.4338837391175582,-0.900968867902419,-0.4999999999999997,-0.8660254037844388,0,1,0,0,0,108137.7438385701,141803.2166541166,143452.69136158488,126789.06310833602,124969.8285478079,126848.7780795967,132384.3163996028,14929.005664375438,143452.69136158488,108137.7438385701,119901.83600416894,12981.450916974083,143452.69136158488,106571.9317330928,114098.31273770872,14802.644592104623,147140.4311579218,85051.88589194449,11373.979348518713,-7277.339921247214,-7337.054892507891,0.1051804757966652,-0.0573972213599293,0,0,0,2024-07-04 11:00:00+00:00,11016.0,11373.979348518713,-357.97934851871105,7.8,73.3,0.0,2024-07-04,357.97934851871105
2025-03-23 07:00:00+00:00,135586.6142800497,2025-03-23 04:00:00-03:00,2025,3,23,7,Sunday,1,0.9659258262890684,-0.2588190451025207,-0.78183148246803,0.6234898018587333,0,,0,0,,,0,0,0,0,0,0,1,0,7,6,23,3,1,2025,12,0.9659258262890684,-0.2588190451025206,-0.7818314824680299,0.6234898018587334,1.0,6.123233995736766e-17,1,1,0,0,0,124078.0394058155,119862.2264700865,123293.8322092048,135372.7754595628,122410.33717713598,127588.6275380284,122275.9576759276,7677.283048945565,135586.6142800497,112834.5235121357,113045.24351710736,14507.163574166798,137868.55430662743,94538.19758676692,111455.19906220316,15189.861139007922,139258.66268031334,82080.9564239122,11508.574874234182,213.83882048688247,7997.986742021283,0.0927527137706754,0.0015796294325867,0,0,0,2025-03-23 07:00:00+00:00,11188.8,11508.574874234182,-319.7748742341828,11.5,99.5,0.0,2025-03-23,319.7748742341828
2024-06-28 10:00:00+00:00,125046.2838301924,2024-06-28 06:00:00-04:00,2024,6,28,10,Friday,0,0.7071067811865477,-0.7071067811865475,-0.433883739117558,-0.900968867902419,0,,0,0,,,0,0,0,0,1,0,0,0,10,4,28,6,2,2024,26,0.4999999999999999,-0.8660254037844387,-0.433883739117558,-0.9009688679024191,1.2246467991473532e-16,-1.0,0,1,0,0,0,113777.687947448,115099.3046770052,132414.85815592,132422.5141867788,132486.1471829552,128568.0011394341,124347.4276537383,8148.874393802844,132414.85815592,113777.687947448,111662.83880324784,12229.849364542064,132414.85815592,91394.2668858023,111457.7637463252,15881.268994733682,143003.38623290308,68330.2374148655,11268.595882744412,-7376.230356586399,-3521.7173092416924,0.0990404716955506,-0.0557022376586385,0,0,0,2024-06-28 10:00:00+00:00,10958.4,11268.595882744412,-310.1958827444123,7.6,96.8,0.0,2024-06-28,310.1958827444123
2025-08-29 07:00:00+00:00,132798.0269869028,2025-08-29 03:00:00-04:00,2025,8,29,7,Friday,0,1.0,6.123233995736766e-17,-0.433883739117558,-0.900968867902419,0,,0,0,,,0,0,0,0,0,0,0,0,7,4,29,8,3,2025,35,0.9659258262890684,-0.2588190451025206,-0.433883739117558,-0.9009688679024191,-0.8660254037844385,-0.5000000000000004,0,1,0,0,0,122468.9409051682,131987.7680674465,131141.5275439338,132963.6117195193,137745.54989387028,131001.5870511963,126105.29488354242,6869.039023838448,132798.0269869028,115933.0915237848,117437.06161528062,9124.299678052752,133463.2138575305,105956.0935723089,117248.07234297994,13179.584141068428,142952.1707965722,91532.69004338628,10329.086081734613,-165.58473261649488,1796.4399357065122,0.0843404540399574,-0.0012453387094041,0,0,0,2025-08-29 07:00:00+00:00,10022.4,10329.086081734613,-306.68608173461143,10.1,88.8,0.0,2025-08-29,306.68608173461143
2024-03-15 02:00:00+00:00,112407.4210254235,2024-03-14 23:00:00-03:00,2024,3,15,2,Friday,0,0.4999999999999999,0.8660254037844386,-0.433883739117558,-0.900968867902419,0,,0,0,,,0,0,0,0,0,0,1,0,2,4,15,3,1,2024,11,0.4999999999999999,0.8660254037844387,-0.433883739117558,-0.9009688679024191,1.0,6.123233995736766e-17,0,0,0,0,1,99423.552961919,102158.84988687187,96876.30846244928,114434.0935479029,112805.0157238119,117439.71150932967,99806.64256527908,7023.954676981056,112407.4210254235,92270.1959831499,112237.00042430016,13845.591613029992,133943.97684749938,92270.1959831499,112428.23944210097,14387.428830245692,139305.2562687925,83030.2922565306,12983.868063504488,-2026.6725224794063,-5032.290483906181,0.1305914713033595,-0.0177103908428394,0,0,0,2024-03-15 02:00:00+00:00,12690.0,12983.868063504488,-293.8680635044875,13.8,69.6,0.0,2024-03-15,293.8680635044875
2024-03-28 07:00:00+00:00,132063.3602524475,2024-03-28 04:00:00-03:00,2024,3,28,7,Thursday,0,0.9659258262890684,-0.2588190451025207,0.4338837391175582,-0.900968867902419,0,,0,0,,,0,0,0,0,0,0,1,0,7,3,28,3,1,2024,13,0.9659258262890684,-0.2588190451025206,0.4338837391175582,-0.900968867902419,1.0,6.123233995736766e-17,0,1,0,0,0,119509.0516872482,112536.57587070252,114502.81522708353,127444.6121240348,137580.3971209041,138134.9359653957,118857.01198003972,7448.916640194079,132063.3602524475,112536.57587070252,110979.49799010916,10605.374275272812,132063.3602524475,96473.31512545,110497.62785961496,14947.880282079588,142536.2161131654,78391.87277801901,12554.308565199315,4618.748128412713,-6071.5757129481935,0.1050490183626724,0.0362412192358319,0,0,0,2024-03-28 07:00:00+00:00,12297.6,12554.308565199315,-256.7085651993166,13.8,97.4,0.0,2024-03-28,256.7085651993166
2025-05-18 06:00:00+00:00,131663.2827838183,2025-05-18 02:00:00-04:00,2025,5,18,6,Sunday,1,0.9659258262890684,0.2588190451025208,-0.78183148246803,0.6234898018587333,0,,0,0,,,0,0,0,0,0,0,0,0,6,6,18,5,2,2025,20,1.0,6.123233995736766e-17,-0.7818314824680299,0.6234898018587334,0.4999999999999999,-0.8660254037844387,1,1,0,0,0,120719.226321593,109169.99769100313,116886.116304731,134388.7321208865,138660.9358691717,142344.79040610231,116561.10096027258,8758.380361205009,131663.2827838183,108331.3056743845,111938.44624453849,14628.668005942847,138695.268768079,96430.4864921939,117296.9955054072,14961.251438562456,148842.59681800002,37981.984202862,10944.056462225286,-2725.4493370682176,-10681.507622284027,0.0906571123399233,-0.0202803411718818,0,0,0,2025-05-18 06:00:00+00:00,10688.4,10944.056462225286,-255.6564622252863,10.9,97.6,0.0,2025-05-18,255.6564622252863
2024-06-14 03:00:00+00:00,116067.0342138531,2024-06-13 23:00:00-04:00,2024,6,14,3,Friday,0,0.4999999999999999,0.8660254037844386,-0.433883739117558,-0.900968867902419,0,,0,0,,,0,0,0,0,0,0,0,0,3,4,14,6,2,2024,24,0.7071067811865476,0.7071067811865476,-0.433883739117558,-0.9009688679024191,1.2246467991473532e-16,-1.0,0,0,0,0,1,106703.2245310281,110955.8190715253,105933.92077840862,108125.5665757931,126855.78341021812,125739.912739774,109489.05165621237,3674.13523969036,116067.0342138531,105933.92077840862,123898.8838434868,13455.434822188943,143561.16506443432,105933.92077840862,119275.75457129916,13868.368888707875,146123.56991223458,85245.39923029671,9363.809682824998,7941.467638059999,-9672.878525920896,0.0877556392881275,0.0734467146814277,0,0,0,2024-06-14 03:00:00+00:00,9169.2,9363.809682824998,-194.60968282499744,12.0,99.6,0.1,2024-06-14,194.60968282499744
2024-02-17 04:00:00+00:00,127292.9713338339,2024-02-17 01:00:00-03:00,2024,2,17,4,Saturday,1,0.8660254037844385,0.5000000000000001,-0.9749279121818236,-0.2225209339563146,0,,0,0,,,0,0,0,0,0,0,1,0,4,5,17,2,1,2024,7,0.8660254037844386,0.5000000000000001,-0.9749279121818236,-0.2225209339563146,0.8660254037844386,0.5000000000000001,1,0,0,0,1,115476.46093275498,118652.9860841237,114377.4809946778,129213.83331333211,132478.68462674308,120936.4644554519,115576.70181264276,6968.102763988117,127292.9713338339,107496.3944875964,121972.19090682396,12658.021724249986,142804.5309677131,105138.50205856518,115447.5428762751,15047.87404658465,142894.4735731056,82295.51949121401,11816.510401078922,-1920.861979498208,6356.5068783820025,0.1023283040165214,-0.0148657611204853,0,0,0,2024-02-17 04:00:00+00:00,11660.4,11816.510401078922,-156.11040107892222,13.8,84.2,0.0,2024-02-17,156.11040107892222
2024-12-05 14:00:00+00:00,109956.1123061324,2024-12-05 11:00:00-03:00,2024,12,5,14,Thursday,0,-0.4999999999999997,-0.8660254037844387,0.4338837391175582,-0.900968867902419,0,,0,0,,,0,0,0,0,0,0,1,0,14,3,5,12,4,2024,49,-0.4999999999999997,-0.8660254037844388,0.4338837391175582,-0.900968867902419,-2.4492935982947064e-16,1.0,0,0,1,0,0,97049.8683854429,100431.8886187198,119486.274309,112861.187035369,109244.4110973244,116485.7210182326,113898.5584836308,13626.576318499636,129882.21915052849,97049.8683854429,112399.62230286592,12000.066146019512,131560.12862336892,97049.8683854429,115460.70572372466,13294.306606824017,141339.2228630773,94549.4714641382,12906.243920689509,-2905.0747292365995,-6529.608712100191,0.1329856921539669,-0.0257402460982993,0,0,0,2024-12-05 14:00:00+00:00,12776.4,12906.243920689509,-129.84392068950729,16.6,51.0,0.0,2024-12-05,129.84392068950729
2024-05-12 22:00:00+00:00,98469.5122175628,2024-05-12 18:00:00-04:00,2024,5,12,22,Sunday,1,-0.7071067811865477,0.7071067811865474,-0.78183148246803,0.6234898018587333,0,,0,0,,,0,0,0,0,0,0,0,0,22,6,12,5,2,2024,19,-0.5000000000000004,0.8660254037844384,-0.7818314824680299,0.6234898018587334,0.4999999999999999,-0.8660254037844387,1,0,0,0,1,86469.7876032015,82619.64582559791,96991.0918537775,97559.2820843431,106348.82402810628,97467.7520414728,93222.81616977711,6852.872598227515,98469.5122175628,82619.64582559791,108229.76958551396,15364.74769761524,133993.7297373568,82619.64582559791,117706.3867417656,14701.803572453737,144628.9414430139,82619.64582559791,11999.7246143613,910.2301332197094,1001.7601760899996,0.1387736103785342,0.0093300208219324,0,0,0,2024-05-12 22:00:00+00:00,11944.8,11999.7246143613,-54.92461436130179,10.9,70.0,0.0,2024-05-12,54.92461436130179
2025-02-27 04:00:00+00:00,118230.8273858125,2025-02-27 01:00:00-03:00,2025,2,27,4,Thursday,0,0.8660254037844385,0.5000000000000001,0.4338837391175582,-0.900968867902419,0,,0,0,,,0,0,0,1,0,0,1,0,4,3,27,2,1,2025,9,0.8660254037844386,0.5000000000000001,0.4338837391175582,-0.900968867902419,0.8660254037844386,0.5000000000000001,0,0,0,0,1,105487.35232978169,108669.9728304657,100756.5231440299,119734.7149510861,122589.49415840258,119144.9733748512,102820.8051232872,10345.52631030315,118230.8273858125,89327.3954893896,105930.52632465244,17828.75454632645,132253.187401869,65623.4710839082,105800.512114982,22552.59237802851,142109.97754187038,9032.5477305213,12743.475056030817,-1503.8875652736024,-914.1459890386903,0.1208057153258648,-0.0125601632399423,0,0,1,2025-02-27 04:00:00+00:00,12708.0,12743.475056030817,-35.47505603081663,13.2,74.9,0.0,2025-02-27,35.47505603081663
